date,product_id,region,daily_sales,price,promotion
2022-03-13,1007,Suburban,651,17.339918,0
2022-12-10,1008,Suburban,1145,19.989312,0
2023-07-15,1010,Suburban,193,8.466657,0
2023-10-09,1004,Suburban,1081,14.216814,0
2022-12-06,1002,Urban,1360,10.879973,0
2023-01-25,1004,Urban,957,14.703242,1
2022-09-28,1002,Urban,1453,9.109418,1
2022-02-10,1009,Urban,971,27.406838,0
2022-03-04,1008,Urban,1289,18.748086,0
2022-02-02,1010,Urban,1959,8.635584,1
2023-09-05,1008,Urban,743,13.07282,0
2023-04-30,1007,Suburban,1305,18.739383,0
2023-08-01,1007,Urban,551,16.582414,0
2022-07-09,1010,Urban,1611,9.100519,0
2023-02-15,1009,Urban,570,22.996634,0
2023-05-12,1008,Suburban,773,13.046985,0
2023-11-30,1001,Urban,1542,8.360351,1
2023-02-20,1002,Suburban,1638,10.741574,0
2022-07-17,1006,Urban,1746,8.790071,0
2023-02-07,1003,Suburban,783,17.111495,0
2023-07-05,1004,Rural,532,24.021017,0
2022-01-02,1010,Rural,739,17.962537,0
2022-07-27,1007,Urban,1302,16.262099,0
2022-06-02,1003,Urban,2125,10.050616,1
2022-06-10,1003,Suburban,898,11.788227,0
2023-04-15,1001,Urban,1083,9.856417,0
2022-08-14,1003,Rural,1186,16.689241,0
2022-06-07,1001,Urban,834,14.6775,1
2022-06-30,1005,Rural,800,5.527424,0
2023-07-20,1003,Urban,1098,16.960298,0
2023-05-05,1006,Urban,1208,8.182094,0
2023-02-12,1007,Urban,1474,28.698608,0
2023-02-04,1004,Suburban,1482,17.700164,1
2023-11-23,1006,Suburban,777,4.233008,0
2022-04-13,1005,Urban,2716,9.462009,1
2023-08-27,1003,Suburban,1670,17.440426,0
2023-09-26,1009,Suburban,757,33.730667,0
2023-03-23,1001,Rural,788,11.04971,1
2022-08-08,1003,Suburban,1033,14.741738,0
2023-06-06,1001,Suburban,1132,14.64402,0
2022-11-21,1010,Rural,953,17.438916,0
2023-11-22,1002,Suburban,1363,12.565116,0
2022-01-12,1010,Urban,1181,8.711886,0
2023-05-08,1007,Urban,855,29.049722,0
2022-07-11,1009,Suburban,1383,23.192243,0
2022-10-06,1005,Urban,1270,10.2818,0
2023-11-30,1004,Rural,814,20.798009,0
2023-07-19,1009,Suburban,862,39.789476,0
2022-06-12,1007,Rural,742,16.756005,0
2023-01-28,1007,Urban,1574,27.327901,0
2022-12-08,1006,Rural,547,8.662881,0
2023-09-30,1003,Urban,1153,10.563033,0
2022-07-10,1003,Suburban,1039,15.283701,1
2022-08-15,1005,Rural,709,9.867878,0
2023-10-18,1001,Suburban,1010,14.710917,0
2022-03-31,1005,Urban,1155,7.717879,0
2023-04-06,1006,Urban,756,9.465563,0
2022-08-30,1005,Suburban,1047,8.861115,0
2022-10-09,1001,Suburban,1613,13.894832,1
2023-04-21,1001,Urban,1048,13.690307,0
2023-04-03,1007,Suburban,692,18.07568,1
2022-04-05,1001,Suburban,708,8.794903,0
2022-02-23,1003,Suburban,1433,14.80046,1
2022-11-02,1002,Rural,1458,10.719341,1
2022-12-01,1004,Suburban,1388,23.210728,0
2022-03-10,1001,Suburban,485,14.860228,0
2023-01-09,1007,Urban,753,25.447522,0
2022-01-05,1002,Suburban,1068,8.760661,0
2022-02-15,1001,Suburban,917,12.832764,0
2022-02-17,1006,Urban,361,4.366468,1
2023-10-01,1003,Urban,1227,17.599554,0
2022-12-29,1008,Urban,1100,16.385362,0
2022-02-08,1009,Suburban,581,28.187434,0
2022-04-19,1009,Suburban,985,31.989553,1
2023-07-08,1008,Suburban,732,17.751007,0
2023-10-24,1006,Suburban,485,5.351997,0
2022-08-31,1008,Rural,911,10.0636,0
2022-01-26,1009,Suburban,943,26.999477,0
2022-04-23,1004,Urban,2006,21.981134,0
2022-01-10,1003,Urban,1175,15.486031,0
2022-11-25,1002,Urban,1270,9.77261,0
2022-05-17,1002,Urban,2238,7.640014,1
2022-08-17,1006,Urban,1266,4.985595,1
2022-10-22,1010,Urban,1488,15.137825,1
2023-05-18,1001,Urban,1135,9.603178,1
2023-05-15,1007,Suburban,916,26.910378,0
2023-02-15,1004,Rural,1515,23.397953,1
2022-01-15,1004,Suburban,1173,22.36484,0
2022-10-19,1002,Urban,1338,12.614391,0
2022-12-29,1008,Urban,1644,11.840217,0
2022-12-22,1008,Rural,805,10.827058,1
2022-12-12,1007,Urban,1548,27.583471,0
2023-10-23,1006,Suburban,1319,5.233479,0
2023-01-21,1004,Suburban,1115,18.054102,1
2022-06-29,1003,Urban,1369,13.623939,0
2022-03-25,1002,Suburban,852,9.671912,0
2022-05-21,1008,Suburban,564,19.597384,0
2023-01-06,1008,Suburban,326,15.439466,0
2022-09-21,1006,Suburban,477,7.863997,0
2022-11-09,1002,Rural,533,7.775777,0
2022-09-21,1005,Urban,993,10.055869,0
2022-01-07,1006,Urban,945,7.799445,0
2023-05-29,1003,Suburban,968,13.358659,0
2022-08-14,1004,Suburban,1293,23.193884,0
2022-05-08,1001,Rural,810,11.587204,0
2023-05-09,1007,Urban,596,29.766033,0
2022-12-22,1006,Rural,537,6.431489,0
2023-10-08,1006,Urban,1736,8.393107,1
2023-04-21,1010,Rural,619,11.538714,0
2022-10-23,1004,Suburban,1536,17.683514,0
2023-02-10,1006,Suburban,642,4.187099,0
2023-04-27,1001,Suburban,1110,12.363328,0
2023-09-08,1001,Urban,726,13.733716,1
2022-01-17,1002,Urban,935,13.601899,0
2022-07-19,1005,Suburban,1230,6.548466,1
2022-12-01,1010,Suburban,562,14.974203,1
2023-01-07,1007,Suburban,1224,27.433732,1
2022-07-02,1002,Rural,1072,9.235884,0
2022-01-16,1006,Urban,1660,6.505037,0
2023-08-31,1007,Urban,1009,26.981749,0
2023-11-28,1001,Urban,502,10.788012,0
2022-05-22,1001,Urban,1477,10.07902,0
2023-08-08,1009,Urban,1388,23.110939,1
2022-12-10,1006,Rural,817,6.804409,1
2023-07-29,1004,Urban,2097,13.564404,1
2023-06-01,1001,Rural,838,8.404899,1
2023-05-05,1004,Rural,280,24.952365,0
2023-08-03,1008,Suburban,1850,16.961034,0
2022-06-19,1009,Urban,2053,33.771434,1
2023-08-25,1006,Urban,2058,7.195615,1
2022-12-15,1002,Suburban,945,11.296896,0
2023-07-25,1003,Rural,927,18.672942,0
2022-01-07,1004,Suburban,1696,12.066887,1
2023-06-08,1002,Rural,976,6.051087,1
2022-12-31,1008,Urban,1114,19.132335,0
2023-04-29,1005,Urban,1865,5.474859,1
2023-04-19,1001,Suburban,1506,12.160771,0
2023-04-27,1003,Urban,813,12.736267,0
2022-06-06,1009,Urban,1932,39.32057,1
2022-03-25,1008,Urban,1262,14.771133,1
2022-06-12,1010,Rural,848,11.685263,0
2023-08-14,1009,Rural,930,31.342341,1
2023-07-12,1005,Rural,1558,6.73278,1
2022-12-10,1006,Suburban,1552,6.59948,0
2023-05-10,1002,Suburban,424,11.559855,0
2023-08-11,1006,Suburban,1128,9.919976,0
2022-08-30,1004,Urban,1617,13.142264,1
2022-03-31,1010,Urban,344,14.89465,0
2023-09-27,1001,Rural,734,12.963424,0
2022-01-07,1004,Urban,1185,20.590662,1
2023-12-01,1010,Suburban,789,8.603521,0
2023-11-16,1010,Urban,1153,9.821179,0
2023-07-03,1002,Urban,673,11.441826,0
2022-01-24,1001,Rural,1197,10.978453,1
2023-02-24,1002,Rural,700,10.84951,0
2023-09-29,1010,Rural,630,10.106622,0
2023-04-23,1001,Urban,1419,14.799766,1
2023-09-15,1009,Urban,1173,34.82296,1
2022-01-28,1006,Suburban,1142,5.95114,0
2023-09-22,1007,Suburban,526,17.546369,0
2022-11-09,1004,Suburban,1113,12.476729,1
2022-06-05,1001,Rural,1024,14.049513,1
2022-10-09,1002,Urban,1545,8.529249,0
2022-08-05,1008,Suburban,875,17.669439,0
2022-05-31,1002,Urban,742,11.387459,0
2022-07-12,1006,Rural,874,9.028692,0
2023-08-11,1010,Rural,767,17.186778,0
2023-07-29,1009,Urban,1134,44.429355,0
2022-04-12,1009,Urban,1508,40.196149,0
2023-08-24,1001,Urban,638,10.298669,0
2022-11-01,1003,Urban,305,10.146671,0
2022-03-26,1010,Suburban,1645,16.633336,0
2022-10-31,1010,Urban,1448,14.079051,0
2022-04-27,1005,Urban,1958,11.286214,0
2022-11-30,1005,Suburban,392,6.99411,0
2023-08-12,1010,Suburban,1401,12.135491,1
2022-11-08,1010,Suburban,729,17.177525,0
2023-07-13,1001,Urban,1270,14.659823,0
2023-01-13,1009,Suburban,1121,39.248618,0
2022-07-21,1008,Rural,659,19.71436,0
2022-08-14,1005,Urban,3169,6.249122,1
2023-03-17,1010,Urban,398,12.967669,0
2022-06-16,1002,Urban,1455,10.825755,0
2022-03-14,1004,Urban,1249,16.20383,1
2023-03-04,1001,Rural,892,14.160554,0
2022-06-21,1010,Urban,519,14.618392,0
2023-07-02,1004,Urban,1287,21.812892,0
2023-05-30,1001,Urban,1702,14.490245,1
2022-11-17,1005,Suburban,1291,9.3651,1
2023-05-24,1005,Rural,1420,5.253123,1
2023-03-25,1009,Urban,1247,31.180064,1
2022-04-11,1006,Suburban,587,6.346257,1
2023-11-01,1002,Suburban,689,7.69586,0
2022-09-23,1002,Urban,1730,12.579845,1
2023-01-16,1001,Suburban,1380,13.776405,1
2022-06-22,1002,Suburban,865,10.396236,0
2022-05-10,1006,Urban,732,4.368098,0
2023-04-02,1002,Urban,1414,9.442697,0
2023-09-01,1003,Urban,1137,18.139703,0
2022-03-04,1004,Suburban,900,22.297217,0
2023-08-21,1006,Rural,929,8.742026,1
2022-08-30,1007,Suburban,586,24.439482,0
2023-01-30,1004,Urban,1510,13.275074,0
2023-03-12,1002,Suburban,980,12.876522,0
2022-05-10,1001,Suburban,588,13.886101,1
2022-07-19,1007,Suburban,1089,18.40447,1
2022-03-28,1003,Urban,1396,10.84792,1
2022-08-20,1008,Urban,1279,14.239017,0
2023-03-18,1007,Suburban,1132,26.46559,0
2022-11-25,1001,Urban,1155,10.673577,1
2023-01-13,1004,Suburban,1188,16.188802,0
2022-10-15,1005,Rural,813,9.59535,0
2022-05-04,1007,Urban,678,19.10687,0
2022-08-10,1008,Rural,631,20.33644,0
2022-10-29,1005,Suburban,1341,9.593133,0
2023-04-11,1009,Rural,896,22.698593,0
2022-10-05,1003,Urban,1908,15.083605,0
2022-08-17,1007,Suburban,1711,17.401075,1
2023-04-28,1005,Rural,1029,6.428249,0
2023-05-15,1002,Urban,1298,10.193273,1
2023-08-10,1009,Rural,872,31.757976,0
2022-08-15,1004,Suburban,1459,13.791698,1
2022-07-07,1005,Urban,881,9.496279,0
2023-08-17,1008,Suburban,1667,17.225748,0
2023-06-26,1003,Urban,1109,13.734626,0
2023-04-21,1002,Urban,1550,11.885305,0
2022-02-16,1001,Suburban,832,13.878616,0
2022-02-19,1005,Urban,844,6.157059,0
2023-03-02,1001,Rural,869,10.638399,1
2023-08-25,1010,Rural,1185,8.806015,1
2022-07-01,1008,Suburban,1064,14.786032,1
2022-08-08,1008,Urban,955,13.308638,0
2023-08-05,1006,Urban,1726,4.201682,1
2023-10-01,1002,Urban,932,7.894274,0
2022-05-22,1007,Urban,2199,17.971464,1
2023-03-01,1005,Suburban,523,5.154246,0
2023-07-27,1007,Suburban,1440,16.015025,1
2023-06-01,1006,Rural,886,9.674189,0
2022-12-10,1003,Suburban,930,13.559734,0
2022-03-09,1007,Rural,773,26.351273,0
2023-01-16,1006,Urban,1194,8.632075,0
2022-08-15,1003,Rural,712,11.054737,0
2022-09-25,1003,Urban,484,17.928544,0
2022-04-14,1009,Urban,1613,33.004763,1
2022-10-10,1007,Suburban,799,17.763373,0
2023-10-11,1006,Rural,872,8.821621,1
2022-06-11,1007,Urban,1049,15.189113,1
2023-10-07,1004,Rural,757,24.654946,0
2023-01-12,1002,Urban,2175,9.674122,1
2022-08-06,1010,Urban,1193,9.006375,0
2022-10-06,1003,Suburban,622,18.414476,1
2022-06-05,1002,Urban,1756,11.453356,0
2023-08-02,1008,Urban,1125,13.663728,0
2023-04-05,1005,Suburban,2074,6.629342,1
2023-08-26,1006,Suburban,496,5.360382,0
2022-09-27,1004,Urban,565,23.934995,0
2022-10-11,1003,Rural,495,18.293947,0
2023-04-10,1006,Urban,1470,5.451363,0
2022-08-10,1005,Urban,843,11.140676,0
2023-03-08,1007,Suburban,1322,15.520054,1
2023-11-15,1005,Urban,1645,10.805008,1
2023-08-11,1007,Urban,1311,21.966499,0
2023-05-20,1006,Suburban,685,7.074183,0
2022-06-11,1003,Suburban,1827,14.728971,1
2023-07-27,1006,Rural,573,4.840145,0
2023-03-08,1001,Suburban,888,9.964783,0
2023-08-25,1001,Urban,221,9.529569,0
2023-06-13,1009,Rural,374,22.84596,0
2023-10-21,1007,Suburban,1815,17.478059,1
2023-03-21,1008,Suburban,873,13.712473,0
2022-12-09,1005,Urban,1371,5.283911,0
2023-10-21,1001,Suburban,1219,12.174251,0
2022-04-15,1010,Urban,1919,13.986924,1
2023-03-30,1009,Urban,1189,23.01396,0
2022-09-25,1008,Rural,792,16.926399,0
2022-10-04,1009,Suburban,335,37.312321,0
2022-07-07,1009,Urban,1228,31.253084,1
2022-04-28,1008,Rural,401,18.46703,0
2022-07-12,1005,Suburban,853,8.620676,0
2023-01-27,1001,Urban,1729,10.552156,1
2023-01-11,1004,Urban,1526,13.765258,1
2022-05-05,1010,Urban,1230,12.58523,0
2022-03-28,1005,Rural,750,8.817668,0
2022-11-01,1006,Suburban,895,7.193545,0
2022-04-19,1003,Urban,876,19.664174,1
2022-05-19,1008,Rural,512,12.487708,0
2022-06-14,1008,Urban,1162,20.230693,1
2023-07-13,1005,Suburban,1036,11.089784,0
2023-06-08,1001,Suburban,627,13.282349,0
2023-02-11,1006,Suburban,1044,6.319243,0
2022-03-23,1001,Rural,1717,12.139847,1
2022-12-03,1009,Urban,758,41.174221,0
2023-05-09,1003,Urban,1340,17.625964,0
2022-10-04,1006,Suburban,641,6.152293,0
2023-01-05,1009,Suburban,1660,27.365485,1
2023-10-10,1005,Suburban,1053,10.382459,0
2023-01-19,1002,Urban,1249,11.056719,0
2023-10-19,1003,Suburban,343,15.006243,0
2023-05-23,1002,Suburban,816,8.340121,0
2022-08-21,1007,Suburban,1389,18.289109,0
2022-07-02,1009,Suburban,50,34.64662,0
2022-02-22,1002,Urban,1604,12.431668,1
2022-10-17,1007,Suburban,1000,15.814981,0
2022-10-21,1010,Suburban,862,16.957267,1
2023-10-30,1005,Rural,654,6.892753,0
2023-09-16,1003,Urban,1288,19.363212,1
2023-09-24,1010,Suburban,1042,10.542314,1
2023-06-17,1001,Suburban,1647,11.327846,1
2023-07-07,1005,Suburban,601,9.440969,0
2022-04-10,1009,Urban,1216,41.2587,0
2023-09-13,1006,Rural,881,4.754346,0
2022-03-06,1005,Suburban,978,11.231505,0
2022-02-13,1001,Urban,1365,9.693222,0
2023-01-22,1004,Rural,652,17.255767,0
2022-08-18,1009,Rural,655,26.681316,0
2023-05-16,1009,Urban,1643,28.545093,0
2023-09-15,1005,Suburban,1478,10.808342,1
2023-05-04,1006,Urban,2491,9.624271,1
2023-10-07,1004,Rural,1980,20.379685,1
2022-01-26,1010,Urban,1235,16.471944,0
2023-02-16,1005,Suburban,1731,11.631767,1
2022-01-05,1009,Suburban,1055,32.432811,0
2023-07-27,1002,Urban,1841,12.086835,1
2022-06-10,1008,Urban,1146,11.643989,0
2022-09-09,1006,Urban,1097,5.557251,0
2022-09-17,1006,Suburban,1609,8.97635,1
2023-06-04,1005,Rural,1126,10.028318,1
2022-04-03,1001,Urban,727,11.49227,0
2022-06-19,1010,Rural,1071,15.288614,0
2022-09-22,1003,Rural,611,11.53807,0
2023-02-08,1009,Suburban,974,43.773215,0
2022-03-23,1004,Urban,1134,20.536204,0
2022-07-12,1010,Rural,1079,10.824787,1
2022-10-09,1008,Suburban,969,20.075916,0
2023-04-07,1007,Rural,689,22.463098,0
2023-05-09,1003,Suburban,1353,10.711583,0
2022-07-08,1003,Urban,1965,13.526026,1
2023-08-04,1007,Urban,1348,20.877359,0
2023-10-12,1009,Urban,870,20.252265,0
2023-05-26,1004,Rural,578,20.328263,0
2022-07-25,1005,Suburban,1109,11.996807,1
2023-07-25,1006,Suburban,652,6.486818,0
2023-05-20,1009,Urban,1438,35.803987,0
2022-03-22,1001,Suburban,856,14.530474,0
2023-02-11,1007,Suburban,1350,15.778429,1
2023-07-15,1004,Urban,1213,21.451738,0
2023-06-28,1001,Urban,1365,8.112433,0
2022-11-11,1010,Suburban,1167,13.010879,1
2022-12-02,1003,Urban,994,18.000035,0
2022-01-22,1004,Suburban,1127,20.745139,0
2023-08-18,1007,Suburban,694,17.442226,1
2022-03-10,1001,Rural,883,8.478472,0
2023-07-13,1003,Suburban,949,17.848618,0
2023-02-08,1003,Suburban,887,12.778528,0
2022-11-18,1010,Suburban,1895,15.045544,1
2022-07-27,1003,Urban,859,16.307005,0
2022-08-18,1007,Urban,1038,25.436962,0
2022-10-10,1005,Urban,1147,9.732184,1
2023-03-28,1004,Urban,1278,14.634224,0
2022-05-17,1001,Urban,1202,11.15178,0
2022-06-15,1010,Suburban,640,15.483843,0
2022-02-12,1009,Urban,1657,35.942206,1
2023-04-25,1007,Urban,1021,18.230166,1
2022-10-02,1007,Rural,433,22.402515,1
2023-08-26,1010,Suburban,771,11.711129,0
2023-11-25,1007,Urban,1257,27.897358,0
2023-11-11,1010,Urban,2893,17.362806,1
2022-09-13,1010,Urban,804,12.076329,0
2022-05-01,1001,Suburban,793,9.123238,0
2022-03-10,1003,Rural,601,10.079644,0
2022-02-21,1009,Urban,1119,25.401503,0
2022-04-07,1010,Urban,1125,11.18609,0
2022-09-18,1003,Urban,1623,18.587643,0
2023-10-15,1009,Urban,1441,38.048231,0
2023-10-08,1007,Urban,1346,23.120544,1
2023-11-05,1010,Suburban,1367,13.192246,0
2023-01-17,1006,Urban,1120,7.341271,0
2022-12-20,1010,Urban,1736,12.119581,1
2022-10-22,1001,Suburban,1658,9.443765,1
2023-07-28,1010,Suburban,658,15.927581,0
2022-05-24,1005,Urban,2139,10.749719,1
2022-12-05,1006,Suburban,939,8.923593,0
2023-07-14,1009,Rural,558,38.577038,1
2022-12-01,1002,Urban,1468,7.852387,1
2023-07-28,1006,Suburban,464,4.271916,0
2023-04-27,1001,Urban,577,13.409667,0
2023-03-05,1009,Suburban,2095,38.962547,1
2023-03-18,1007,Suburban,645,28.623427,0
2023-04-15,1010,Rural,609,12.149712,0
2023-08-29,1009,Urban,1461,41.715991,0
2023-10-20,1002,Urban,1470,10.394741,1
2023-01-13,1001,Suburban,1488,9.949203,1
2023-04-25,1007,Suburban,967,16.325774,1
2023-02-09,1001,Suburban,1074,14.219249,0
2023-05-19,1006,Urban,1321,9.976946,0
2023-11-19,1001,Suburban,934,13.786564,0
2023-04-04,1003,Suburban,1264,15.661807,0
2023-03-09,1006,Urban,1210,8.573816,1
2023-06-21,1005,Rural,766,10.131025,0
2023-11-26,1003,Rural,661,16.185271,0
2023-04-13,1002,Suburban,1262,13.593606,1
2023-10-07,1008,Rural,1025,10.652689,0
2022-09-17,1010,Suburban,803,8.423423,1
2023-01-10,1002,Urban,1315,7.371473,1
2022-04-04,1006,Suburban,964,9.002752,0
2023-10-22,1008,Urban,1643,10.380925,0
2023-06-03,1004,Urban,1424,20.884899,0
2022-08-22,1009,Rural,720,37.280295,0
2022-11-05,1005,Urban,1156,5.497244,0
2023-07-18,1002,Urban,811,9.507654,0
2022-12-26,1008,Urban,1275,12.636481,0
2022-04-11,1004,Suburban,534,14.2115,0
2023-10-04,1008,Urban,1271,17.406626,0
2023-03-22,1008,Suburban,1154,20.504868,0
2022-03-30,1005,Urban,1739,10.439345,0
2022-08-06,1001,Suburban,1842,9.366166,1
2022-08-15,1006,Rural,646,8.191184,0
2023-08-12,1001,Rural,894,12.055201,0
2022-07-06,1007,Rural,1080,17.779055,1
2023-02-26,1002,Rural,525,13.759412,0
2022-03-17,1003,Rural,1404,17.959264,1
2023-02-10,1005,Rural,766,10.261733,0
2023-04-26,1004,Suburban,485,15.821338,0
2022-08-17,1008,Rural,1091,15.595593,1
2022-01-13,1002,Suburban,1038,12.620424,1
2022-05-23,1007,Suburban,1316,28.659086,0
2023-10-11,1004,Urban,1367,12.324632,1
2022-03-13,1001,Suburban,1587,14.456572,1
2022-09-30,1003,Suburban,983,18.564934,0
2023-05-14,1002,Urban,911,10.197885,1
2022-03-04,1008,Urban,1572,17.167509,1
2022-09-01,1002,Suburban,779,11.912536,0
2022-08-16,1004,Suburban,573,13.026212,0
2023-04-17,1008,Suburban,722,14.470107,1
2023-10-16,1008,Suburban,1154,12.272721,0
2022-07-30,1010,Suburban,998,17.043598,0
2022-06-11,1009,Suburban,902,38.936611,0
2023-01-13,1006,Urban,1423,7.622782,0
2022-09-07,1001,Urban,1229,12.425667,0
2023-10-25,1007,Suburban,989,25.495349,1
2022-01-05,1008,Rural,762,17.020941,1
2023-08-25,1003,Suburban,825,17.894923,0
2023-11-27,1009,Urban,1294,21.319131,1
2022-07-10,1005,Suburban,984,9.821338,0
2023-11-18,1003,Urban,1275,11.560358,0
2022-09-26,1008,Rural,795,15.509488,1
2022-08-05,1005,Rural,873,7.182615,0
2023-01-19,1001,Rural,1058,9.673998,1
2022-05-02,1003,Urban,1225,16.11831,0
2023-02-02,1004,Urban,1233,15.615294,0
2022-08-25,1004,Urban,885,16.130031,0
2023-01-06,1002,Rural,1102,9.036934,1
2023-02-27,1006,Suburban,1132,4.878618,0
2023-09-10,1004,Suburban,1225,22.97476,0
2023-03-23,1004,Urban,2271,16.495479,1
2023-05-30,1001,Urban,1163,14.98336,1
2022-05-05,1009,Urban,822,33.661464,0
2023-05-09,1009,Suburban,827,29.827598,1
2022-04-09,1003,Suburban,1254,19.482515,0
2022-02-23,1002,Rural,597,7.709585,0
2022-12-30,1005,Suburban,798,9.884014,1
2023-08-14,1002,Urban,787,8.171936,0
2023-07-09,1008,Urban,997,12.712949,0
2022-03-17,1004,Suburban,1096,15.735247,0
2023-03-07,1005,Suburban,528,9.003971,0
2022-08-12,1004,Suburban,932,20.836064,0
2022-08-09,1003,Suburban,511,13.119119,0
2022-05-28,1006,Rural,682,8.038553,1
2022-10-27,1007,Suburban,1167,27.991523,0
2022-05-24,1004,Urban,1738,20.383196,0
2022-11-02,1007,Urban,1009,22.383485,0
2023-06-15,1002,Suburban,401,7.007642,0
2023-10-18,1010,Rural,669,8.183861,1
2023-02-25,1008,Suburban,916,17.805103,0
2023-08-24,1009,Rural,669,31.633423,0
2023-03-11,1004,Suburban,1706,19.125888,1
2022-06-05,1002,Urban,2154,12.718563,1
2023-02-24,1006,Urban,450,8.361033,1
2022-10-21,1001,Rural,508,12.632842,0
2023-08-22,1006,Suburban,960,7.339471,1
2023-09-08,1002,Urban,1002,13.129601,1
2022-09-08,1003,Urban,697,18.236064,0
2023-08-24,1006,Suburban,1076,4.828093,1
2023-06-12,1008,Urban,213,21.946827,0
2022-11-22,1005,Urban,1676,7.552695,0
2022-08-31,1004,Suburban,1590,18.499467,1
2022-02-12,1004,Suburban,1306,24.525239,1
2023-07-05,1009,Urban,993,44.386826,0
2023-09-02,1010,Urban,2881,10.523119,1
2023-01-11,1008,Suburban,1251,10.895661,1
2023-07-17,1010,Suburban,787,15.665273,0
2023-01-01,1004,Urban,1648,15.994107,1
2022-11-09,1007,Urban,866,20.089579,0
2023-05-15,1001,Urban,1020,10.804929,0
2023-07-30,1006,Urban,304,6.732299,0
2023-03-17,1002,Urban,743,10.814454,0
2023-05-31,1001,Urban,777,8.409957,0
2022-10-19,1003,Urban,1323,15.402789,0
2022-09-17,1003,Urban,1444,13.191235,0
2022-08-10,1006,Suburban,1608,6.158765,0
2023-01-25,1010,Rural,824,13.806452,0
2022-06-04,1010,Rural,180,11.418473,1
2022-06-21,1005,Urban,1127,11.316823,0
2022-07-15,1010,Urban,867,11.531029,0
2022-03-26,1006,Suburban,1215,7.246683,0
2023-03-29,1009,Urban,1462,35.108983,1
2022-12-05,1007,Urban,770,23.970137,0
2022-05-02,1003,Rural,915,11.453267,0
2023-05-11,1008,Suburban,705,11.362488,0
2023-03-04,1009,Rural,607,21.139629,0
2023-12-01,1009,Rural,1025,26.146186,1
2023-10-20,1009,Urban,698,36.809745,0
2023-04-26,1009,Urban,1270,22.86884,0
2023-01-05,1006,Suburban,917,5.991919,0
2022-11-05,1007,Suburban,1503,25.95365,1
2022-10-02,1007,Suburban,1050,20.012891,0
2023-02-14,1004,Rural,793,17.97538,0
2023-03-20,1006,Urban,1362,9.96449,0
2023-05-04,1005,Urban,870,9.684533,0
2022-11-09,1002,Suburban,547,7.590512,0
2023-03-08,1008,Urban,496,18.339437,0
2023-09-21,1001,Urban,1236,8.426501,0
2023-07-04,1002,Urban,1375,6.837408,1
2022-12-10,1008,Urban,1384,16.256524,1
2022-12-11,1001,Rural,1109,13.658764,0
2023-03-15,1001,Urban,548,10.693128,0
2023-07-05,1006,Suburban,1174,8.289397,0
2022-06-17,1009,Suburban,1124,36.721913,0
2022-09-18,1003,Suburban,2368,16.790666,1
2023-04-30,1009,Urban,1554,23.453132,0
2022-11-04,1005,Urban,2526,11.521886,1
2022-03-30,1010,Suburban,1317,9.518862,1
2022-04-16,1002,Rural,603,7.177817,0
2023-01-02,1003,Urban,1578,19.215134,0
2022-09-27,1009,Urban,751,21.560783,1
2023-07-08,1002,Urban,1068,10.367388,1
2022-08-03,1002,Urban,1295,6.430178,1
2023-08-25,1003,Urban,1397,10.842554,0
2022-02-28,1008,Rural,537,17.762047,0
2023-04-09,1008,Rural,1227,20.189176,1
2023-04-29,1010,Suburban,434,12.772001,0
2022-09-10,1003,Rural,1022,19.221919,0
2022-12-01,1002,Urban,1409,12.899972,1
2022-09-13,1009,Urban,1218,20.267882,1
2023-04-22,1009,Urban,964,29.918876,0
2023-03-21,1008,Suburban,861,19.420767,0
2023-05-18,1001,Urban,1110,10.245982,0
2023-09-09,1005,Rural,1283,8.99533,0
2023-11-05,1004,Suburban,1086,24.074503,0
2022-06-10,1002,Urban,1366,11.749745,1
2022-02-25,1002,Urban,826,9.61762,0
2023-05-14,1001,Rural,1240,8.222057,1
2023-08-05,1008,Urban,1344,21.905628,0
2023-03-11,1009,Urban,569,23.046988,0
2023-01-04,1006,Rural,1087,5.748166,1
2023-06-27,1003,Urban,602,13.393228,0
2022-10-05,1007,Urban,1016,19.894232,1
2022-11-17,1004,Rural,957,24.420826,0
2022-03-06,1006,Urban,1245,4.086287,0
2023-03-28,1007,Suburban,1788,26.318054,1
2022-05-30,1002,Urban,1364,7.246186,0
2023-02-14,1006,Urban,1548,5.259386,0
2022-05-10,1007,Urban,1310,29.718864,1
2023-11-12,1007,Suburban,1127,28.764709,0
2023-06-02,1009,Urban,730,34.911677,0
2022-02-25,1003,Urban,936,15.865118,0
2022-04-24,1002,Suburban,921,11.470961,0
2022-06-15,1009,Suburban,1140,25.053735,0
2022-11-14,1008,Rural,590,11.337852,0
2022-06-01,1005,Suburban,1708,5.566676,1
2022-06-06,1002,Urban,1704,11.903422,1
2023-06-22,1005,Rural,687,7.966391,0
2022-09-30,1005,Urban,1208,7.185343,1
2023-09-22,1003,Rural,420,16.232104,1
2023-04-09,1001,Urban,1798,11.249428,0
2022-11-30,1009,Urban,427,27.297779,0
2023-05-29,1004,Suburban,634,23.673418,0
2023-08-01,1010,Suburban,123,8.220858,0
2022-07-02,1002,Urban,2253,13.803283,1
2022-01-18,1006,Suburban,1128,5.967057,0
2022-03-25,1007,Suburban,1061,17.727265,0
2023-06-13,1005,Urban,1234,8.62654,0
2023-09-23,1008,Rural,1178,13.106851,1
2023-02-01,1003,Suburban,1130,17.074263,0
2022-11-26,1005,Urban,714,9.6668,0
2023-06-06,1010,Urban,1216,16.131477,0
2022-08-24,1006,Suburban,1491,9.535871,1
2023-07-10,1006,Urban,1009,9.113274,0
2022-04-30,1002,Urban,1249,10.91349,0
2022-12-18,1002,Urban,1437,12.765339,0
2022-02-26,1010,Suburban,1441,10.624084,0
2023-09-14,1003,Suburban,836,13.501987,0
2022-08-06,1004,Rural,1267,21.111254,1
2022-05-20,1003,Urban,1445,19.246418,0
2022-12-05,1005,Urban,1415,8.914527,0
2022-09-15,1002,Urban,930,6.084409,0
2023-06-28,1007,Suburban,1316,17.879332,1
2022-02-09,1002,Rural,425,9.218984,0
2023-02-25,1001,Urban,1236,9.767713,0
2022-09-12,1007,Rural,750,21.382585,0
2023-06-05,1010,Rural,1296,11.879728,1
2023-01-03,1002,Suburban,1293,12.504502,1
2022-04-11,1001,Urban,1313,8.446562,0
2022-10-08,1006,Rural,1051,6.430891,0
2022-03-04,1005,Urban,863,9.151393,1
2023-05-28,1010,Rural,1069,9.680201,0
2023-03-22,1010,Suburban,635,15.010976,0
2022-08-27,1001,Suburban,1655,10.577751,0
2022-03-21,1007,Rural,1608,21.65345,1
2023-05-18,1001,Urban,1661,10.988008,1
2022-07-26,1010,Rural,589,12.016969,0
2023-04-13,1002,Urban,1415,12.240385,0
2022-11-21,1005,Urban,1502,7.304614,1
2022-03-19,1003,Suburban,964,11.843014,0
2023-03-21,1010,Urban,1054,10.902551,0
2022-04-05,1001,Rural,893,14.211972,0
2023-05-01,1008,Rural,778,13.390603,0
2023-07-06,1003,Rural,458,11.545208,0
2022-07-03,1004,Urban,1572,23.82474,0
2022-02-11,1008,Urban,410,21.308457,0
2023-04-11,1004,Suburban,997,18.933206,0
2022-10-12,1005,Urban,602,6.590827,1
2022-12-10,1009,Suburban,1096,39.916122,0
2023-01-14,1001,Suburban,310,8.063609,0
2022-03-23,1002,Suburban,1358,11.744113,1
2022-09-12,1009,Rural,968,34.989932,0
2022-05-30,1009,Rural,582,25.757981,0
2022-05-13,1007,Urban,953,25.667401,0
2022-01-17,1010,Suburban,1133,15.159847,0
2022-11-10,1002,Urban,680,8.226141,0
2022-03-15,1002,Urban,746,8.031878,1
2022-10-04,1004,Urban,1047,17.081927,0
2023-04-24,1009,Urban,1271,22.287188,1
2023-08-12,1008,Urban,564,14.910191,0
2023-01-31,1007,Rural,1321,29.810527,1
2022-12-02,1008,Suburban,1228,16.831575,0
2022-04-26,1007,Urban,844,18.492878,0
2023-01-31,1004,Urban,1089,13.732695,0
2023-08-24,1006,Urban,1244,6.99729,1
2023-01-08,1005,Urban,1212,11.063286,0
2023-05-29,1006,Suburban,188,4.640271,0
2022-11-10,1004,Suburban,1512,20.079743,0
2023-07-19,1005,Urban,1265,5.787522,0
2022-03-05,1003,Urban,1581,16.028929,0
2022-02-15,1001,Rural,1260,11.599589,1
2022-07-29,1006,Suburban,1007,4.385431,0
2022-01-10,1002,Suburban,968,13.451832,1
2022-12-12,1005,Urban,529,10.007256,0
2022-02-16,1001,Urban,1034,11.215126,0
2022-06-23,1010,Urban,1428,17.376615,0
2023-03-24,1006,Urban,1569,7.634522,1
2022-03-25,1010,Suburban,2017,9.894434,1
2023-03-08,1008,Urban,1536,13.920867,0
2022-08-09,1003,Urban,1657,16.752308,1
2022-05-09,1010,Urban,1088,11.43301,0
2022-03-23,1006,Suburban,654,9.00675,0
2022-07-28,1008,Urban,908,21.447241,0
2023-03-25,1008,Urban,1213,10.175766,0
2022-07-26,1008,Urban,1249,17.124215,0
2023-04-27,1005,Urban,1066,7.063721,1
2023-06-22,1007,Rural,837,18.346295,0
2022-11-06,1001,Suburban,598,10.349777,0
2023-01-07,1003,Urban,1308,10.86783,0
2023-09-04,1009,Urban,1518,37.066779,0
2023-11-02,1010,Suburban,1164,11.417488,1
2023-05-29,1007,Urban,963,16.605437,1
2022-01-12,1004,Suburban,1220,24.170295,0
2022-04-10,1010,Suburban,768,16.756851,0
2022-09-17,1006,Suburban,688,8.938021,0
2022-09-12,1010,Urban,1209,9.773514,0
2022-02-21,1004,Urban,1082,22.336434,0
2022-07-23,1001,Urban,1597,13.472103,0
2022-05-21,1003,Suburban,1174,17.274771,0
2023-11-14,1005,Urban,1052,7.525644,1
2022-01-26,1006,Suburban,1665,6.068619,1
2022-12-20,1001,Suburban,1008,10.921681,0
2023-05-06,1006,Urban,879,7.036268,0
2022-11-24,1008,Rural,995,18.277495,0
2022-08-17,1010,Suburban,887,16.13142,1
2023-06-18,1005,Rural,1041,10.172513,0
2022-05-24,1002,Urban,1105,9.532031,0
2023-03-01,1002,Suburban,2058,9.938936,1
2023-06-22,1010,Rural,1251,13.429404,0
2023-05-16,1009,Suburban,1067,27.559894,0
2022-05-11,1002,Suburban,529,10.686467,0
2023-03-28,1005,Rural,949,10.43775,0
2022-01-24,1009,Urban,1609,37.118129,0
2022-07-11,1010,Rural,552,15.024054,0
2023-06-25,1006,Rural,947,7.697744,0
2023-02-09,1002,Urban,1255,12.753487,1
2023-01-14,1004,Urban,1444,14.611847,0
2023-11-04,1005,Urban,1468,6.914794,0
2023-06-23,1007,Urban,1612,27.339862,1
2023-09-25,1006,Suburban,1055,8.590893,0
2023-07-14,1001,Urban,1113,12.38783,1
2022-04-14,1005,Rural,728,10.274329,0
2023-07-05,1002,Urban,1034,9.580023,0
2022-11-21,1002,Suburban,924,7.88546,0
2022-03-01,1002,Rural,621,6.935864,0
2022-10-06,1001,Urban,438,11.594625,0
2023-10-25,1005,Suburban,767,8.879314,0
2023-08-19,1006,Suburban,979,7.344646,0
2023-08-15,1010,Urban,1344,10.903619,0
2022-10-15,1002,Urban,1394,7.947736,0
2022-09-16,1009,Suburban,348,38.069217,0
2023-09-26,1010,Rural,697,12.288844,0
2022-04-19,1004,Urban,1646,16.179929,0
2022-07-01,1009,Suburban,1494,36.801488,1
2023-08-22,1001,Suburban,965,12.66876,0
2022-08-02,1002,Suburban,615,13.465543,0
2022-05-19,1008,Rural,819,16.147127,1
2023-02-16,1003,Urban,1252,16.799717,0
2022-05-31,1005,Urban,588,8.422656,0
2022-08-31,1005,Urban,824,6.955376,0
2023-02-03,1003,Rural,398,11.163317,0
2022-08-17,1006,Urban,1235,4.60565,0
2023-07-10,1006,Urban,1099,5.576018,0
2022-11-05,1008,Suburban,1918,14.811644,1
2023-11-18,1002,Urban,756,12.474956,0
2023-02-13,1004,Urban,455,19.521331,0
2023-01-15,1010,Rural,1073,16.939731,0
2022-02-10,1010,Suburban,1009,9.667873,0
2022-12-02,1009,Suburban,673,29.715774,0
2022-01-22,1001,Rural,734,9.09629,0
2022-08-09,1006,Urban,1141,7.986543,0
2023-09-15,1008,Urban,1238,20.193639,0
2023-07-06,1001,Suburban,644,10.120616,0
2022-11-19,1005,Rural,848,7.451306,0
2022-08-23,1006,Suburban,581,7.393621,0
2023-01-09,1001,Rural,819,9.886076,0
2022-04-25,1005,Urban,2165,7.515967,0
2023-11-20,1003,Suburban,1523,10.375662,1
2022-12-26,1005,Urban,2250,11.302186,1
2022-03-21,1006,Rural,605,9.209218,0
2023-07-21,1007,Suburban,813,21.712504,0
2023-03-04,1007,Urban,2602,18.603675,1
2022-05-20,1008,Suburban,749,17.276633,1
2022-12-29,1005,Suburban,1451,5.74372,1
2022-03-03,1007,Suburban,637,23.474289,0
2022-08-26,1001,Suburban,1664,11.487325,1
2022-04-24,1001,Suburban,1291,10.202113,1
2023-11-19,1007,Urban,1548,20.783288,0
2022-06-12,1006,Rural,1085,4.617431,0
2023-01-29,1010,Urban,718,16.816353,1
2022-08-09,1005,Urban,638,5.147258,1
2022-04-14,1005,Suburban,1353,8.016915,1
2023-07-12,1010,Urban,849,15.212245,0
2023-05-27,1001,Rural,868,8.387519,0
2023-01-14,1007,Urban,2091,26.306523,0
2022-06-30,1005,Suburban,1093,9.358028,0
2023-05-27,1002,Suburban,1810,8.391409,1
2023-06-21,1005,Urban,1637,6.016575,0
2022-02-04,1010,Rural,861,17.151388,0
2023-11-02,1001,Rural,1232,13.982725,1
2022-01-29,1009,Urban,1004,21.666496,0
2023-05-25,1008,Rural,848,11.38607,0
2022-12-25,1003,Suburban,1852,19.705547,1
2023-06-14,1001,Suburban,1336,13.205218,0
2023-04-20,1004,Urban,1306,19.717432,0
2023-10-23,1005,Urban,1331,8.920812,1
2022-08-16,1007,Urban,1155,27.384051,0
2023-08-21,1009,Suburban,1285,22.165494,1
2023-01-12,1001,Urban,415,10.688134,0
2023-03-24,1001,Urban,925,13.649749,0
2022-05-14,1007,Rural,1296,24.941786,1
2022-04-16,1006,Urban,2076,8.603024,0
2022-10-19,1010,Suburban,1019,13.246723,0
2023-01-21,1007,Urban,882,26.345341,0
2022-02-26,1004,Suburban,896,14.31831,0
2023-01-30,1007,Urban,1373,23.395762,0
2022-11-20,1004,Suburban,1445,13.975742,0
2022-11-07,1004,Urban,785,23.163685,0
2023-05-12,1002,Suburban,1752,9.207057,0
2023-02-20,1010,Urban,1668,13.61877,0
2023-01-11,1010,Urban,832,11.027676,0
2022-06-17,1004,Suburban,1317,16.410085,0
2022-02-17,1010,Rural,359,10.911965,0
2022-08-02,1006,Urban,955,6.024154,0
2022-07-21,1004,Urban,725,19.321137,0
2023-04-12,1008,Rural,611,19.479694,0
2023-09-15,1001,Rural,834,10.130153,0
2022-01-09,1009,Urban,726,27.171166,1
2022-12-15,1005,Urban,1974,9.275122,1
2022-04-14,1004,Suburban,1718,14.039925,0
2022-03-06,1007,Urban,603,21.000445,0
2023-11-25,1001,Suburban,1775,8.874696,1
2023-09-13,1001,Urban,1543,8.399694,1
2022-11-11,1001,Suburban,621,9.257599,0
2022-12-22,1009,Suburban,852,33.008091,0
2022-01-01,1002,Urban,2009,9.240009,0
2022-06-15,1010,Rural,461,17.680222,0
2022-04-25,1002,Urban,1702,12.699607,1
2022-10-02,1010,Urban,1694,10.751902,0
2023-03-02,1006,Rural,511,7.194161,1
2022-03-26,1009,Rural,483,27.122831,0
2022-11-26,1008,Suburban,623,13.860236,0
2022-09-10,1001,Urban,50,13.844296,0
2022-07-29,1010,Urban,2246,12.217742,1
2023-04-10,1008,Suburban,1155,14.526146,0
2023-10-10,1004,Urban,849,20.740249,0
2023-10-13,1005,Rural,973,9.544078,1
2022-03-18,1007,Urban,906,15.740243,0
2022-05-22,1006,Urban,1106,7.397937,0
2023-08-19,1008,Urban,1293,14.317899,0
2022-11-28,1001,Suburban,487,8.88525,0
2022-03-05,1007,Urban,1642,15.910246,0
2022-03-07,1009,Urban,1729,28.817278,0
2022-09-03,1007,Urban,1779,15.466022,1
2023-05-10,1006,Urban,1833,6.073721,1
2023-01-11,1001,Urban,1173,10.637674,0
2022-02-10,1004,Urban,771,18.555425,0
2023-09-04,1003,Rural,573,18.167934,0
2023-09-14,1007,Suburban,1127,21.813216,0
2023-02-09,1005,Rural,398,7.763651,0
2022-01-14,1009,Suburban,1233,41.956312,1
2022-10-16,1009,Suburban,534,31.378106,0
2022-08-09,1010,Urban,1178,8.342979,0
2023-03-23,1008,Urban,720,12.657411,0
2022-08-03,1001,Suburban,1015,11.220449,1
2022-10-24,1008,Suburban,446,21.93513,0
2022-07-29,1010,Suburban,720,17.6774,1
2022-04-15,1004,Urban,1397,15.181686,0
2023-04-08,1005,Rural,947,7.177257,0
2023-03-11,1007,Rural,686,21.150357,0
2023-08-25,1002,Rural,1032,12.111706,0
2022-12-17,1007,Suburban,2703,18.972245,1
2023-03-12,1006,Suburban,616,5.683167,0
2023-06-22,1006,Urban,1340,9.187248,0
2022-07-05,1005,Rural,694,11.207821,0
2022-09-30,1008,Suburban,414,21.777371,0
2023-03-09,1003,Suburban,999,11.13053,0
2023-11-08,1007,Rural,672,26.492357,0
2023-11-20,1010,Rural,584,11.831645,0
2023-07-04,1007,Urban,542,26.724532,0
2023-08-14,1004,Urban,884,15.929597,0
2022-10-01,1010,Urban,1520,13.615844,1
2023-03-18,1009,Rural,1274,40.636458,0
2022-11-02,1010,Urban,1377,17.294076,0
2022-05-19,1010,Suburban,1199,12.08793,0
2022-11-21,1002,Urban,882,7.009225,0
2022-03-01,1010,Rural,621,9.045629,0
2023-03-07,1009,Suburban,943,33.870645,0
2023-05-05,1009,Urban,262,35.984661,0
2023-10-05,1001,Urban,1406,12.997307,1
2022-09-04,1010,Suburban,1061,9.199219,0
2023-08-29,1001,Suburban,1003,13.693848,0
2023-04-03,1003,Suburban,908,18.296957,0
2023-07-09,1003,Suburban,635,17.773325,0
2022-05-02,1005,Urban,1791,9.941933,1
2023-08-20,1005,Urban,1257,8.452732,1
2022-12-03,1008,Urban,1264,14.833426,0
2023-08-22,1006,Urban,1098,7.478599,1
2023-11-19,1001,Urban,1831,9.94752,1
2023-07-16,1010,Suburban,1504,14.259839,0
2022-08-04,1005,Suburban,1007,7.969295,0
2022-03-08,1005,Suburban,757,6.272659,1
2022-02-20,1004,Urban,1779,21.544961,0
2023-04-24,1001,Suburban,1679,13.722957,0
2023-01-23,1009,Urban,1654,43.890987,0
2022-08-01,1007,Urban,1355,28.38917,1
2023-03-27,1009,Urban,579,26.427402,0
2022-02-24,1001,Urban,1268,13.831044,1
2022-04-22,1006,Urban,1054,8.004493,0
2023-08-22,1004,Urban,171,21.313889,0
2022-11-23,1005,Rural,929,7.357934,1
2023-09-29,1005,Urban,1061,9.681273,1
2022-02-08,1009,Urban,1438,43.261215,0
2022-03-03,1008,Urban,498,14.05263,0
2022-04-16,1003,Urban,2708,13.548457,1
2023-10-01,1009,Suburban,1187,29.604019,0
2023-06-05,1005,Suburban,1106,10.402481,0
2022-12-16,1006,Suburban,785,7.622466,0
2023-02-25,1004,Rural,458,18.602666,0
2023-01-16,1005,Urban,1402,11.258697,1
2022-07-03,1006,Urban,1997,4.050128,1
2023-04-02,1003,Urban,977,17.056593,0
2023-06-01,1001,Urban,1273,8.822901,0
2022-12-04,1009,Suburban,1140,39.663147,0
2022-02-07,1007,Urban,1231,19.437341,0
2023-07-30,1004,Suburban,1468,24.501206,0
2022-08-02,1009,Suburban,1137,31.010864,0
2022-07-16,1001,Suburban,1596,12.671458,1
2023-07-07,1007,Suburban,573,17.470766,1
2022-06-27,1001,Urban,927,9.032171,0
2022-04-05,1001,Urban,1872,8.268531,0
2022-08-01,1009,Suburban,793,37.32003,0
2022-12-19,1008,Suburban,2234,15.789083,1
2023-02-17,1001,Suburban,1513,8.506501,1
2022-03-31,1001,Suburban,814,12.978861,0
2023-07-20,1004,Suburban,1045,21.906425,0
2023-09-16,1007,Urban,913,24.596628,0
2023-07-04,1006,Suburban,1441,4.576755,1
2022-05-17,1008,Urban,1867,12.503823,1
2022-06-28,1005,Urban,1626,8.243737,1
2023-08-11,1002,Rural,537,9.402852,0
2023-06-11,1002,Rural,934,6.647598,0
2023-03-17,1002,Urban,597,9.759827,0
2023-11-06,1007,Suburban,1268,21.560214,0
2023-06-03,1009,Suburban,297,43.105461,0
2022-11-04,1001,Urban,1027,9.423891,0
2022-01-24,1007,Urban,1788,19.77528,0
2023-02-06,1003,Urban,888,14.315081,0
2022-04-17,1002,Rural,1338,10.32789,1
2022-01-25,1003,Urban,1128,14.052151,0
2022-03-27,1005,Urban,856,11.083693,0
2022-11-03,1008,Rural,1086,20.397129,0
2022-10-23,1010,Suburban,907,13.709916,1
2023-01-16,1007,Urban,1093,23.622586,0
2023-05-06,1009,Urban,1273,35.271502,1
2022-06-15,1006,Suburban,1250,8.480026,0
2022-05-26,1006,Suburban,631,4.902973,0
2023-06-17,1006,Suburban,656,9.30956,1
2022-08-31,1007,Rural,452,27.166309,0
2023-07-15,1003,Urban,818,12.447999,0
2022-12-17,1004,Urban,991,22.683419,0
2022-01-29,1001,Urban,1448,14.987557,0
2023-05-12,1010,Suburban,531,9.713983,0
2023-04-23,1006,Suburban,1483,5.464384,0
2022-05-13,1004,Rural,1224,15.042069,1
2023-05-16,1010,Suburban,946,8.183717,0
2023-04-13,1003,Suburban,292,18.389711,0
2023-05-29,1009,Suburban,1177,33.996385,1
2023-10-27,1004,Urban,1995,13.244805,1
2022-03-29,1004,Suburban,1238,20.762096,0
2023-05-18,1004,Urban,1420,15.536033,0
2022-06-11,1004,Suburban,820,22.740826,0
2023-04-18,1002,Urban,1454,8.171051,1
2023-05-23,1010,Urban,1554,15.441267,1
2022-02-01,1006,Urban,1170,8.642804,0
2022-11-20,1009,Urban,2130,26.427963,1
2023-06-12,1009,Urban,1852,30.889729,0
2022-02-11,1007,Urban,523,22.290863,0
2023-07-14,1002,Urban,192,12.803015,0
2022-11-27,1004,Suburban,1879,16.162421,1
2023-08-07,1010,Rural,700,9.974736,0
2022-10-05,1006,Rural,842,5.986098,0
2023-01-08,1006,Suburban,1021,4.64712,0
2023-05-01,1003,Suburban,865,19.709047,0
2023-02-15,1004,Suburban,704,21.145868,0
2023-03-16,1005,Urban,948,10.468799,0
2023-01-11,1004,Urban,1509,23.309084,1
2022-06-24,1009,Urban,1756,22.281291,0
2022-12-26,1001,Rural,1255,14.368088,1
2022-09-06,1005,Urban,907,5.012684,1
2022-05-02,1008,Urban,1718,11.443012,1
2022-03-21,1008,Suburban,669,10.790706,0
2023-01-01,1005,Urban,1503,8.273123,0
2022-10-09,1005,Rural,1123,8.939812,1
2022-12-31,1010,Rural,749,13.513174,0
2022-05-01,1004,Urban,1553,16.215261,0
2022-08-15,1005,Urban,1439,5.170988,0
2023-03-23,1003,Urban,1505,13.90753,0
2023-02-28,1004,Urban,1396,16.259515,1
2022-08-21,1007,Suburban,966,25.440471,0
2022-07-03,1009,Suburban,394,20.661173,0
2022-05-19,1003,Urban,571,11.275682,0
2022-02-06,1002,Suburban,1234,10.941557,0
2022-12-08,1007,Suburban,1038,18.222819,0
2022-12-09,1003,Suburban,524,10.291707,1
2022-12-13,1009,Suburban,1185,22.634923,1
2022-12-02,1005,Urban,1769,11.325325,1
2023-05-26,1005,Urban,2408,6.992171,1
2023-11-16,1009,Suburban,860,44.201813,0
2022-09-29,1007,Urban,604,15.739105,0
2022-06-06,1006,Urban,1366,5.400378,1
2023-08-06,1006,Rural,1253,4.678598,1
2022-06-07,1009,Suburban,588,32.505787,0
2022-04-02,1008,Suburban,985,18.04992,1
2023-08-18,1007,Suburban,1645,25.561565,1
2023-07-11,1005,Suburban,1548,10.924011,1
2023-07-04,1005,Urban,314,11.979923,0
2022-05-11,1008,Suburban,1393,14.539287,1
2023-08-12,1004,Urban,927,14.58807,0
2022-08-16,1008,Urban,938,10.265613,0
2022-05-22,1009,Urban,1514,22.875273,0
2023-02-23,1008,Urban,1470,20.12048,0
2023-11-30,1008,Urban,1970,21.56865,1
2023-08-28,1004,Urban,725,20.802383,1
2022-01-24,1006,Suburban,947,8.59458,0
2023-02-28,1010,Urban,1667,17.411356,1
2023-03-25,1004,Urban,939,16.021215,0
2023-02-10,1006,Urban,440,9.809248,0
2022-08-24,1008,Rural,700,20.154326,0
2022-01-08,1006,Urban,1573,6.664678,0
2023-07-09,1007,Urban,1328,19.858433,0
2023-05-01,1002,Rural,1070,12.434089,0
2022-08-09,1004,Rural,1093,17.371528,1
2022-06-30,1009,Urban,1158,37.096076,1
2022-12-02,1004,Rural,415,14.582458,0
2022-07-31,1005,Urban,1151,6.51063,0
2022-04-15,1001,Rural,763,10.167774,0
2022-03-06,1005,Urban,1829,9.587682,0
2023-02-03,1008,Suburban,892,11.857789,0
2023-04-07,1001,Suburban,910,14.652658,1
2023-07-26,1009,Rural,354,41.558373,0
2022-05-08,1010,Urban,1537,17.784444,0
2022-04-11,1010,Rural,1225,12.963989,0
2023-11-29,1010,Urban,1741,10.277783,0
2023-10-18,1004,Suburban,893,24.659147,0
2023-06-25,1008,Rural,1000,12.129782,0
2023-08-02,1010,Suburban,848,9.436876,0
2023-02-05,1004,Rural,990,16.379985,1
2022-10-27,1007,Urban,676,20.247754,0
2022-12-01,1006,Suburban,279,8.044351,1
2023-06-29,1002,Suburban,1246,11.813364,0
2022-01-13,1004,Urban,1458,13.988504,0
2022-05-10,1008,Urban,1689,15.025108,0
2023-08-02,1009,Urban,1636,43.289125,0
2023-04-03,1001,Urban,1251,13.177256,1
2022-08-23,1005,Rural,410,10.628765,0
2023-07-25,1001,Rural,299,14.63413,1
2022-08-10,1008,Suburban,1301,20.29467,0
2022-11-05,1007,Suburban,1293,29.469343,1
2023-05-28,1008,Urban,917,11.893969,0
2022-03-29,1007,Rural,498,22.829024,0
2023-02-24,1001,Urban,822,10.198308,0
2022-02-23,1006,Urban,1389,6.312527,1
2022-11-14,1003,Urban,979,17.799605,1
2023-09-20,1008,Rural,847,10.100388,0
2022-02-01,1003,Suburban,509,10.44881,1
2022-02-15,1001,Suburban,641,11.179595,0
2023-01-16,1005,Urban,1164,9.842928,0
2022-08-22,1010,Urban,330,8.072728,0
2023-04-20,1008,Urban,1321,21.76565,0
2022-01-21,1009,Urban,1431,42.814605,1
2023-07-16,1008,Urban,1460,18.787487,0
2023-07-27,1008,Rural,668,16.850236,0
2022-03-28,1009,Urban,1530,34.811019,0
2022-09-11,1006,Suburban,680,8.534747,0
2022-06-28,1006,Rural,1064,8.689139,0
2022-10-20,1007,Urban,564,20.113245,0
2022-05-17,1005,Suburban,993,10.153959,0
2022-10-16,1001,Urban,443,13.043036,0
2023-08-13,1010,Suburban,1246,16.357216,0
2022-05-12,1001,Suburban,337,11.604506,0
2023-08-14,1004,Rural,935,15.260378,1
2022-03-10,1001,Urban,481,10.568705,0
2022-04-20,1006,Urban,1824,5.755243,1
2022-02-26,1007,Suburban,1515,20.521285,0
2022-11-13,1010,Urban,1256,12.542707,0
2023-10-23,1010,Rural,605,11.972275,0
2023-07-20,1008,Rural,709,13.780099,0
2023-09-03,1006,Suburban,852,7.026284,0
2023-02-17,1009,Rural,1044,30.57171,0
2023-10-15,1007,Urban,1515,19.961895,1
2023-06-17,1006,Rural,256,6.273323,0
2023-09-20,1008,Rural,603,21.238787,0
2023-05-29,1003,Urban,991,19.305293,0
2023-09-16,1007,Suburban,1312,24.042113,1
2023-11-10,1002,Urban,350,13.160534,0
2023-03-06,1001,Urban,1953,11.865556,1
2023-08-04,1002,Rural,543,6.250893,0
2022-08-24,1009,Urban,2076,36.021353,1
2023-04-07,1005,Suburban,1041,10.384189,0
2022-12-31,1001,Suburban,691,13.987857,0
2023-03-08,1003,Suburban,620,15.631266,0
2022-02-03,1009,Urban,1162,25.672148,0
2022-10-11,1004,Urban,1502,18.252743,1
2023-08-09,1004,Urban,1050,19.790816,0
2023-04-05,1002,Suburban,1532,7.93268,1
2023-06-20,1003,Suburban,420,17.898857,0
2022-01-11,1008,Rural,646,20.683631,0
2022-06-25,1003,Urban,1957,13.386433,1
2023-05-09,1003,Suburban,587,19.148862,0
2022-10-06,1009,Rural,522,39.270363,0
2022-01-15,1009,Urban,803,30.866433,0
2022-11-16,1003,Urban,696,16.774668,0
2022-09-05,1008,Urban,831,13.334403,0
2023-02-17,1009,Rural,1403,30.102746,1
2022-03-08,1006,Rural,1145,9.660569,1
2022-04-11,1005,Rural,851,8.454716,0
2022-06-29,1005,Urban,1179,9.215181,1
2022-01-05,1004,Urban,867,24.249912,1
2022-04-22,1006,Rural,651,9.438349,0
2023-03-03,1005,Suburban,1041,10.903995,0
2023-01-03,1009,Suburban,2088,34.020309,1
2023-10-24,1005,Suburban,1444,8.640579,1
2022-03-07,1008,Urban,1379,19.66697,0
2022-10-09,1008,Rural,1361,21.071478,0
2022-03-12,1009,Suburban,1313,41.914953,0
2023-09-05,1002,Suburban,1050,11.070141,1
2023-08-26,1008,Suburban,1128,20.098189,0
2022-08-18,1001,Suburban,976,8.368495,0
2023-10-08,1003,Suburban,855,15.17461,0
2022-11-12,1001,Rural,1042,11.026775,0
2023-01-03,1009,Suburban,1056,27.408702,1
2022-10-06,1006,Urban,1533,4.808294,0
2022-04-30,1008,Urban,2085,20.313215,0
2023-04-19,1001,Rural,1047,14.682464,0
2023-03-22,1007,Urban,1483,17.530525,1
2023-01-13,1003,Urban,958,16.141837,0
2022-10-23,1001,Urban,982,12.463648,0
2023-09-11,1005,Suburban,1417,8.897911,0
2023-11-14,1007,Urban,1123,22.984654,0
2023-04-10,1004,Suburban,963,18.378417,1
2022-02-27,1002,Rural,845,13.467307,1
2022-10-31,1001,Urban,629,10.421647,0
2023-09-10,1005,Urban,1395,10.788325,0
2023-06-01,1002,Urban,2484,10.694564,1
2023-04-19,1005,Suburban,1279,9.345828,1
2022-03-06,1002,Rural,789,8.697902,0
2022-05-14,1003,Urban,1024,13.372199,0
2023-02-12,1008,Suburban,1052,11.534197,0
2023-01-11,1007,Urban,1609,17.810256,0
2023-01-24,1006,Urban,857,9.155134,0
2022-03-03,1001,Rural,855,14.571249,1
2023-02-20,1003,Urban,1991,18.722045,1
2023-07-11,1005,Suburban,391,7.003266,0
2022-10-07,1010,Urban,1286,8.934679,0
2022-08-09,1008,Rural,655,12.407396,1
2022-06-24,1010,Suburban,1722,13.602415,1
2022-02-13,1006,Urban,1445,5.315772,0
2022-01-21,1003,Urban,688,15.132386,0
2022-10-03,1007,Suburban,831,15.309652,0
2023-07-01,1003,Urban,392,18.465508,0
2023-05-10,1004,Suburban,545,22.149525,0
2022-08-26,1006,Rural,1259,5.128247,1
2022-11-03,1010,Suburban,295,10.718607,0
2023-08-23,1008,Urban,2569,11.570516,1
2022-08-03,1005,Suburban,1357,8.570422,0
2022-08-05,1008,Urban,1252,14.189925,0
2023-09-26,1005,Suburban,1199,10.379275,0
2022-07-20,1001,Urban,1533,10.487838,0
2022-04-17,1007,Urban,2232,19.070386,1
2023-05-23,1002,Suburban,610,9.142285,1
2022-09-30,1004,Suburban,1297,13.024635,0
2022-01-01,1009,Suburban,968,23.395811,0
2022-07-21,1004,Suburban,1045,15.962571,0
2023-08-07,1009,Urban,1391,41.94512,1
2022-12-15,1004,Urban,906,21.766551,0
2022-01-16,1003,Suburban,1324,16.036321,0
2022-11-16,1001,Suburban,611,13.677108,0
2023-11-26,1001,Rural,857,12.521661,0
2023-10-01,1006,Rural,1547,5.992443,0
2022-04-13,1009,Suburban,1029,32.920919,1
2022-12-10,1007,Urban,896,23.322101,0
2023-08-15,1006,Rural,381,5.082325,0
2023-06-24,1002,Suburban,749,12.897677,0
2022-02-01,1003,Urban,2059,10.002409,1
2023-11-01,1007,Rural,638,21.772439,0
2022-04-23,1002,Urban,1901,10.255286,0
2022-06-10,1009,Suburban,1339,22.576042,0
2023-07-11,1007,Urban,708,16.196078,0
2023-01-21,1008,Urban,1493,16.829812,0
2023-08-10,1004,Suburban,1158,20.66977,0
2023-06-24,1006,Rural,1051,7.392738,0
2022-02-28,1005,Urban,604,8.397414,0
2022-05-27,1008,Suburban,828,17.298559,0
2022-01-14,1001,Suburban,697,10.615486,1
2022-03-24,1003,Rural,603,17.629489,0
2023-01-30,1008,Suburban,1342,15.151856,0
2022-12-27,1008,Urban,346,13.349022,0
2022-08-08,1001,Rural,562,13.389946,0
2022-11-24,1001,Urban,715,11.285029,0
2023-04-13,1003,Rural,899,15.120316,1
2022-07-02,1001,Suburban,2354,12.082366,1
2022-05-27,1004,Suburban,1154,13.677054,1
2022-12-02,1003,Urban,1189,15.569521,1
2023-04-10,1001,Urban,838,10.436211,1
2023-04-29,1010,Urban,1685,9.681411,0
2022-12-08,1007,Urban,1781,25.127841,1
2022-11-18,1007,Urban,345,17.57541,0
2023-04-09,1005,Suburban,1147,5.510778,0
2023-08-06,1008,Suburban,1235,12.409201,0
2022-03-25,1004,Suburban,762,15.996623,0
2023-06-23,1004,Suburban,1339,23.1117,1
2022-03-13,1005,Urban,552,7.563688,0
2023-08-18,1004,Rural,1097,17.091665,1
2022-01-25,1001,Urban,936,11.591991,1
2023-11-11,1002,Suburban,1055,9.570293,0
2022-02-16,1008,Urban,1058,11.634804,0
2022-06-30,1008,Urban,1105,21.829682,0
2023-07-17,1003,Suburban,627,12.051828,0
2022-10-30,1005,Suburban,1218,5.83059,1
2023-08-14,1005,Urban,2098,11.755221,1
2022-04-18,1002,Suburban,1648,9.037047,1
2022-03-24,1003,Suburban,610,10.169213,0
2022-06-04,1009,Rural,325,44.604124,0
2023-06-05,1008,Urban,1091,16.016758,0
2023-10-13,1007,Suburban,1186,27.346313,1
2023-03-18,1010,Urban,3085,16.30183,1
2022-11-24,1004,Suburban,1104,17.562304,1
2023-03-26,1006,Rural,972,7.265093,0
2022-11-13,1008,Urban,1487,18.690459,0
2023-07-06,1005,Urban,427,6.56446,0
2022-12-24,1005,Urban,3263,6.398098,1
2023-10-15,1004,Rural,1261,14.163386,1
2022-11-10,1004,Urban,878,19.353383,0
2022-03-13,1002,Rural,339,10.626633,0
2023-02-26,1009,Urban,3473,35.844476,1
2022-02-07,1003,Rural,237,13.382856,0
2023-09-12,1001,Suburban,696,14.982596,0
2023-06-06,1010,Suburban,1081,16.934435,0
2023-02-06,1007,Rural,621,22.058069,0
2022-08-12,1009,Urban,540,36.125245,0
2023-11-12,1006,Urban,1912,8.762305,0
2023-06-24,1008,Urban,1178,16.711622,0
2022-02-07,1010,Urban,1115,11.46111,1
2022-12-02,1005,Urban,1293,11.355234,1
2023-09-26,1010,Suburban,1555,15.595618,0
2023-06-21,1007,Urban,1308,19.908755,0
2022-05-22,1009,Urban,1092,20.512301,0
2023-06-15,1007,Rural,1344,27.795203,0
2022-06-05,1006,Urban,1601,6.992382,0
2022-03-10,1003,Urban,548,12.464779,0
2022-09-13,1003,Suburban,1217,17.471742,0
2023-05-04,1001,Urban,1449,11.02213,0
2022-06-26,1008,Urban,1373,13.923731,1
2023-11-16,1005,Suburban,991,9.752321,0
2023-08-26,1002,Rural,1336,13.136896,0
2022-04-22,1008,Rural,574,10.038092,0
2023-09-17,1006,Rural,1129,8.60367,0
2023-05-08,1005,Rural,915,8.275898,0
2022-08-11,1007,Urban,401,29.569462,1
2023-01-28,1006,Suburban,369,5.860243,1
2023-09-24,1004,Rural,1509,20.486574,1
2022-02-21,1001,Urban,509,8.525155,1
2022-07-20,1004,Suburban,999,23.176474,0
2023-05-13,1010,Suburban,984,11.252212,0
2022-12-13,1007,Suburban,1427,28.957164,1
2023-02-23,1004,Rural,549,19.992022,1
2022-11-08,1006,Suburban,621,7.330496,0
2022-04-15,1002,Urban,1594,12.11695,1
2023-07-07,1008,Urban,1197,15.643462,0
2022-12-23,1007,Rural,601,23.114135,1
2023-08-06,1002,Suburban,1165,6.027103,0
2022-03-22,1007,Rural,827,24.212441,0
2022-12-08,1009,Rural,797,43.115842,0
2022-12-13,1001,Rural,771,13.666312,0
2023-01-22,1009,Urban,1170,24.143725,0
2023-03-07,1002,Suburban,1234,7.090016,0
2022-03-23,1009,Urban,785,36.9694,0
2023-07-06,1008,Urban,1219,16.633964,0
2023-10-13,1002,Urban,1087,7.160886,0
2022-07-17,1008,Urban,1108,15.117326,0
2023-06-15,1001,Suburban,890,10.373613,0
2023-10-21,1009,Suburban,1307,22.93999,0
2022-07-23,1009,Suburban,821,42.21866,1
2023-02-17,1010,Suburban,971,15.224334,0
2022-11-25,1005,Rural,835,7.372554,0
2022-11-12,1001,Suburban,923,10.458519,0
2022-07-13,1003,Urban,1618,17.765909,1
2023-08-31,1006,Urban,1679,5.2102,1
2023-08-15,1003,Rural,875,16.551721,0
2022-05-07,1009,Urban,1555,26.385707,1
2022-12-26,1006,Suburban,636,6.828209,0
2023-01-21,1006,Rural,1147,4.626838,0
2023-11-05,1004,Rural,821,17.984384,0
2022-03-19,1009,Urban,1201,38.173847,0
2023-09-13,1010,Suburban,1261,13.437625,0
2022-05-28,1002,Urban,2043,6.443872,0
2023-11-01,1010,Rural,752,16.427872,0
2022-11-09,1010,Urban,1294,13.381944,0
2022-04-27,1005,Urban,1464,10.895162,0
2023-06-06,1002,Suburban,1639,8.199267,0
2022-04-16,1004,Urban,1675,22.465147,1
2022-05-08,1007,Urban,692,28.56638,0
2023-08-22,1010,Urban,976,11.20011,0
2023-06-27,1003,Rural,1179,12.234125,1
2022-08-16,1005,Suburban,715,9.627002,0
2023-06-24,1010,Rural,705,17.465638,0
2022-11-04,1010,Urban,887,11.169637,1
2022-09-07,1009,Suburban,605,20.944574,0
2022-09-22,1006,Suburban,693,5.049676,0
2023-10-08,1003,Suburban,1303,15.465225,0
2023-11-29,1003,Rural,759,16.757468,0
2023-05-27,1007,Suburban,1217,25.541743,0
2022-07-12,1003,Suburban,864,14.65944,0
2023-11-15,1001,Urban,1359,11.709374,0
2022-04-15,1004,Urban,582,16.788869,0
2022-12-18,1008,Suburban,1984,21.858442,1
2022-12-17,1008,Urban,2067,13.019188,1
2023-05-18,1002,Urban,2216,8.141334,0
2023-02-24,1002,Urban,1406,10.382493,0
2022-02-05,1008,Suburban,2200,11.262903,1
2023-10-17,1009,Suburban,848,31.763617,0
2023-02-12,1005,Suburban,1132,10.138872,1
2022-10-16,1010,Rural,1178,8.303974,0
2022-04-19,1008,Rural,1104,12.457618,0
2023-11-29,1005,Rural,625,8.55843,0
2022-07-10,1003,Rural,967,18.999833,1
2022-03-19,1007,Urban,877,15.303263,0
2022-05-29,1003,Rural,1353,14.335451,1
2022-06-25,1002,Suburban,790,10.635587,0
2022-02-20,1008,Urban,883,20.119988,0
2022-09-24,1010,Suburban,1024,17.769711,0
2022-01-08,1004,Suburban,644,18.960958,0
2022-05-12,1010,Rural,539,14.216296,0
2023-11-18,1005,Urban,2221,10.736365,0
2023-02-16,1006,Suburban,972,6.302644,0
2022-04-23,1007,Urban,2822,21.441282,1
2022-02-24,1010,Suburban,943,12.235858,1
2022-06-26,1007,Urban,2314,23.375882,1
2022-03-08,1006,Suburban,1040,7.012076,0
2022-02-15,1006,Suburban,952,8.307207,0
2023-08-04,1005,Urban,1494,5.238312,0
2022-02-13,1007,Urban,804,28.990229,0
2022-10-18,1007,Rural,869,24.063593,0
2022-12-26,1003,Suburban,1047,16.127221,1
2022-11-16,1008,Urban,1576,13.679189,1
2023-05-13,1001,Urban,687,10.069194,0
2022-04-16,1008,Suburban,1343,11.710675,0
2023-01-04,1005,Suburban,645,5.326885,1
2023-11-09,1003,Suburban,1029,18.339908,0
2022-01-18,1001,Suburban,815,10.789806,0
2022-01-30,1004,Suburban,1397,22.952214,0
2022-04-01,1001,Rural,632,8.77379,0
2022-08-23,1007,Urban,1186,20.577045,0
2023-07-16,1001,Urban,1337,11.03953,1
2022-02-13,1003,Suburban,1077,13.834628,0
2022-08-16,1010,Urban,607,17.808434,0
2023-02-14,1006,Suburban,1506,8.127904,0
2022-05-23,1008,Urban,868,16.973275,1
2023-03-01,1010,Urban,1214,14.754556,0
2022-12-01,1003,Suburban,664,14.462623,0
2023-09-28,1004,Suburban,1154,20.155882,0
2023-03-08,1001,Suburban,965,10.07379,0
2022-12-31,1001,Suburban,1591,10.922322,1
2022-08-20,1007,Urban,707,18.45826,0
2022-04-05,1009,Urban,1586,20.802994,0
2022-08-08,1006,Rural,504,7.659212,0
2022-04-27,1001,Suburban,1072,12.037326,0
2023-05-21,1010,Suburban,1380,12.157036,1
2022-11-16,1003,Urban,1188,16.969932,0
2022-07-05,1004,Rural,416,12.546582,0
2023-08-06,1004,Urban,732,13.833777,0
2022-06-11,1007,Urban,878,20.050108,0
2023-08-05,1001,Urban,1827,14.308568,0
2022-01-24,1004,Suburban,1150,13.579645,0
2022-09-19,1009,Suburban,1479,41.62977,1
2023-06-11,1004,Suburban,803,18.374556,0
2023-06-02,1003,Urban,666,18.083647,0
2022-02-27,1007,Urban,2769,20.494928,1
2022-06-05,1002,Suburban,1091,10.013038,0
2023-10-16,1003,Suburban,808,18.997596,0
2022-01-30,1004,Urban,2067,14.795929,0
2022-03-14,1002,Suburban,828,6.267146,1
2022-03-27,1010,Urban,1473,15.857822,1
2023-02-24,1007,Suburban,1037,23.594905,0
2022-05-16,1004,Suburban,1293,23.839774,0
2022-02-01,1009,Suburban,905,42.138096,0
2022-11-09,1004,Suburban,1297,16.669514,0
2022-09-23,1005,Suburban,1821,7.664869,1
2023-10-05,1010,Urban,1012,8.211638,0
2022-01-14,1009,Rural,272,22.007911,0
2023-01-13,1005,Rural,979,10.292501,0
2023-10-11,1005,Suburban,1234,11.791314,1
2023-09-02,1006,Suburban,1010,6.292689,0
2022-06-05,1002,Urban,908,7.649169,0
2023-05-21,1005,Urban,1936,11.052614,0
2023-09-10,1005,Urban,1384,8.476741,1
2022-04-26,1005,Rural,626,9.510773,0
2023-06-17,1006,Rural,980,7.200029,1
2023-10-20,1001,Urban,969,10.328533,0
2022-02-20,1007,Urban,920,24.932595,0
2022-08-27,1010,Urban,2094,11.060061,0
2022-10-03,1007,Urban,1457,16.420281,0
2022-01-14,1009,Rural,962,38.319221,0
2022-05-25,1010,Suburban,1065,11.734642,1
2023-01-07,1003,Urban,1102,19.669514,1
2023-11-02,1002,Urban,792,13.377051,0
2022-03-31,1007,Rural,977,18.633535,0
2023-02-06,1010,Suburban,919,9.000647,0
2023-10-19,1009,Urban,1377,42.16836,0
2023-01-27,1003,Rural,1212,18.807486,1
2022-11-14,1008,Suburban,1120,19.09755,1
2022-09-17,1001,Suburban,1276,12.910434,0
2023-03-19,1010,Suburban,1874,16.031242,1
2023-10-09,1004,Suburban,1501,19.796154,0
2023-10-15,1007,Suburban,757,16.005421,0
2023-09-29,1008,Suburban,1405,19.075981,0
2023-10-23,1008,Urban,1164,18.662371,1
2022-09-11,1005,Rural,680,5.689063,0
2022-08-05,1008,Suburban,1091,16.786772,0
2023-11-02,1005,Suburban,647,6.829012,0
2023-09-08,1008,Urban,864,18.662238,0
2022-11-04,1003,Rural,493,10.454646,0
2022-08-28,1005,Suburban,2116,9.330737,1
2022-06-28,1002,Rural,747,9.580338,0
2022-09-03,1007,Urban,1197,20.875916,0
2023-10-07,1009,Suburban,1882,37.692566,1
2023-06-18,1008,Rural,963,13.803343,0
2023-01-12,1001,Suburban,1337,8.807039,0
2022-04-17,1001,Suburban,1079,14.369685,0
2022-07-22,1002,Suburban,2135,6.210055,1
2023-06-11,1001,Urban,1811,9.517347,1
2022-02-08,1007,Urban,1021,25.89662,0
2022-05-18,1003,Rural,1006,17.26608,0
2023-02-23,1006,Suburban,1454,9.583372,0
2023-09-19,1006,Suburban,1676,5.475388,1
2022-02-09,1008,Suburban,924,16.645319,0
2023-07-19,1003,Urban,921,15.492513,0
2022-07-16,1010,Rural,876,15.427309,0
2023-08-14,1002,Rural,956,12.780518,1
2023-11-18,1010,Urban,1315,16.955832,0
2023-08-10,1010,Suburban,1415,12.538533,1
2022-03-24,1002,Rural,616,10.907123,0
2022-10-28,1006,Urban,2524,4.615507,1
2022-05-11,1002,Suburban,840,6.119282,0
2022-10-10,1005,Rural,735,6.506629,0
2023-01-05,1002,Rural,909,7.849407,0
2023-07-22,1009,Urban,2126,28.688958,0
2022-05-09,1003,Urban,968,18.903145,0
2022-04-29,1003,Rural,587,15.102626,0
2023-05-31,1006,Rural,1047,4.969696,0
2022-09-04,1005,Suburban,957,11.032706,0
2023-07-22,1007,Suburban,1032,22.367115,1
2022-12-04,1006,Urban,2086,4.601719,0
2022-12-11,1008,Suburban,1288,21.726253,0
2023-06-13,1004,Suburban,645,21.909708,1
2023-06-02,1009,Urban,1614,20.227749,1
2022-10-05,1007,Urban,818,19.718191,0
2023-08-09,1009,Rural,1108,31.161948,0
2023-01-28,1001,Urban,1492,14.510047,1
2023-01-11,1001,Rural,655,14.929072,0
2022-06-07,1004,Suburban,237,13.058074,1
2022-09-30,1010,Urban,96,17.543646,1
2022-11-05,1002,Rural,784,6.137213,0
2023-06-19,1005,Suburban,880,11.785447,0
2023-10-02,1008,Suburban,1448,18.407366,1
2022-04-25,1002,Urban,1605,7.201229,0
2023-05-19,1001,Suburban,900,12.55215,0
2022-05-27,1009,Rural,734,33.428019,1
2022-08-10,1010,Urban,660,12.316974,0
2022-04-15,1008,Suburban,1342,21.453525,0
2023-04-19,1001,Urban,1289,8.447462,1
2023-02-03,1007,Suburban,50,18.084442,0
2022-03-15,1008,Suburban,958,20.455275,1
2022-04-29,1002,Suburban,430,13.989588,0
2022-01-12,1003,Rural,806,15.653027,1
2023-09-29,1002,Suburban,2030,13.485507,1
2023-09-30,1005,Suburban,1181,9.521416,0
2022-08-30,1005,Suburban,577,5.905667,0
2022-08-17,1009,Urban,756,37.374132,0
2023-08-31,1006,Urban,503,4.515054,1
2023-02-23,1005,Suburban,1153,7.071559,0
2023-10-27,1007,Suburban,712,27.887585,0
2023-04-01,1009,Urban,992,22.207818,0
2023-01-11,1002,Urban,1647,12.720068,1
2023-07-22,1004,Suburban,1995,12.964244,0
2022-09-15,1007,Urban,1121,24.981072,0
2022-06-30,1003,Rural,712,13.604118,0
2022-11-13,1002,Rural,946,9.232161,0
2022-02-24,1007,Urban,1437,19.963003,0
2022-07-31,1005,Suburban,1752,6.524103,1
2022-01-20,1005,Suburban,868,10.134908,0
2023-01-30,1004,Suburban,1317,15.81988,0
2023-02-02,1005,Suburban,1426,10.453729,1
2023-06-04,1006,Urban,742,4.209435,1
2022-06-29,1003,Rural,1359,19.068964,1
2023-08-07,1008,Suburban,164,11.076495,0
2022-02-02,1006,Urban,996,5.664255,0
2023-10-19,1004,Rural,876,22.105335,0
2023-02-17,1008,Suburban,1322,16.264281,1
2022-09-22,1009,Suburban,578,28.969039,0
2023-02-01,1003,Suburban,664,12.784825,0
2022-06-18,1009,Rural,933,26.820567,0
2023-03-24,1005,Urban,1099,10.987159,0
2023-11-06,1005,Suburban,404,7.809436,0
2022-01-29,1006,Urban,1758,5.927531,1
2023-10-04,1006,Urban,1096,8.579848,1
2023-04-10,1007,Rural,963,28.820964,0
2022-09-06,1003,Urban,1160,12.50656,1
2023-09-10,1003,Suburban,1158,17.545233,0
2023-07-30,1002,Suburban,930,11.295124,0
2022-12-12,1003,Urban,967,18.372899,0
2023-08-25,1009,Suburban,1369,27.65148,1
2023-07-26,1007,Urban,1524,23.551905,0
2022-10-16,1008,Urban,1098,19.000182,0
2023-09-23,1009,Urban,1154,38.170466,0
2022-06-14,1010,Suburban,1454,15.616749,0
2022-09-30,1001,Urban,852,12.279139,1
2023-11-01,1002,Urban,1454,11.440488,1
2022-02-20,1005,Suburban,2221,9.865276,1
2022-04-28,1006,Rural,695,9.714524,0
2023-11-16,1010,Suburban,1062,15.442217,0
2022-10-10,1008,Rural,338,17.109837,0
2022-07-26,1003,Urban,1875,13.761498,1
2023-02-03,1001,Urban,1818,8.164517,1
2023-07-10,1003,Urban,827,15.566239,0
2022-06-28,1010,Urban,638,17.431631,1
2022-04-23,1001,Rural,719,11.692602,0
2022-04-30,1001,Urban,1872,11.718876,0
2022-10-14,1001,Urban,1177,11.874912,1
2023-01-01,1002,Urban,981,6.911505,0
2023-04-03,1008,Urban,2129,14.937817,0
2023-01-29,1001,Rural,741,14.024822,1
2023-08-25,1005,Rural,814,10.504167,1
2022-12-12,1009,Rural,133,35.326808,0
2023-07-12,1005,Rural,719,8.083757,0
2023-10-30,1009,Rural,1426,37.943056,1
2023-07-13,1008,Urban,621,19.564922,0
2023-09-27,1002,Urban,1312,6.950713,1
2023-02-11,1010,Urban,1789,11.424328,1
2022-04-29,1005,Urban,1611,11.797036,0
2022-06-22,1006,Rural,1187,8.320469,0
2022-01-20,1003,Urban,1465,18.506182,1
2023-11-06,1009,Urban,821,42.717319,0
2022-09-17,1001,Rural,825,12.004528,0
2022-10-05,1010,Urban,1181,17.805403,0
2022-08-24,1005,Rural,748,10.929328,0
2022-10-03,1010,Suburban,1017,13.489387,0
2022-05-09,1002,Urban,399,8.585963,0
2022-09-17,1004,Suburban,955,17.560008,0
2022-06-19,1001,Urban,854,14.461601,0
2022-03-01,1010,Urban,1726,8.324813,1
2022-08-21,1010,Urban,1748,14.099815,0
2023-03-20,1001,Suburban,559,8.703899,1
2022-09-07,1003,Rural,987,17.018624,1
2022-11-30,1006,Suburban,514,9.85374,0
2023-01-03,1008,Suburban,764,12.457855,0
2023-03-23,1001,Suburban,299,8.127397,0
2023-03-08,1010,Urban,1254,9.964319,0
2022-11-25,1007,Urban,1674,22.523462,0
2022-01-21,1002,Urban,1000,10.907659,1
2022-04-17,1006,Urban,2050,4.398945,1
2023-08-22,1004,Suburban,1489,22.614033,1
2023-01-25,1010,Urban,1160,9.244989,0
2022-09-02,1006,Suburban,950,9.447776,0
2022-06-06,1003,Suburban,1843,17.342183,1
2023-06-18,1005,Suburban,1397,11.50544,0
2022-07-22,1003,Urban,1616,13.63825,1
2022-10-20,1004,Rural,969,13.294125,0
2022-12-29,1007,Suburban,351,17.224526,0
2023-11-23,1010,Urban,1361,10.389288,0
2022-07-14,1008,Urban,1455,13.006101,0
2022-06-19,1002,Urban,2860,8.175436,1
2023-08-01,1003,Urban,761,17.257589,0
2023-01-27,1001,Urban,380,10.05435,0
2022-04-20,1008,Urban,825,13.905628,0
2022-09-23,1006,Rural,600,5.034711,0
2023-09-25,1010,Suburban,614,14.211253,0
2023-02-22,1008,Suburban,836,16.5913,1
2022-02-11,1001,Urban,1554,8.649916,1
2022-10-29,1001,Rural,585,11.249893,0
2022-11-14,1005,Urban,1279,5.692331,0
2022-03-30,1002,Suburban,837,8.632953,0
2022-07-18,1008,Rural,860,17.822625,0
2023-11-13,1010,Rural,649,11.843002,1
2022-12-20,1010,Rural,523,9.975846,0
2022-11-04,1002,Urban,952,12.328239,1
2022-07-31,1005,Urban,2160,7.227936,1
2022-12-27,1007,Rural,532,23.507468,0
2022-03-05,1005,Urban,2157,10.132434,0
2022-09-02,1004,Rural,745,17.25875,1
2022-01-12,1001,Suburban,1309,14.916476,0
2022-12-03,1001,Urban,1196,13.882531,0
2022-09-06,1001,Urban,1127,8.543661,0
2023-05-13,1005,Rural,667,10.42079,0
2023-04-14,1008,Rural,990,14.695994,0
2023-10-07,1009,Urban,1844,25.678159,1
2022-01-28,1010,Suburban,988,10.536943,0
2023-02-28,1007,Suburban,787,15.970505,0
2022-09-17,1001,Urban,1273,9.64464,0
2022-06-05,1008,Suburban,798,20.377483,0
2022-09-12,1003,Suburban,2013,12.794352,1
2023-06-03,1005,Suburban,741,11.494126,0
2022-11-20,1003,Urban,1844,16.469283,0
2022-02-05,1006,Urban,573,9.567054,0
2023-04-02,1003,Rural,2097,17.012302,1
2022-03-30,1003,Urban,717,14.606637,1
2022-05-01,1005,Rural,593,6.876063,0
2023-08-22,1010,Suburban,662,15.041548,0
2023-10-30,1007,Urban,968,15.504145,0
2023-09-23,1006,Urban,636,6.735296,0
2023-09-27,1003,Suburban,785,15.924432,0
2023-04-27,1004,Urban,662,23.772489,0
2022-07-12,1003,Urban,642,14.568946,1
2023-01-27,1010,Rural,483,8.184342,0
2022-07-03,1002,Urban,50,13.10874,1
2022-11-12,1001,Urban,1036,8.986297,0
2023-08-23,1007,Suburban,804,15.606582,0
2022-07-15,1003,Urban,1742,14.496897,1
2022-03-01,1006,Suburban,1089,7.677129,0
2023-04-03,1008,Urban,1324,16.560843,0
2022-07-25,1007,Urban,502,18.158667,0
2023-02-02,1009,Rural,686,35.557832,1
2022-09-26,1001,Rural,1107,13.526069,1
2022-06-05,1008,Suburban,695,15.95123,0
2023-07-09,1004,Urban,3222,19.556809,1
2022-06-07,1007,Rural,452,26.779975,0
2022-12-18,1008,Urban,1577,15.574462,1
2023-09-30,1005,Rural,855,11.477707,1
2022-02-16,1010,Urban,1641,12.158164,1
2022-09-20,1005,Suburban,1748,6.490421,1
2022-07-07,1001,Urban,1404,13.742415,0
2023-10-19,1001,Suburban,467,14.026091,0
2023-10-14,1001,Rural,841,9.681853,1
2023-04-28,1004,Suburban,690,15.861263,0
2022-08-29,1007,Suburban,918,18.762062,1
2023-09-18,1007,Rural,1306,29.665016,1
2023-01-28,1006,Urban,886,4.763225,0
2022-03-08,1006,Urban,291,9.098518,1
2022-01-09,1002,Urban,773,11.107652,0
2022-08-15,1008,Suburban,889,14.783911,0
2022-10-10,1001,Urban,890,13.820745,0
2022-03-12,1003,Rural,937,14.5624,0
2022-08-01,1005,Suburban,949,9.205897,1
2023-03-03,1003,Suburban,989,18.329017,0
2022-05-08,1005,Urban,1844,8.220464,1
2023-10-02,1005,Urban,1189,5.976068,1
2023-02-26,1010,Rural,383,8.385862,0
2023-02-21,1009,Rural,687,26.825584,0
2023-01-15,1002,Suburban,1216,9.607555,1
2023-08-26,1008,Urban,1877,20.657295,1
2023-09-16,1001,Suburban,930,9.491092,1
2023-03-13,1002,Suburban,997,8.864682,0
2022-08-23,1009,Suburban,1253,35.492396,0
2022-07-16,1005,Urban,1195,6.328452,0
2023-02-21,1001,Suburban,1400,14.420228,1
2022-10-03,1010,Suburban,1128,17.639534,0
2022-05-26,1003,Suburban,1647,17.89712,1
2023-06-27,1010,Urban,1039,8.095856,0
2023-02-03,1003,Urban,1235,13.612428,0
2023-09-22,1010,Urban,447,13.984618,0
2023-04-28,1006,Rural,1015,9.885506,1
2022-11-30,1009,Urban,1288,31.06427,0
2023-07-27,1003,Urban,1115,15.134229,0
2022-06-19,1010,Urban,1402,12.19347,1
2022-01-29,1010,Urban,826,13.519012,0
2023-06-19,1004,Urban,1513,15.449565,0
2022-05-06,1006,Rural,997,7.940387,0
2023-01-26,1002,Rural,837,13.713166,0
2022-05-29,1008,Urban,1929,10.002888,1
2022-01-30,1003,Urban,1458,19.721565,0
2023-08-27,1004,Urban,1017,22.520095,0
2023-06-04,1003,Suburban,1766,16.993789,1
2023-01-22,1010,Suburban,1143,14.414472,0
2022-01-17,1005,Urban,1058,6.227879,0
2022-03-30,1004,Suburban,934,13.481506,1
2022-11-24,1006,Urban,910,6.219799,0
2023-01-25,1004,Rural,1115,18.985651,1
2023-07-22,1003,Urban,1977,18.728733,1
2023-05-14,1010,Rural,767,14.677948,1
2023-10-20,1008,Urban,50,13.728442,0
2023-07-04,1007,Rural,856,27.245966,1
2023-05-31,1008,Urban,1894,14.166002,1
2023-07-15,1008,Rural,724,10.218464,0
2023-04-07,1003,Urban,1168,12.222072,0
2023-05-22,1010,Urban,521,16.646778,0
2023-10-21,1002,Rural,573,6.643546,0
2023-05-12,1008,Suburban,1146,21.771422,1
2022-08-18,1003,Suburban,1127,15.941356,0
2022-07-06,1003,Suburban,362,15.097768,0
2022-07-15,1006,Urban,2165,8.902764,1
2023-05-03,1010,Urban,1051,16.28323,0
2023-08-12,1003,Urban,1562,15.001481,1
2023-07-30,1004,Urban,1498,21.654213,0
2023-08-23,1003,Urban,1753,10.697077,0
2022-12-09,1003,Urban,900,10.651372,0
2022-11-10,1001,Urban,1048,8.855481,0
2023-05-18,1008,Rural,587,12.86441,0
2023-03-22,1002,Urban,2105,13.895229,1
2022-03-26,1007,Urban,2001,26.10697,0
2022-04-26,1006,Suburban,683,5.947472,0
2022-06-13,1004,Urban,296,14.422335,0
2022-09-05,1006,Urban,1188,5.972998,0
2022-02-16,1001,Suburban,1241,11.239815,1
2022-04-06,1005,Suburban,1039,5.668239,1
2022-09-20,1006,Rural,964,5.240038,0
2022-08-02,1009,Suburban,1094,34.269057,0
2022-02-21,1003,Urban,1288,17.733922,0
2022-11-27,1001,Suburban,1458,11.064597,0
2022-04-22,1007,Urban,1242,26.011605,0
2022-11-29,1007,Rural,1270,17.748461,0
2023-11-25,1008,Urban,1667,15.461076,1
2023-10-27,1003,Urban,1154,12.486688,0
2022-02-01,1010,Suburban,948,13.03378,0
2023-01-01,1005,Urban,1010,10.966262,0
2023-08-18,1005,Suburban,848,11.953526,0
2022-09-28,1003,Suburban,1158,18.81288,1
2022-04-07,1007,Urban,694,16.579393,0
2023-01-28,1006,Urban,1718,9.687338,0
2022-01-08,1005,Urban,753,11.346782,0
2023-03-22,1009,Rural,589,24.252672,0
2022-09-09,1004,Urban,817,23.400855,1
2023-10-13,1004,Urban,911,13.852021,0
2023-07-03,1001,Suburban,1414,10.343994,0
2023-04-29,1006,Urban,1792,7.92501,0
2023-03-10,1009,Rural,1196,31.065126,0
2023-09-15,1009,Suburban,559,24.675865,1
2023-04-09,1008,Urban,1700,21.296934,0
2023-02-01,1006,Urban,1009,5.216129,0
2022-09-27,1006,Rural,665,5.08462,0
2023-09-03,1008,Rural,513,11.401036,0
2023-08-08,1003,Urban,1828,12.717385,1
2023-09-10,1007,Suburban,1197,25.46707,0
2022-03-17,1003,Urban,1407,14.437594,0
2022-08-03,1009,Urban,439,32.824019,0
2022-10-17,1001,Suburban,1561,10.627767,1
2022-10-13,1005,Suburban,456,8.796871,0
2022-11-15,1005,Urban,1167,6.520087,0
2022-03-24,1004,Suburban,890,23.383494,0
2022-06-29,1002,Urban,193,9.241009,0
2022-06-20,1010,Suburban,938,15.868411,0
2023-08-13,1003,Rural,736,11.317709,0
2022-05-22,1008,Rural,428,18.023061,0
2023-09-11,1010,Rural,578,8.525915,1
2022-07-10,1001,Rural,1202,9.920432,0
2022-06-09,1002,Suburban,425,13.71341,0
2022-10-01,1005,Urban,1646,7.361903,1
2023-07-30,1008,Rural,805,21.896822,1
2022-03-21,1004,Suburban,895,15.573329,0
2022-05-21,1006,Rural,1272,7.313607,0
2022-11-15,1007,Suburban,1788,26.078392,1
2022-06-14,1004,Rural,1025,23.434322,1
2023-07-25,1006,Rural,1146,6.414584,0
2022-03-28,1009,Urban,944,25.63885,0
2022-09-20,1002,Urban,1263,13.765825,0
2023-02-28,1008,Urban,2000,14.35284,1
2022-12-06,1005,Urban,263,11.233517,0
2023-04-23,1002,Suburban,115,10.101977,0
2022-02-21,1003,Urban,866,16.833037,0
2022-02-10,1009,Suburban,659,42.316941,1
2023-11-06,1007,Suburban,593,17.266653,1
2022-02-24,1002,Suburban,613,9.35926,0
2023-06-16,1007,Suburban,831,25.987992,0
2022-08-08,1004,Urban,1491,23.292836,1
2022-12-18,1009,Suburban,612,20.193257,0
2023-11-19,1007,Suburban,1514,23.177603,1
2022-04-24,1004,Rural,394,13.538213,0
2023-01-26,1008,Suburban,1358,16.421281,0
2022-03-16,1010,Suburban,902,13.612755,0
2023-02-04,1006,Rural,529,8.564986,0
2022-07-16,1006,Rural,489,5.803792,1
2023-06-20,1005,Urban,313,7.327941,0
2022-12-05,1002,Suburban,1157,12.208933,1
2022-04-21,1010,Suburban,906,15.556113,1
2022-07-09,1005,Urban,906,11.933302,0
2022-03-13,1009,Suburban,844,41.369459,1
2022-08-07,1001,Urban,1409,13.57505,1
2022-03-19,1004,Urban,1276,19.110946,0
2023-02-24,1005,Suburban,893,11.071419,0
2023-07-22,1007,Rural,922,27.480931,0
2022-01-10,1004,Rural,1060,24.317799,0
2022-06-10,1001,Rural,406,14.144909,0
2022-10-18,1001,Urban,688,11.117838,0
2023-03-06,1004,Suburban,975,21.656461,0
2023-03-18,1003,Rural,774,11.000181,0
2023-08-22,1001,Urban,970,8.541203,0
2022-01-16,1007,Urban,1678,22.110963,0
2023-05-03,1004,Urban,1154,19.873778,0
2022-02-01,1005,Suburban,1018,6.580115,0
2023-08-21,1006,Urban,925,9.52961,0
2022-01-10,1005,Urban,1085,9.266642,0
2022-07-19,1010,Suburban,1032,15.423809,1
2022-04-21,1010,Suburban,617,16.193188,0
2022-06-15,1008,Rural,697,10.715651,1
2023-04-05,1010,Rural,54,12.069881,0
2023-07-11,1008,Suburban,781,13.583065,0
2023-04-24,1002,Urban,1185,8.441267,0
2022-03-29,1005,Suburban,761,6.163507,0
2022-09-12,1009,Urban,542,33.794556,0
2023-07-02,1009,Urban,1771,35.151617,1
2022-06-13,1007,Urban,1549,26.454065,0
2023-07-19,1004,Rural,615,22.478682,0
2023-06-05,1004,Rural,1353,23.604531,1
2023-04-28,1003,Rural,849,13.757949,1
2023-04-08,1003,Suburban,825,10.657902,0
2023-08-12,1004,Urban,1935,21.852002,0
2023-07-13,1002,Rural,1241,12.706035,0
2022-12-24,1006,Suburban,1442,4.003325,1
2023-04-24,1008,Suburban,576,13.541872,0
2022-09-06,1001,Urban,907,14.985193,0
2022-06-29,1001,Suburban,1069,10.744944,0
2022-08-28,1001,Rural,477,14.518573,0
2023-04-10,1001,Suburban,1201,8.207155,0
2022-08-11,1001,Suburban,633,14.19411,0
2023-06-21,1009,Urban,1127,37.47983,0
2022-07-02,1009,Urban,1517,37.647667,0
2022-04-13,1010,Suburban,917,8.787609,1
2022-05-31,1006,Suburban,1536,6.390266,0
2022-09-16,1009,Suburban,1212,30.041129,1
2023-10-12,1005,Urban,1075,7.963917,0
2022-01-09,1009,Suburban,1530,25.785916,1
2023-07-19,1005,Urban,1754,6.010967,1
2023-02-10,1010,Rural,635,12.989873,0
2023-10-02,1001,Urban,1380,11.724564,1
2023-04-17,1005,Suburban,712,7.804126,0
2023-04-06,1006,Suburban,1036,4.551,0
2022-03-08,1002,Urban,975,8.923156,0
2023-11-09,1009,Suburban,1197,34.928768,0
2022-06-09,1003,Urban,1078,15.72866,0
2023-05-31,1009,Urban,1160,37.571168,0
2023-11-26,1007,Suburban,2082,28.648945,1
2022-08-14,1006,Suburban,489,9.293519,0
2023-07-23,1008,Urban,1020,16.458621,0
2023-07-28,1009,Urban,1004,29.750957,1
2022-03-08,1001,Urban,1144,13.910335,0
2022-02-24,1009,Rural,836,42.34946,0
2022-02-19,1008,Urban,1558,20.851724,1
2022-07-20,1003,Rural,1057,14.563482,1
2022-10-05,1005,Suburban,1201,9.179686,0
2023-03-26,1009,Suburban,661,26.060552,0
2023-07-09,1003,Rural,412,17.980466,0
2022-12-13,1010,Suburban,943,15.381686,0
2022-12-10,1005,Urban,759,9.621208,0
2022-11-29,1006,Urban,1945,4.664459,0
2023-01-21,1004,Urban,1876,20.585024,0
2022-10-02,1002,Suburban,1840,10.753275,1
2023-02-27,1008,Urban,1383,21.968394,0
2023-11-29,1007,Rural,1171,19.103764,0
2023-01-13,1005,Suburban,1187,8.253054,1
2022-01-01,1004,Suburban,710,21.782743,0
2023-09-19,1002,Urban,1256,7.561551,0
2022-08-26,1001,Suburban,1041,9.763358,0
2023-05-30,1001,Urban,1646,11.131579,0
2023-01-28,1007,Urban,1533,17.966514,0
2022-09-23,1007,Urban,1429,15.142127,0
2023-07-07,1007,Suburban,1031,24.219372,1
2022-10-10,1008,Urban,738,16.583597,0
2022-06-25,1002,Urban,1891,7.688447,1
2022-07-16,1006,Suburban,1184,7.083527,0
2023-02-18,1010,Suburban,1490,10.325803,0
2022-08-20,1004,Suburban,608,16.669257,0
2022-04-05,1005,Urban,1325,11.644287,1
2023-08-14,1005,Rural,707,10.780974,0
2022-06-13,1009,Rural,589,31.355726,0
2023-06-03,1010,Suburban,1724,15.44689,0
2022-01-24,1010,Urban,1180,11.46969,1
2023-04-09,1006,Rural,518,6.351887,0
2022-03-28,1008,Urban,1378,19.583356,0
2023-03-19,1009,Urban,1404,26.118979,0
2022-01-31,1006,Urban,1347,4.671838,0
2022-04-21,1008,Urban,1335,18.718705,0
2023-02-22,1010,Urban,1184,14.501562,0
2023-07-05,1004,Urban,927,23.2164,0
2023-01-16,1005,Rural,622,8.382664,0
2023-09-29,1005,Suburban,931,10.053468,0
2023-01-11,1001,Suburban,737,10.804861,0
2022-12-30,1003,Rural,353,15.637177,0
2022-05-06,1010,Urban,1790,12.583991,1
2022-05-16,1008,Urban,1081,13.769085,0
2022-10-12,1002,Urban,891,8.743437,0
2023-09-02,1005,Suburban,1788,5.287465,1
2023-07-15,1002,Suburban,1146,11.006155,0
2022-08-11,1007,Suburban,1127,18.942345,1
2023-07-29,1008,Urban,1721,13.552761,0
2023-09-27,1007,Rural,896,15.383211,0
2023-01-06,1005,Urban,961,10.195553,0
2023-03-30,1010,Urban,1353,12.914913,0
2022-09-16,1005,Urban,679,10.672122,0
2022-10-25,1009,Suburban,1020,31.076,1
2023-06-12,1006,Rural,567,4.206209,0
2022-02-01,1005,Rural,621,6.681719,0
2023-01-28,1006,Suburban,1369,6.360883,0
2023-11-20,1003,Rural,1088,12.14602,1
2023-01-10,1001,Suburban,1427,14.92945,0
2022-08-18,1001,Suburban,1478,8.773102,0
2023-10-05,1002,Suburban,1216,8.045859,1
2022-10-31,1007,Urban,420,27.148146,1
2022-03-10,1009,Suburban,1164,28.999038,0
2023-03-18,1004,Suburban,2555,21.847851,1
2022-02-01,1009,Rural,832,23.194574,0
2023-10-25,1009,Suburban,595,25.42333,1
2023-06-17,1005,Urban,1657,5.488714,0
2023-01-25,1005,Urban,1252,6.96937,0
2022-12-31,1010,Rural,1219,10.877542,1
2023-05-26,1008,Suburban,1242,19.339189,0
2023-07-02,1007,Urban,1146,27.381217,0
2023-12-01,1001,Urban,1021,12.941528,0
2023-03-11,1010,Urban,1878,10.905792,1
2023-02-05,1001,Urban,942,8.08481,0
2022-07-01,1006,Rural,241,7.394367,0
2022-12-28,1003,Urban,1149,16.0167,0
2022-10-04,1006,Urban,578,5.603107,0
2022-01-17,1007,Rural,1060,28.643534,1
2022-09-21,1004,Suburban,854,16.967874,0
2023-04-26,1009,Suburban,1157,35.793404,1
2022-03-31,1008,Rural,1046,17.324341,1
2023-04-01,1009,Suburban,1071,23.085179,0
2022-08-05,1005,Suburban,759,8.619338,0
2022-01-02,1010,Rural,383,16.266498,0
2023-11-28,1005,Rural,1360,7.119415,1
2022-02-14,1006,Urban,1033,6.470587,0
2023-07-06,1004,Rural,886,16.147572,1
2023-08-21,1004,Suburban,1205,12.82814,0
2022-04-12,1009,Rural,240,24.290875,0
2023-08-04,1008,Rural,1611,19.644465,1
2023-06-28,1006,Urban,1500,5.953869,0
2022-06-16,1003,Suburban,1259,15.910621,0
2023-07-30,1005,Suburban,758,5.253294,1
2022-02-05,1010,Suburban,838,10.875717,0
2023-11-05,1004,Rural,1371,15.827069,1
2022-03-07,1009,Suburban,1078,29.587547,0
2023-01-05,1008,Suburban,277,18.998071,0
2022-11-28,1006,Suburban,1414,4.347985,1
2023-06-08,1006,Urban,1084,6.151874,0
2022-06-10,1002,Urban,1612,9.3065,0
2022-03-07,1001,Suburban,1473,14.642581,1
2023-06-08,1005,Suburban,955,9.470009,1
2023-11-27,1001,Urban,624,11.214662,0
2022-09-01,1006,Suburban,1208,9.375607,0
2023-06-09,1001,Rural,689,10.055285,0
2022-06-09,1006,Rural,1032,5.546786,0
2023-11-14,1004,Suburban,543,22.996695,0
2023-05-08,1009,Suburban,1281,37.602492,0
2023-03-13,1004,Suburban,1700,13.211454,1
2022-05-10,1003,Urban,1536,17.185333,1
2023-07-17,1008,Urban,1966,10.518639,0
2022-09-28,1007,Urban,754,20.137088,0
2023-03-09,1010,Urban,1910,11.283578,1
2023-06-06,1003,Suburban,1324,11.500242,0
2023-08-30,1005,Suburban,959,9.064521,1
2022-08-11,1008,Urban,1910,15.126174,1
2022-10-27,1002,Suburban,1353,13.038136,0
2023-10-10,1003,Suburban,803,11.227057,0
2023-01-06,1006,Urban,517,9.526883,0
2022-08-31,1008,Rural,1407,14.591694,1
2023-01-15,1007,Urban,1836,24.772141,0
2022-11-09,1002,Urban,1221,13.339685,0
2022-04-06,1006,Urban,1133,4.0086,1
2023-10-16,1008,Rural,470,12.193287,0
2022-10-24,1009,Rural,606,24.123667,1
2023-03-25,1007,Suburban,1412,21.543109,1
2022-09-29,1004,Suburban,625,19.902961,0
2023-07-29,1005,Suburban,813,7.905318,0
2023-04-10,1010,Suburban,687,10.321286,0
2023-02-13,1009,Suburban,1281,30.577955,0
2023-02-24,1009,Suburban,1397,26.789973,1
2022-02-23,1010,Urban,1459,14.484239,0
2023-07-10,1009,Suburban,1052,25.392284,1
2022-09-23,1008,Rural,845,16.208584,1
2022-02-03,1010,Suburban,2055,14.276247,1
2022-07-23,1001,Suburban,837,12.327066,1
2023-08-06,1007,Rural,1348,28.274904,0
2022-12-28,1001,Suburban,686,9.368384,0
2023-06-21,1006,Urban,651,4.333283,0
2023-04-05,1003,Urban,1548,11.955484,1
2022-07-15,1003,Rural,1357,12.32469,0
2022-04-03,1007,Suburban,2633,15.788803,1
2022-10-25,1005,Urban,2035,10.831347,1
2022-07-22,1004,Rural,573,16.845785,0
2023-09-13,1007,Urban,1887,25.891211,1
2023-07-14,1005,Suburban,1708,9.758901,1
2022-10-11,1004,Suburban,703,19.139861,0
2023-10-05,1004,Rural,537,18.479744,0
2023-08-11,1009,Suburban,1211,34.590305,1
2022-01-28,1007,Urban,1104,23.769902,0
2022-09-16,1009,Rural,247,38.082249,0
2023-09-09,1006,Suburban,1047,8.904686,0
2023-02-09,1008,Urban,819,10.938468,0
2023-07-28,1010,Suburban,1037,10.140397,0
2022-12-30,1009,Rural,1121,42.577932,1
2022-12-03,1008,Rural,871,18.474738,0
2023-09-07,1001,Rural,736,10.706652,0
2023-07-21,1001,Suburban,1531,12.69224,1
2022-05-23,1004,Rural,454,14.954931,0
2023-09-16,1004,Suburban,1650,19.282503,1
2023-10-22,1010,Suburban,1012,14.618293,0
2023-01-30,1005,Rural,227,9.775585,0
2023-02-24,1005,Rural,546,9.652056,0
2022-04-22,1005,Rural,1089,8.278148,1
2022-05-11,1010,Urban,1146,11.420188,0
2023-01-01,1007,Urban,1144,24.369533,0
2023-09-16,1002,Rural,451,12.560513,0
2023-04-08,1010,Urban,1531,12.805783,0
2022-03-15,1004,Suburban,1072,22.7546,1
2022-03-11,1003,Rural,809,11.654416,0
2023-06-30,1010,Urban,1140,16.507307,0
2023-07-11,1007,Urban,1061,23.22498,0
2022-10-26,1004,Urban,802,20.821046,0
2022-06-18,1004,Suburban,1350,17.531388,0
2022-01-04,1010,Suburban,726,15.075534,0
2023-01-05,1002,Urban,1205,11.291216,0
2023-07-15,1009,Rural,1316,40.818077,1
2023-10-24,1010,Suburban,1110,8.847806,0
2022-01-30,1009,Urban,864,25.094846,0
2022-05-06,1001,Urban,1556,11.059551,1
2022-02-03,1009,Rural,853,21.658779,1
2023-02-23,1004,Urban,1688,17.950283,1
2023-04-30,1009,Urban,1325,44.011994,0
2022-02-09,1001,Suburban,913,10.338005,1
2022-08-28,1004,Suburban,1297,23.863833,0
2022-03-14,1008,Urban,1030,11.885004,1
2022-05-09,1008,Suburban,1153,12.013978,0
2023-03-29,1004,Suburban,1491,15.164933,1
2023-07-03,1006,Suburban,707,8.9801,1
2023-02-15,1006,Rural,507,6.227602,0
2023-11-10,1004,Rural,906,16.764724,0
2023-11-01,1005,Suburban,590,6.207179,0
2022-07-02,1007,Suburban,1165,20.860936,0
2022-02-20,1003,Suburban,1169,13.052643,1
2023-05-14,1009,Rural,1417,31.863661,0
2022-01-16,1007,Urban,1274,16.469075,0
2023-08-21,1002,Urban,737,10.190845,0
2022-07-28,1010,Urban,826,14.946223,0
2023-08-16,1003,Urban,1153,11.945562,0
2023-08-14,1003,Urban,1405,18.106721,1
2023-10-25,1003,Urban,1379,17.251377,0
2023-09-03,1009,Urban,1492,44.137771,0
2023-11-24,1007,Suburban,1482,15.345792,1
2022-06-27,1004,Suburban,1032,16.149743,0
2022-10-29,1001,Urban,501,10.531654,0
2023-08-11,1010,Suburban,627,12.867794,0
2023-01-29,1008,Rural,584,12.874093,0
2022-07-28,1005,Rural,898,8.340243,1
2022-12-23,1010,Urban,749,13.954499,0
2023-09-12,1001,Suburban,1034,9.015303,0
2023-01-20,1008,Rural,739,13.235634,1
2022-02-25,1004,Urban,1969,22.300563,1
2022-01-10,1004,Suburban,1227,22.153561,0
2022-12-23,1003,Urban,1320,16.382322,0
2022-03-01,1005,Urban,1211,5.3142,1
2023-05-21,1010,Urban,665,9.178072,0
2022-02-11,1007,Suburban,1269,17.179142,0
2023-04-05,1002,Urban,1795,13.028973,1
2022-03-29,1001,Urban,1220,9.539661,0
2022-03-04,1002,Suburban,1166,10.91466,1
2023-03-13,1009,Urban,1423,29.918549,0
2023-07-12,1002,Rural,1134,13.96709,1
2022-01-24,1003,Suburban,1177,15.347397,1
2023-04-15,1007,Urban,938,15.097517,0
2022-04-06,1008,Suburban,1201,21.881804,1
2022-06-17,1009,Urban,1230,28.141212,0
2023-11-28,1010,Urban,1456,9.356501,1
2023-05-30,1004,Urban,1675,13.932897,1
2022-07-29,1006,Rural,872,4.047725,0
2023-06-19,1006,Rural,899,5.443293,0
2023-06-04,1010,Suburban,1022,8.891705,0
2023-11-21,1005,Suburban,506,5.42455,0
2023-04-08,1002,Suburban,443,11.777866,1
2022-08-29,1009,Suburban,561,32.325387,0
2022-08-28,1009,Urban,1961,34.051953,0
2023-01-24,1001,Urban,1603,11.703149,0
2022-06-28,1010,Urban,965,13.278192,1
2023-11-18,1003,Suburban,1254,18.974632,0
2022-07-21,1003,Urban,1181,17.279024,0
2023-01-24,1002,Urban,1930,10.472087,1
2023-08-08,1001,Suburban,516,12.164512,0
2022-01-25,1006,Rural,747,8.710588,1
2022-06-12,1007,Rural,952,15.67997,0
2023-09-06,1010,Suburban,1082,9.088604,0
2022-04-18,1006,Suburban,925,9.710399,0
2023-03-13,1006,Suburban,300,4.097835,0
2023-01-08,1005,Suburban,311,11.708089,0
2022-03-30,1007,Rural,1009,17.887783,0
2022-08-05,1002,Urban,1635,13.923073,1
2022-06-02,1009,Urban,2194,36.206901,1
2022-09-16,1003,Urban,1147,15.07003,0
2023-09-07,1002,Rural,555,6.985768,1
2022-06-26,1010,Rural,1174,14.417464,1
2023-04-01,1006,Suburban,1127,7.614185,0
2022-04-26,1009,Rural,448,28.782889,0
2022-03-01,1008,Suburban,1434,18.9014,1
2023-04-19,1001,Urban,941,11.357296,0
2022-05-14,1008,Suburban,1268,12.317474,0
2023-03-08,1007,Suburban,1676,23.136626,1
2022-09-22,1006,Urban,1589,4.068955,0
2023-01-25,1010,Suburban,656,17.515298,1
2023-02-05,1003,Suburban,1310,10.131334,0
2023-08-18,1001,Urban,1773,9.651829,1
2023-08-13,1004,Urban,275,21.410323,0
2023-11-13,1005,Rural,549,11.800339,0
2023-08-13,1002,Rural,542,8.137976,0
2023-05-08,1005,Urban,1437,8.301163,0
2023-09-16,1009,Rural,356,39.907061,0
2022-12-13,1002,Urban,1220,9.650309,0
2022-03-17,1009,Urban,1472,44.759945,1
2023-05-21,1001,Rural,1248,12.294603,1
2022-08-26,1008,Suburban,1669,21.979542,1
2022-09-10,1005,Suburban,1166,7.769045,0
2023-06-16,1003,Urban,115,12.912293,0
2023-01-30,1010,Suburban,811,15.808258,0
2023-09-02,1008,Suburban,1362,17.600216,1
2022-05-03,1008,Urban,1335,14.772217,0
2023-05-08,1005,Urban,1420,7.982253,0
2022-12-21,1009,Rural,639,29.192238,1
2022-12-28,1001,Rural,1187,8.205223,1
2023-02-20,1004,Rural,231,21.014861,1
2022-01-13,1003,Urban,501,17.609633,0
2022-10-06,1004,Rural,843,24.01553,1
2022-06-13,1007,Urban,787,18.927758,0
2023-09-07,1003,Suburban,881,13.667165,0
2022-10-07,1001,Suburban,548,13.066801,0
2022-04-21,1005,Suburban,861,9.18449,0
2022-04-21,1007,Rural,1069,22.651475,0
2022-10-24,1007,Urban,2360,23.677677,1
2023-01-26,1004,Urban,963,12.806664,0
2023-06-15,1010,Rural,897,17.31681,0
2023-07-26,1004,Suburban,1251,23.17645,1
2022-07-09,1010,Urban,1423,17.160005,1
2022-01-10,1004,Rural,485,22.91313,0
2022-11-27,1008,Urban,1221,12.937898,0
2022-04-01,1008,Suburban,961,18.596317,1
2023-11-16,1001,Rural,1577,12.743716,1
2022-12-19,1004,Urban,1184,13.443603,1
2022-12-23,1004,Suburban,502,15.94422,0
2022-05-26,1004,Urban,1678,14.511602,0
2023-05-02,1002,Suburban,1276,13.321126,1
2022-12-09,1008,Rural,631,18.239918,1
2023-05-10,1010,Suburban,758,10.376578,0
2023-02-18,1002,Urban,1566,8.474461,1
2022-03-07,1009,Suburban,1122,23.437334,0
2023-10-19,1007,Urban,1460,25.062866,0
2022-03-18,1002,Suburban,967,10.552586,1
2022-09-05,1009,Rural,278,40.452814,0
2022-08-07,1006,Suburban,2305,4.227893,1
2023-04-24,1003,Suburban,525,17.306636,0
2023-07-02,1003,Suburban,989,11.116268,0
2023-08-11,1009,Urban,1253,25.363855,1
2023-09-25,1008,Suburban,551,12.737053,0
2022-12-30,1001,Suburban,820,11.403999,0
2023-04-29,1005,Urban,1903,10.187601,1
2023-01-15,1004,Urban,1235,14.438771,0
2022-07-23,1007,Suburban,1079,16.798288,0
2022-08-30,1007,Suburban,880,21.448378,0
2022-10-21,1008,Urban,2081,12.82246,1
2023-08-05,1010,Suburban,1468,14.850452,0
2022-09-14,1002,Suburban,1501,10.088233,1
2023-07-11,1003,Urban,1427,19.217978,1
2023-05-12,1005,Rural,755,11.703231,0
2023-06-02,1002,Urban,984,10.276901,0
2023-06-07,1007,Urban,1020,22.02052,0
2023-06-25,1009,Suburban,1301,39.494026,0
2022-03-25,1006,Urban,699,8.073185,0
2023-07-30,1008,Urban,1913,18.427716,1
2022-06-20,1008,Rural,851,21.476809,1
2022-01-06,1007,Rural,832,16.505939,0
2023-11-08,1005,Suburban,1324,11.591864,1
2023-03-04,1001,Suburban,1145,12.636601,0
2023-11-16,1006,Suburban,1256,5.654636,0
2022-06-25,1005,Suburban,1119,7.628158,0
2022-03-22,1006,Suburban,624,7.536659,0
2022-05-10,1004,Urban,1472,22.803088,1
2022-06-01,1010,Urban,1120,10.471488,0
2022-10-04,1010,Urban,2177,12.527507,1
2022-03-16,1009,Rural,332,42.510291,0
2022-05-13,1002,Urban,1313,6.635756,0
2023-09-20,1002,Suburban,1129,10.936434,0
2022-10-08,1005,Suburban,1169,11.507657,0
2022-07-22,1002,Urban,1235,8.095279,1
2023-02-16,1007,Rural,291,17.773461,1
2022-03-03,1005,Rural,1223,8.617939,0
2022-03-12,1002,Rural,1213,9.243772,0
2023-06-09,1004,Suburban,671,15.083398,0
2022-10-11,1004,Urban,2263,23.023191,1
2022-05-22,1003,Urban,992,10.412668,0
2023-03-14,1003,Rural,966,17.799158,0
2022-07-18,1001,Urban,748,12.659883,0
2023-04-23,1007,Urban,428,29.912607,1
2023-01-06,1008,Rural,954,11.401748,1
2022-04-14,1007,Suburban,1286,28.004152,1
2022-04-05,1009,Suburban,1199,37.905571,0
2022-02-21,1004,Rural,493,12.785599,1
2022-09-21,1007,Suburban,523,15.879443,0
2023-01-01,1007,Urban,669,24.490727,0
2022-04-08,1001,Suburban,1733,12.692631,1
2022-08-27,1004,Rural,775,18.29716,0
2022-03-15,1008,Urban,1109,20.980542,0
2023-02-19,1003,Suburban,1126,18.034236,0
2022-09-20,1002,Urban,1170,12.521642,0
2023-07-28,1003,Suburban,1138,14.045918,1
2022-01-11,1010,Urban,1106,14.055031,0
2022-02-03,1002,Rural,970,8.232339,0
2023-11-16,1006,Urban,869,5.05856,1
2023-05-02,1003,Urban,422,15.505041,1
2022-12-31,1006,Suburban,866,4.012068,0
2023-04-26,1010,Rural,690,11.432302,0
2022-01-21,1003,Rural,602,18.111085,0
2023-04-22,1007,Urban,1249,27.71298,0
2023-01-09,1001,Suburban,622,9.940575,1
2023-04-13,1004,Urban,1292,23.850846,0
2023-03-14,1010,Urban,425,9.336702,0
2023-04-15,1007,Urban,1877,15.470695,0
2022-12-03,1005,Urban,2076,9.904706,1
2022-03-18,1005,Rural,945,11.061203,1
2022-08-07,1003,Urban,1763,18.862614,0
2023-07-22,1003,Urban,1325,16.919314,0
2023-02-02,1010,Suburban,857,8.808091,1
2023-05-21,1007,Suburban,1185,18.783588,0
2023-01-20,1006,Urban,1569,5.671376,1
2023-06-22,1007,Suburban,1174,22.789922,1
2022-01-01,1005,Suburban,1395,10.090216,1
2023-06-23,1008,Urban,1400,19.310765,0
2023-10-17,1008,Suburban,1006,17.148253,0
2022-07-31,1004,Urban,1205,24.562054,0
2022-07-30,1004,Suburban,886,19.1731,0
2023-07-01,1003,Rural,1774,16.695972,1
2022-09-18,1002,Urban,2355,11.874477,1
2023-10-03,1006,Suburban,1341,6.59069,0
2023-07-27,1003,Suburban,791,11.115099,1
2023-11-10,1004,Rural,1304,24.998329,0
2023-10-10,1003,Urban,839,10.865714,1
2022-08-13,1006,Urban,1041,7.701099,0
2023-06-14,1002,Urban,1509,12.774181,1
2022-02-07,1009,Suburban,986,21.420977,0
2023-08-28,1002,Rural,710,11.529923,0
2023-08-14,1007,Rural,939,25.524846,0
2022-12-07,1005,Urban,934,7.7091,0
2022-09-12,1007,Suburban,998,22.499703,0
2022-04-21,1005,Suburban,842,5.981877,0
2022-06-25,1002,Urban,1305,9.093532,1
2022-02-04,1002,Urban,775,7.254644,0
2023-12-01,1007,Urban,1109,16.161334,1
2023-09-27,1008,Suburban,1334,11.251333,0
2022-05-05,1008,Urban,2247,13.157938,0
2022-06-14,1008,Suburban,1398,16.789704,0
2022-10-27,1005,Rural,448,6.413272,0
2023-08-17,1007,Suburban,904,29.709168,0
2023-02-16,1001,Urban,1454,14.287888,0
2022-12-21,1001,Urban,1221,10.549175,0
2022-08-25,1001,Suburban,1170,9.155981,0
2022-06-23,1005,Suburban,1799,10.547414,1
2023-09-12,1009,Urban,1469,22.70374,0
2023-01-01,1009,Urban,1911,28.853266,0
2022-04-25,1007,Urban,391,26.150787,0
2023-05-13,1004,Urban,1445,20.817767,0
2023-04-12,1004,Urban,1856,16.916002,1
2022-04-12,1005,Urban,863,8.872662,1
2023-02-03,1002,Rural,1244,11.695298,0
2023-06-11,1002,Urban,1665,6.416891,0
2022-07-22,1006,Suburban,1077,4.129539,0
2022-03-19,1001,Suburban,1753,9.826246,1
2022-12-03,1008,Suburban,1596,12.281846,1
2022-10-20,1010,Rural,1031,17.793758,0
2023-11-26,1002,Urban,1500,6.175862,0
2022-10-12,1003,Urban,1853,14.495328,1
2022-04-15,1009,Urban,1299,44.798909,1
2023-03-04,1005,Urban,1038,6.224626,0
2023-10-25,1002,Rural,1372,7.111567,0
2022-06-18,1008,Suburban,371,21.412516,0
2023-08-29,1007,Suburban,1092,17.203118,1
2023-01-07,1001,Urban,430,11.875141,0
2022-08-16,1004,Urban,1354,21.980631,0
2022-07-17,1005,Rural,1168,11.449572,0
2022-03-01,1004,Rural,499,22.485106,0
2022-02-16,1009,Rural,392,32.487418,1
2023-01-17,1010,Urban,1396,13.514045,0
2023-10-23,1009,Suburban,882,38.222093,1
2022-09-07,1006,Rural,1080,4.77131,1
2022-11-29,1010,Rural,994,8.635234,0
2022-12-26,1007,Suburban,1176,24.00943,1
2022-11-08,1007,Urban,695,23.749807,0
2022-10-06,1004,Rural,805,21.580735,0
2022-05-12,1007,Suburban,1400,20.095145,1
2022-07-06,1005,Urban,1517,9.953581,0
2023-05-19,1005,Urban,1045,8.930125,1
2022-11-02,1006,Urban,1377,9.417041,0
2023-06-08,1008,Suburban,776,19.228738,0
2022-02-18,1010,Suburban,706,16.762077,1
2023-01-24,1004,Urban,1048,24.185715,0
2023-03-12,1002,Urban,50,6.06495,0
2023-06-11,1008,Rural,986,11.655678,1
2023-09-23,1007,Urban,2338,17.444047,0
2022-08-08,1007,Rural,1160,18.991316,1
2023-05-07,1003,Urban,1390,18.661154,0
2023-01-12,1003,Suburban,916,17.086899,0
2022-11-15,1009,Suburban,1095,27.982508,1
2022-01-25,1001,Urban,1063,8.865843,1
2022-08-08,1002,Urban,1475,9.462343,0
2023-01-02,1005,Urban,1283,11.401908,0
2022-03-06,1010,Urban,486,15.104643,1
2022-09-20,1001,Rural,622,8.042981,0
2022-08-02,1004,Suburban,1555,14.621059,1
2022-02-01,1001,Suburban,829,8.272926,1
2023-01-29,1009,Suburban,1078,22.617239,0
2023-10-28,1010,Suburban,1294,15.148372,0
2023-07-01,1008,Rural,793,17.391173,0
2023-02-15,1003,Rural,848,17.228459,0
2023-02-08,1004,Rural,426,15.047052,0
2022-02-15,1008,Urban,1401,16.183545,0
2023-08-11,1006,Suburban,1442,7.36853,1
2023-10-13,1009,Urban,1374,25.112049,1
2022-10-19,1005,Urban,1760,11.627637,1
2022-06-18,1002,Rural,376,7.305047,0
2023-09-24,1003,Urban,1927,16.36043,0
2023-11-27,1010,Urban,1250,11.16673,0
2022-06-29,1007,Urban,1187,17.19248,0
2022-08-31,1006,Suburban,1255,8.239398,0
2023-06-13,1004,Rural,708,23.077924,0
2023-10-11,1005,Suburban,882,5.023053,0
2022-01-01,1001,Urban,1530,8.672077,0
2023-01-16,1003,Rural,765,19.445149,0
2022-11-15,1009,Suburban,715,34.438373,0
2022-04-22,1005,Urban,940,8.249868,0
2023-09-28,1002,Suburban,1341,8.223665,1
2023-02-20,1005,Suburban,467,6.691759,0
2023-11-19,1001,Urban,2643,12.843316,0
2022-04-08,1005,Rural,711,11.290595,0
2023-03-06,1004,Urban,1181,17.428868,0
2022-01-21,1005,Suburban,1279,7.070505,1
2022-03-07,1006,Suburban,1162,9.561644,0
2023-08-10,1002,Urban,968,8.596998,0
2022-03-22,1003,Suburban,1126,14.501898,0
2023-07-21,1009,Suburban,983,40.20816,0
2023-06-29,1005,Urban,2785,6.733551,1
2023-10-26,1009,Urban,1331,44.893706,1
2022-09-19,1003,Urban,2194,10.010293,1
2022-02-22,1006,Suburban,475,5.126832,0
2023-01-30,1009,Suburban,880,32.77215,1
2023-04-30,1003,Urban,1042,18.590384,0
2022-09-07,1003,Urban,627,17.960372,1
2022-01-28,1010,Urban,1163,10.090713,0
2022-04-17,1002,Urban,1857,6.659054,0
2023-05-13,1008,Urban,1603,21.399567,0
2022-12-16,1009,Rural,990,23.877357,0
2022-04-14,1009,Rural,778,35.71578,0
2022-02-05,1003,Urban,1658,13.20865,1
2023-07-17,1006,Suburban,649,4.513902,0
2022-01-01,1002,Rural,669,13.361541,0
2022-08-07,1009,Urban,1654,24.351685,1
2022-02-27,1010,Rural,963,9.677028,1
2022-07-15,1003,Rural,988,13.785013,0
2023-04-26,1002,Suburban,1375,12.39162,1
2023-06-22,1008,Rural,474,10.967891,0
2023-01-27,1003,Suburban,1344,13.219108,0
2022-10-28,1005,Suburban,1653,5.490769,1
2022-05-08,1010,Rural,1162,17.482437,0
2023-07-21,1001,Rural,934,8.404967,0
2022-02-14,1006,Rural,1446,6.892536,1
2023-01-29,1003,Suburban,611,16.615193,0
2023-10-13,1008,Suburban,1292,12.900565,1
2022-07-09,1001,Suburban,1162,11.493398,0
2023-01-21,1008,Suburban,679,19.068498,0
2023-03-05,1006,Urban,1315,9.996896,0
2022-06-18,1009,Urban,1668,38.507825,0
2023-07-18,1010,Urban,602,15.764653,0
2023-07-03,1008,Urban,1797,11.290137,1
2023-02-16,1006,Suburban,1972,4.20599,1
2022-04-27,1009,Suburban,713,31.809999,0
2023-08-19,1007,Suburban,1975,21.143381,1
2022-01-13,1010,Suburban,1227,14.026345,1
2023-10-13,1009,Rural,1774,40.768664,1
2022-10-18,1004,Suburban,115,23.800347,0
2022-11-07,1005,Suburban,891,11.594863,0
2023-04-18,1010,Urban,1034,9.780159,0
2023-04-07,1008,Urban,1002,17.213553,0
2023-03-06,1009,Urban,1066,37.385454,0
2022-08-01,1003,Suburban,941,12.722544,0
2023-06-27,1010,Rural,637,9.310422,0
2023-01-24,1008,Urban,984,20.944363,1
2023-11-16,1003,Urban,1158,10.259013,0
2022-05-03,1002,Suburban,1412,13.624542,0
2023-10-27,1003,Suburban,1099,15.980458,0
2022-09-13,1007,Urban,1476,20.49589,0
2022-07-14,1004,Rural,998,20.470617,0
2023-05-16,1003,Urban,1240,13.273455,0
2022-10-30,1004,Rural,752,14.335359,1
2023-07-04,1007,Suburban,793,15.051637,0
2022-02-06,1004,Rural,908,22.912122,0
2022-10-12,1007,Urban,2069,19.945194,0
2022-03-18,1004,Suburban,617,16.366678,0
2023-07-30,1002,Urban,867,11.998589,0
2023-09-24,1005,Rural,480,9.673595,0
2022-10-13,1005,Rural,803,9.348149,1
2023-05-18,1004,Urban,723,16.637966,0
2023-03-12,1001,Rural,741,11.521309,0
2023-11-08,1004,Suburban,1193,21.542742,0
2022-05-17,1003,Urban,1024,12.047398,0
2023-11-21,1007,Suburban,634,29.201509,0
2022-08-22,1001,Suburban,1149,14.119192,1
2022-05-17,1004,Rural,686,16.875766,0
2022-12-18,1010,Urban,1243,13.66356,0
2022-12-22,1006,Suburban,668,7.898798,0
2022-07-31,1003,Urban,1008,12.291849,0
2023-05-03,1005,Urban,1645,5.79168,1
2023-03-28,1009,Suburban,490,28.989739,0
2023-02-02,1007,Urban,1220,23.218717,0
2022-01-12,1001,Urban,1535,14.05361,0
2022-01-04,1009,Suburban,798,21.32874,0
2023-10-03,1010,Suburban,1001,10.61649,0
2022-08-31,1001,Rural,1490,9.029842,1
2023-03-24,1002,Suburban,1873,6.948224,1
2022-09-17,1001,Rural,1678,12.101784,1
2022-09-29,1002,Suburban,818,12.697179,0
2023-07-12,1006,Urban,953,7.617378,0
2022-09-29,1002,Suburban,878,9.089567,0
2022-11-12,1005,Suburban,1429,7.869496,0
2022-02-16,1003,Urban,2333,15.283236,1
2022-09-13,1008,Rural,394,15.084117,0
2022-04-30,1008,Urban,1524,10.752066,1
2023-05-19,1010,Rural,527,8.448675,0
2022-01-30,1004,Urban,3334,16.7759,1
2022-09-10,1003,Rural,439,17.121089,0
2023-05-29,1007,Suburban,585,25.091861,0
2023-04-20,1003,Urban,645,18.603672,0
2023-01-03,1003,Suburban,453,11.786317,0
2023-06-17,1004,Rural,1259,12.214795,0
2023-08-01,1005,Urban,1093,11.361728,1
2022-11-15,1005,Urban,1449,9.227498,0
2023-07-11,1007,Rural,719,16.509996,0
2022-04-02,1009,Urban,744,21.290064,0
2022-08-31,1007,Urban,598,22.826347,0
2023-09-15,1009,Suburban,1159,44.307465,0
2023-07-31,1003,Suburban,1606,15.226881,1
2022-01-27,1007,Suburban,754,19.088241,0
2023-07-31,1005,Suburban,869,6.158929,0
2023-03-06,1006,Rural,942,9.884899,0
2022-06-23,1002,Urban,631,13.851283,0
2022-07-16,1003,Suburban,999,13.09427,0
2023-06-26,1010,Suburban,1365,17.576363,1
2023-11-14,1006,Suburban,1059,7.332818,0
2023-06-27,1004,Urban,850,15.385658,0
2022-07-17,1008,Suburban,1264,15.649593,1
2023-11-07,1001,Suburban,528,10.317376,0
2023-01-07,1009,Urban,364,23.016836,0
2023-10-28,1010,Suburban,711,14.162967,0
2023-05-23,1001,Urban,1369,8.93253,0
2023-01-24,1006,Rural,980,7.694913,0
2022-06-08,1002,Urban,1811,13.123332,1
2022-03-23,1008,Urban,2732,15.734596,1
2022-03-25,1004,Urban,1357,14.725189,1
2023-09-21,1010,Urban,561,10.871082,1
2022-02-18,1008,Rural,434,14.128164,1
2022-12-31,1005,Urban,1174,11.583715,1
2023-07-18,1001,Rural,671,11.607957,0
2022-12-18,1002,Suburban,1794,13.674681,1
2022-11-02,1009,Suburban,946,20.340354,0
2023-03-23,1009,Urban,831,32.534694,0
2022-09-25,1008,Rural,733,18.306593,0
2022-12-27,1009,Urban,1035,43.389139,0
2022-08-17,1003,Urban,1953,16.896742,0
2022-03-12,1006,Urban,1209,9.531566,0
2022-08-05,1004,Urban,1733,21.324679,0
2022-04-29,1007,Suburban,1739,27.255597,1
2023-06-01,1002,Rural,1022,12.508991,0
2023-01-12,1002,Rural,711,9.176546,0
2023-10-03,1004,Rural,668,21.307466,0
2023-05-08,1008,Rural,855,20.916123,0
2023-07-27,1010,Suburban,558,8.086792,0
2023-04-11,1002,Urban,670,6.272783,0
2022-07-22,1005,Urban,2052,7.627626,1
2022-01-19,1010,Rural,786,17.470883,0
2023-06-10,1002,Urban,1695,9.852041,1
2022-10-04,1006,Rural,423,5.336549,0
2022-05-12,1009,Suburban,655,32.707161,0
2023-11-11,1008,Rural,659,14.309912,0
2023-06-18,1007,Rural,417,23.368145,0
2023-10-29,1008,Rural,883,12.745786,0
2022-11-04,1004,Urban,1394,12.15665,0
2022-03-14,1004,Suburban,1332,20.514692,0
2022-11-25,1010,Suburban,1111,9.6322,0
2022-09-09,1002,Urban,897,6.932192,0
2022-05-28,1003,Urban,2292,14.578575,1
2022-09-28,1009,Urban,1089,38.165926,0
2023-10-29,1004,Urban,831,12.484648,0
2022-10-10,1007,Urban,1196,20.078367,0
2022-08-15,1005,Rural,1042,6.232614,0
2022-01-18,1006,Rural,956,4.846306,0
2022-12-13,1009,Suburban,1179,43.211716,0
2022-07-28,1004,Suburban,585,24.958679,0
2022-03-07,1005,Urban,550,11.062746,0
2023-04-21,1002,Urban,1000,11.804522,0
2023-06-27,1004,Urban,1525,15.307522,0
2022-09-13,1002,Rural,1030,8.883675,1
2022-11-04,1003,Urban,1180,16.639869,1
2023-07-17,1002,Suburban,928,11.596772,0
2023-08-17,1008,Suburban,718,12.51275,1
2022-06-18,1008,Urban,918,18.282921,1
2022-03-28,1010,Urban,1236,16.198444,0
2023-04-02,1007,Rural,1275,15.169042,1
2023-05-05,1006,Urban,960,7.457031,0
2022-11-25,1007,Rural,908,22.666565,0
2022-01-12,1003,Urban,1257,11.186806,0
2022-08-08,1006,Urban,1626,4.1565,0
2022-08-06,1010,Suburban,1144,8.952621,1
2023-04-01,1009,Urban,2586,28.256456,1
2022-02-18,1002,Urban,1044,12.39743,0
2022-12-21,1007,Rural,737,25.596158,0
2022-02-22,1009,Rural,457,36.443937,0
2022-01-08,1009,Suburban,2591,25.760517,1
2023-06-12,1009,Urban,1258,33.804643,0
2023-11-13,1007,Urban,663,17.901444,0
2023-07-27,1007,Urban,1059,29.571671,1
2023-08-17,1007,Urban,1175,23.219195,1
2023-11-14,1009,Suburban,1083,42.881083,1
2023-11-09,1004,Rural,889,13.08736,0
2022-12-05,1002,Urban,1199,12.662928,0
2022-08-10,1009,Rural,1117,44.500527,1
2022-06-21,1005,Rural,645,9.004695,1
2023-04-02,1001,Urban,912,8.855377,0
2022-03-02,1001,Urban,821,9.477162,0
2022-10-14,1006,Rural,958,5.605382,0
2022-11-29,1010,Suburban,941,17.625528,0
2023-02-03,1009,Urban,1147,37.054421,0
2022-07-02,1009,Suburban,1445,41.253762,1
2022-03-02,1010,Suburban,1204,15.481937,0
2023-04-19,1002,Urban,816,6.698784,1
2022-04-01,1004,Urban,996,13.431239,0
2023-07-02,1002,Rural,1525,6.151769,1
2023-01-17,1008,Rural,678,15.93356,0
2023-05-26,1003,Urban,1130,19.717167,1
2023-03-30,1006,Urban,1179,4.287388,0
2022-10-20,1010,Suburban,939,8.390562,0
2023-02-12,1002,Suburban,1976,12.859229,1
2023-05-18,1006,Suburban,425,7.413165,1
2023-09-15,1004,Rural,919,14.861292,0
2023-02-28,1008,Urban,1497,12.975342,0
2022-04-27,1002,Urban,754,9.763171,1
2022-04-08,1001,Urban,971,8.122869,1
2022-03-14,1006,Urban,1145,4.588188,0
2023-09-24,1002,Urban,1541,6.392399,1
2023-09-07,1009,Urban,1603,20.216981,1
2023-03-22,1003,Urban,750,11.940018,0
2022-02-04,1001,Urban,1485,8.04774,1
2023-07-10,1006,Suburban,547,5.25974,0
2022-04-11,1005,Urban,1246,5.183672,0
2022-01-14,1004,Suburban,1000,14.670282,0
2022-02-12,1010,Urban,1560,8.588963,0
2023-02-08,1002,Urban,1065,6.835316,1
2022-08-10,1008,Urban,801,10.155243,0
2023-05-04,1009,Rural,600,30.655119,0
2022-10-23,1002,Urban,2338,13.856723,1
2022-12-14,1004,Suburban,1232,22.121533,0
2022-08-11,1008,Urban,1042,21.241906,0
2023-01-16,1008,Suburban,1181,12.815679,0
2022-05-19,1003,Suburban,968,12.663949,1
2022-03-20,1008,Suburban,1345,20.279382,0
2022-11-06,1006,Suburban,989,7.458058,0
2023-10-19,1001,Urban,1732,14.297848,1
2022-01-01,1007,Suburban,381,26.620725,0
2022-05-29,1001,Suburban,1020,13.232618,0
2022-12-24,1007,Suburban,991,29.18052,0
2022-12-17,1004,Rural,609,15.454039,0
2022-08-07,1005,Urban,1943,6.674942,1
2022-02-05,1009,Urban,1786,29.285034,0
2022-05-10,1002,Suburban,881,6.021368,1
2023-11-23,1003,Suburban,662,13.083817,0
2023-05-26,1007,Rural,448,20.846163,0
2023-04-24,1006,Urban,2418,4.352827,1
2023-05-27,1004,Rural,829,23.649073,1
2022-12-25,1005,Suburban,1128,8.564602,0
2022-09-16,1010,Suburban,1264,12.686414,1
2022-09-25,1007,Urban,1240,22.925051,0
2022-04-27,1007,Urban,914,15.887091,0
2023-03-20,1005,Urban,774,11.021439,1
2022-08-29,1009,Urban,1167,34.656921,0
2023-07-15,1001,Urban,1838,13.912245,1
2022-07-25,1001,Urban,1512,9.256603,0
2023-04-08,1003,Rural,512,14.95203,0
2022-06-06,1002,Suburban,692,8.958988,0
2022-07-24,1008,Suburban,1649,17.123154,0
2023-11-07,1008,Urban,768,21.542927,0
2023-03-09,1003,Rural,778,12.427326,0
2023-05-16,1010,Rural,854,10.660961,0
2022-06-04,1007,Suburban,1611,22.382059,0
2022-05-28,1010,Urban,1279,10.415595,0
2023-03-29,1006,Suburban,1492,9.657263,1
2023-09-23,1004,Suburban,1196,21.172387,0
2022-10-06,1002,Suburban,1068,8.275689,0
2022-09-16,1007,Urban,1089,22.931919,0
2023-07-27,1004,Suburban,932,24.369555,0
2022-03-07,1002,Suburban,1265,7.011723,1
2022-12-27,1002,Suburban,649,7.520147,0
2023-01-15,1001,Urban,1019,10.649067,1
2022-09-08,1005,Suburban,1530,7.099744,1
2022-01-21,1002,Urban,1158,9.570672,0
2022-09-11,1007,Suburban,688,19.931906,0
2022-12-08,1007,Rural,613,19.04013,0
2023-08-19,1003,Suburban,320,14.59711,0
2022-12-28,1003,Suburban,1218,13.716276,0
2022-09-15,1002,Rural,1053,12.499162,1
2023-10-11,1005,Urban,1060,6.62798,0
2023-08-08,1005,Rural,633,7.134076,0
2022-10-01,1007,Urban,1224,16.89462,1
2022-12-04,1009,Urban,2131,37.913727,0
2022-04-19,1008,Urban,1140,15.840023,1
2022-01-27,1005,Suburban,823,11.390117,0
2023-04-20,1003,Urban,439,17.053091,0
2023-06-11,1001,Urban,2299,12.975416,1
2023-09-29,1010,Suburban,771,9.849997,0
2023-04-18,1003,Urban,957,10.818239,0
2022-05-08,1009,Urban,1174,33.070149,0
2023-03-01,1004,Suburban,1631,24.312425,1
2023-09-30,1009,Urban,2282,42.450494,1
2022-09-27,1008,Urban,848,12.014577,0
2022-02-27,1002,Suburban,1691,11.672693,1
2022-05-13,1001,Rural,730,8.349734,0
2022-07-28,1006,Urban,756,7.300838,0
2023-08-23,1008,Urban,1070,19.502756,1
2022-06-10,1008,Rural,1473,15.789992,1
2023-08-12,1004,Suburban,1395,15.314045,1
2022-09-18,1003,Suburban,1026,19.686908,0
2023-10-01,1006,Urban,1260,6.5949,0
2022-06-22,1001,Rural,753,13.664155,0
2023-07-02,1001,Urban,2073,11.515666,0
2022-10-21,1005,Urban,2083,6.887905,1
2023-09-02,1008,Rural,482,10.275381,0
2023-01-18,1005,Urban,1924,11.361032,1
2023-02-02,1006,Urban,210,9.757841,1
2023-05-24,1008,Suburban,1408,16.525328,0
2022-07-30,1008,Suburban,351,12.101688,1
2022-09-14,1010,Urban,507,9.308611,0
2022-11-17,1003,Suburban,589,10.4676,0
2023-03-12,1005,Suburban,1162,11.770451,0
2022-08-23,1010,Rural,937,13.152796,0
2022-01-09,1008,Urban,2044,18.135141,0
2023-01-17,1003,Suburban,857,19.001548,0
2023-05-16,1001,Rural,703,9.558012,0
2023-04-09,1006,Urban,1525,5.365218,0
2022-02-09,1007,Suburban,686,16.213791,0
2022-05-13,1007,Rural,700,24.721659,0
2023-10-27,1010,Suburban,1356,12.830274,1
2022-09-02,1009,Urban,1508,43.523387,0
2022-12-30,1004,Suburban,1300,21.718516,0
2022-06-21,1009,Rural,693,26.188607,1
2023-02-06,1009,Urban,1417,27.620328,1
2022-06-04,1008,Urban,1534,15.477441,0
2023-01-17,1001,Urban,821,13.324687,0
2023-09-22,1008,Rural,929,20.228174,1
2022-11-16,1004,Urban,546,13.565163,0
2022-01-03,1006,Rural,1021,6.619427,1
2022-02-06,1004,Rural,1100,24.009547,1
2022-03-29,1004,Urban,738,17.595694,0
2022-04-21,1003,Rural,1504,15.92003,1
2023-07-01,1007,Urban,651,29.6895,0
2023-09-10,1003,Suburban,869,11.098655,0
2023-01-18,1005,Urban,1697,10.794622,1
2022-08-10,1009,Suburban,1286,20.01275,1
2022-05-27,1008,Suburban,789,11.129578,0
2022-05-19,1005,Urban,1051,6.240647,0
2022-08-19,1007,Rural,763,21.823297,1
2022-08-11,1003,Urban,1333,15.08277,1
2023-10-05,1010,Rural,626,9.990444,0
2023-06-14,1003,Suburban,833,11.511717,1
2023-11-10,1002,Suburban,413,9.919721,1
2022-04-14,1001,Suburban,1825,10.12633,1
2022-11-02,1002,Suburban,1376,13.977641,0
2023-06-23,1005,Rural,680,7.774843,0
2023-03-19,1005,Rural,1482,5.818918,1
2023-09-24,1006,Suburban,1885,4.479396,0
2022-11-27,1004,Urban,566,21.183924,1
2023-08-02,1009,Urban,1275,33.235099,0
2022-06-22,1010,Suburban,361,8.685458,0
2022-05-08,1006,Urban,1215,5.160134,1
2023-04-02,1008,Suburban,2102,21.013925,1
2023-06-28,1005,Suburban,1127,6.942632,0
2022-06-03,1005,Urban,1079,8.128566,0
2023-01-23,1010,Urban,1414,11.533616,0
2022-03-24,1006,Suburban,1528,9.200239,1
2023-02-18,1005,Urban,1176,5.642498,1
2022-04-14,1009,Rural,475,39.913552,0
2023-05-03,1008,Suburban,800,15.65281,1
2022-11-08,1002,Urban,928,10.285042,0
2022-07-20,1006,Suburban,355,6.384612,0
2023-01-08,1007,Suburban,1022,18.566826,0
2022-10-30,1008,Suburban,532,16.699116,0
2022-03-15,1002,Rural,427,7.167432,0
2023-08-27,1009,Urban,1529,39.091216,0
2022-02-13,1005,Urban,724,7.909391,0
2022-10-01,1004,Suburban,1242,20.928795,0
2023-08-01,1006,Suburban,1190,4.747332,0
2023-05-29,1008,Rural,896,17.600295,0
2022-02-26,1001,Rural,1152,11.260354,0
2022-05-14,1002,Urban,2158,10.819482,0
2023-09-03,1006,Suburban,969,5.92138,0
2022-06-30,1010,Urban,931,12.18551,0
2022-06-01,1008,Urban,1348,14.768271,0
2023-07-19,1001,Urban,949,14.729273,0
2022-02-07,1008,Urban,810,11.081668,0
2023-10-23,1006,Urban,2010,7.232035,1
2022-11-21,1006,Urban,527,7.285266,0
2023-08-31,1003,Urban,1329,12.523725,1
2022-07-21,1002,Rural,601,7.717715,0
2023-08-11,1003,Suburban,1126,15.160053,0
2022-05-17,1003,Rural,1224,19.681764,0
2023-02-25,1006,Suburban,1443,5.16811,0
2022-08-06,1008,Rural,625,11.757118,0
2023-06-03,1005,Suburban,727,10.509646,0
2022-12-24,1009,Rural,777,41.392184,0
2023-11-29,1002,Urban,1536,7.121251,0
2023-04-11,1009,Urban,1466,23.050247,0
2022-01-07,1006,Urban,1559,9.224318,1
2022-08-08,1001,Suburban,857,12.03982,0
2023-09-09,1002,Rural,969,11.130551,0
2023-02-12,1004,Urban,1074,17.979718,0
2022-10-07,1007,Urban,1735,27.425535,0
2023-02-11,1009,Urban,2541,25.280062,1
2023-05-13,1003,Suburban,1409,11.794328,0
2022-02-06,1008,Urban,1400,12.316867,1
2022-04-24,1005,Urban,1510,9.937048,1
2022-11-08,1002,Suburban,920,12.248782,0
2022-10-27,1009,Suburban,1389,39.182205,1
2023-11-25,1006,Rural,1224,9.387702,1
2022-09-08,1002,Urban,1295,12.649504,0
2022-10-19,1002,Suburban,101,13.844325,0
2022-02-22,1003,Urban,1332,11.069818,0
2022-06-02,1001,Rural,529,8.369869,0
2023-02-13,1010,Urban,963,10.215008,0
2023-06-10,1008,Suburban,919,19.578111,0
2022-12-05,1004,Rural,599,14.90904,0
2022-08-26,1010,Urban,1491,15.556613,0
2022-11-28,1003,Suburban,1419,19.472278,0
2022-05-11,1004,Rural,934,16.193957,0
2022-03-10,1008,Suburban,888,13.023283,0
2023-09-26,1009,Urban,1444,27.405261,0
2023-09-28,1002,Rural,695,7.05725,0
2022-09-30,1010,Suburban,712,13.607393,0
2022-03-22,1003,Suburban,746,10.795172,0
2022-10-25,1010,Urban,1450,10.257031,0
2023-02-26,1002,Rural,537,11.288296,1
2022-09-26,1007,Urban,1616,24.831413,1
2023-11-30,1001,Urban,1254,11.799213,0
2023-02-24,1007,Suburban,1229,22.653198,0
2023-08-17,1010,Suburban,1160,8.549641,0
2022-08-25,1007,Urban,1352,20.471757,0
2023-01-11,1003,Urban,627,13.448564,1
2022-11-03,1009,Suburban,623,20.359255,1
2022-07-30,1003,Rural,934,11.550597,0
2023-04-13,1006,Suburban,1245,9.953555,0
2022-01-17,1001,Rural,557,9.667498,1
2023-01-23,1010,Rural,493,12.912729,1
2022-06-23,1009,Suburban,531,20.048433,1
2023-08-15,1002,Urban,892,11.647345,0
2023-01-09,1010,Suburban,1204,15.906273,0
2023-11-11,1008,Suburban,954,13.923721,0
2022-07-21,1001,Suburban,1693,13.416843,1
2022-11-08,1002,Rural,1416,12.543001,1
2022-02-17,1004,Urban,700,13.722416,0
2022-12-30,1007,Urban,1322,19.803144,0
2023-02-10,1006,Suburban,883,4.184685,0
2023-09-04,1007,Urban,1265,25.97816,0
2023-03-09,1004,Urban,787,15.897426,0
2022-03-27,1007,Suburban,341,15.665835,0
2023-05-19,1008,Urban,1414,13.978067,0
2023-10-11,1002,Rural,1193,11.238323,1
2023-07-18,1001,Rural,1722,9.624554,1
2022-03-30,1003,Urban,1218,19.820755,1
2023-08-08,1005,Suburban,1068,5.478668,0
2023-03-17,1010,Suburban,708,11.703479,0
2022-08-03,1006,Suburban,1120,6.465787,1
2023-07-01,1008,Urban,997,17.71963,0
2022-01-13,1009,Urban,547,34.200815,0
2022-09-11,1006,Suburban,671,8.807318,0
2022-06-18,1006,Urban,903,5.763058,0
2023-08-02,1009,Suburban,1010,20.851235,1
2023-08-29,1005,Urban,885,10.67533,0
2023-02-23,1007,Urban,1846,23.087863,0
2023-01-09,1006,Urban,1136,8.978467,1
2022-08-17,1005,Urban,1495,5.833038,0
2023-08-02,1006,Suburban,1577,7.084247,1
2023-07-02,1007,Suburban,980,28.795376,0
2022-05-23,1005,Urban,1422,11.915667,0
2022-03-25,1004,Rural,1023,14.390648,0
2022-10-01,1005,Suburban,1112,10.136661,0
2023-09-10,1005,Rural,967,6.432683,0
2022-08-29,1006,Urban,1666,9.777193,1
2023-06-01,1007,Suburban,1781,25.416374,0
2023-05-14,1006,Urban,966,5.544429,0
2022-08-09,1005,Urban,1163,8.210485,0
2023-04-18,1009,Suburban,1215,36.767788,0
2022-01-05,1006,Urban,1280,9.629193,0
2022-07-18,1005,Urban,1093,9.006014,0
2023-06-22,1010,Urban,1228,10.322984,1
2022-05-02,1006,Urban,1378,8.411487,1
2023-08-28,1002,Suburban,754,10.265768,1
2022-11-04,1008,Urban,1019,13.913588,0
2023-03-22,1008,Urban,1155,11.784201,0
2022-04-29,1010,Urban,987,17.464728,0
2022-09-12,1007,Suburban,988,15.512947,0
2023-11-18,1003,Rural,945,18.644163,0
2022-02-17,1004,Urban,1398,13.037906,0
2023-09-12,1007,Urban,1016,27.474802,0
2023-10-17,1010,Urban,1387,9.780654,0
2022-04-04,1004,Rural,1040,16.827334,0
2023-01-19,1004,Suburban,520,19.831178,0
2022-12-17,1003,Rural,708,16.881868,0
2023-04-18,1010,Suburban,838,11.88049,1
2022-02-05,1007,Suburban,806,15.920594,0
2022-06-24,1001,Suburban,3002,8.372703,1
2022-07-13,1002,Urban,783,7.946836,0
2022-01-14,1007,Urban,404,19.234066,0
2023-10-05,1007,Urban,1627,26.388201,0
2022-08-20,1001,Suburban,1483,11.514501,1
2023-04-21,1001,Suburban,313,14.650726,0
2023-06-16,1009,Rural,461,44.739555,0
2023-03-10,1009,Rural,879,28.583273,0
2022-08-13,1008,Suburban,581,17.360442,0
2023-09-03,1006,Rural,607,8.880727,0
2022-03-01,1002,Suburban,1490,9.602389,0
2022-09-16,1004,Urban,650,14.828143,0
2023-04-01,1004,Urban,1365,17.277499,0
2023-04-14,1008,Urban,1985,11.527186,1
2023-03-27,1010,Urban,1293,12.267959,0
2023-02-03,1002,Urban,1073,10.877142,0
2023-05-16,1006,Urban,766,5.771689,0
2022-05-15,1008,Suburban,1119,20.483582,1
2023-07-08,1004,Rural,634,22.202086,0
2023-08-29,1007,Urban,1637,17.459432,0
2022-03-18,1001,Suburban,314,10.355133,1
2022-08-24,1001,Rural,376,9.846489,0
2023-03-14,1007,Urban,768,28.477415,1
2023-06-01,1009,Urban,1392,43.744678,1
2022-03-13,1010,Suburban,687,8.185921,0
2023-10-05,1006,Suburban,1481,4.68598,0
2023-09-25,1009,Suburban,870,25.631644,0
2022-03-13,1010,Rural,1064,13.852502,0
2023-09-18,1010,Suburban,733,13.648158,0
2022-01-27,1005,Rural,993,5.636718,0
2023-06-10,1009,Rural,1389,34.897108,1
2023-01-27,1003,Suburban,955,13.778091,0
2022-11-01,1004,Rural,634,21.537588,0
2023-03-19,1001,Suburban,1144,14.669226,1
2022-03-17,1008,Suburban,938,18.738089,0
2022-01-31,1005,Urban,1755,5.479954,1
2022-10-15,1006,Suburban,1301,6.933359,0
2023-08-08,1006,Urban,927,4.925205,0
2022-05-06,1006,Urban,642,6.464467,1
2022-10-14,1002,Urban,207,10.624735,0
2022-12-13,1010,Suburban,945,11.300708,0
2022-02-08,1002,Rural,493,9.223,0
2023-11-03,1001,Urban,1553,11.405503,0
2022-02-11,1008,Urban,1200,14.968008,0
2022-09-01,1003,Urban,1706,10.597179,1
2022-04-22,1007,Suburban,982,22.953535,0
2023-03-18,1002,Rural,1098,12.529713,0
2023-05-16,1010,Rural,1104,13.462981,1
2022-12-09,1002,Urban,664,8.52201,0
2022-05-16,1006,Rural,902,6.667866,0
2023-06-14,1005,Urban,1837,9.192146,1
2022-02-11,1003,Urban,1360,19.784342,0
2022-12-09,1008,Suburban,1062,17.68263,1
2022-12-08,1005,Suburban,1062,7.659593,0
2022-02-05,1005,Suburban,792,8.012446,0
2022-09-30,1009,Suburban,1130,28.521985,1
2022-06-06,1006,Urban,1811,6.977658,0
2023-03-08,1009,Rural,528,40.065992,1
2023-01-10,1006,Suburban,968,4.333437,0
2022-05-02,1010,Rural,801,15.607759,1
2023-05-28,1009,Urban,839,23.966379,0
2023-11-04,1006,Suburban,1771,6.412556,0
2022-12-27,1005,Urban,1533,10.163791,0
2023-03-07,1004,Suburban,842,20.760562,0
2023-11-11,1010,Urban,1870,14.872384,1
2022-11-06,1007,Rural,644,25.856245,0
2022-12-03,1002,Suburban,1363,13.510306,0
2022-08-04,1006,Suburban,789,5.087749,0
2023-11-17,1003,Urban,1375,19.695865,0
2023-07-30,1010,Rural,527,17.658304,0
2023-07-21,1001,Suburban,1137,8.172071,0
2023-06-24,1002,Urban,930,7.477902,1
2023-06-03,1010,Suburban,1077,11.552927,0
2022-10-16,1005,Suburban,1838,7.053298,1
2022-06-13,1007,Rural,551,26.526018,0
2023-09-26,1006,Urban,1274,4.8512,1
2023-07-29,1008,Urban,1091,17.947527,1
2022-08-07,1010,Urban,1281,8.596622,0
2022-03-04,1007,Suburban,1775,21.142027,1
2023-08-30,1007,Urban,1616,16.768242,1
2023-06-25,1008,Rural,1091,12.545547,1
2023-04-23,1009,Urban,1172,41.418986,1
2023-05-01,1002,Rural,983,10.511232,0
2022-07-16,1006,Suburban,947,6.306509,0
2023-09-26,1001,Urban,368,14.247396,0
2022-01-11,1001,Suburban,1208,14.94769,0
2023-08-25,1006,Suburban,623,8.832499,0
2022-04-28,1004,Rural,943,17.773727,0
2023-02-27,1006,Rural,1311,5.656431,0
2022-06-27,1009,Suburban,1366,25.040334,1
2022-09-09,1009,Urban,1892,36.644152,0
2022-10-08,1009,Urban,1606,40.737582,0
2023-01-02,1006,Suburban,1177,7.78899,0
2022-09-30,1006,Suburban,1185,9.429659,0
2023-09-10,1005,Urban,1274,7.745434,0
2022-05-20,1007,Urban,1201,22.487753,0
2023-08-04,1008,Suburban,1107,11.96347,0
2022-06-14,1007,Rural,409,19.503866,0
2023-11-12,1010,Urban,859,9.584893,0
2022-11-29,1009,Urban,1310,30.183081,0
2023-04-01,1005,Urban,2119,9.69345,1
2022-10-20,1008,Rural,557,19.243851,0
2022-05-09,1005,Urban,533,10.841842,0
2022-01-06,1003,Urban,1012,18.638126,0
2023-09-14,1007,Suburban,665,28.410081,0
2022-04-25,1008,Suburban,510,13.275026,0
2023-01-21,1009,Rural,531,37.40546,1
2023-05-13,1001,Urban,280,8.976253,0
2023-05-26,1010,Rural,769,10.695047,0
2022-01-31,1004,Urban,50,16.670916,0
2023-09-10,1010,Rural,819,14.343973,0
2022-06-21,1007,Suburban,607,23.542817,0
2023-06-07,1008,Suburban,1127,14.458564,1
2022-04-29,1005,Urban,1440,6.038648,1
2022-12-12,1007,Urban,844,23.753707,0
2023-11-28,1008,Urban,1153,11.428881,0
2023-06-05,1010,Urban,1050,10.364596,0
2023-01-15,1005,Suburban,455,9.324119,0
2022-03-18,1004,Urban,943,14.968221,0
2022-12-11,1002,Urban,1253,9.067409,0
2022-08-16,1006,Urban,1123,9.825472,0
2023-09-13,1007,Urban,890,28.322979,1
2023-11-02,1010,Suburban,1355,12.538498,1
2022-04-15,1007,Urban,815,18.808183,0
2022-05-30,1007,Urban,1337,26.155129,0
2023-06-09,1002,Urban,1281,7.333122,1
2022-07-16,1008,Urban,1978,12.360237,1
2022-10-20,1004,Suburban,526,17.329084,0
2022-10-20,1010,Suburban,567,17.085042,0
2023-04-30,1008,Urban,1307,18.344677,0
2023-06-24,1010,Suburban,469,13.21271,0
2022-11-12,1007,Urban,1106,17.26678,0
2022-03-25,1003,Urban,1427,15.126614,1
2023-09-21,1008,Suburban,1017,13.343804,0
2022-02-07,1010,Urban,901,17.856598,0
2023-08-06,1003,Rural,1609,12.06434,1
2023-09-21,1001,Rural,1292,14.230335,0
2022-02-24,1003,Suburban,1858,16.174335,1
2022-08-04,1010,Rural,911,8.096952,0
2022-10-13,1005,Rural,758,5.031356,0
2022-01-25,1008,Urban,1497,20.483533,1
2023-08-13,1004,Suburban,575,19.291798,0
2022-07-06,1009,Rural,787,35.015324,0
2023-11-08,1002,Urban,750,10.228468,0
2023-08-07,1009,Suburban,549,21.84616,0
2022-10-20,1006,Urban,1957,9.350937,1
2023-01-13,1006,Suburban,1429,9.061743,0
2023-01-07,1008,Suburban,1329,16.07075,1
2023-02-24,1006,Rural,717,8.840468,0
2023-05-28,1005,Urban,1226,5.077325,0
2022-04-16,1003,Suburban,986,14.860737,0
2022-02-07,1009,Urban,902,43.638589,0
2022-04-12,1010,Rural,458,11.262362,0
2022-12-09,1003,Rural,1012,16.241625,0
2022-04-16,1010,Urban,1364,13.406432,1
2023-08-06,1005,Rural,455,6.806563,0
2022-05-20,1008,Suburban,592,16.960298,0
2023-04-22,1008,Suburban,1017,13.730441,1
2023-03-23,1002,Suburban,816,12.818262,1
2023-10-26,1006,Suburban,685,5.29389,0
2023-10-23,1010,Urban,1800,14.771199,1
2022-09-26,1001,Rural,687,13.189939,0
2023-01-25,1005,Urban,1229,11.438887,0
2022-08-22,1009,Rural,760,21.742617,1
2022-09-14,1007,Suburban,1291,24.638598,1
2023-11-06,1006,Suburban,905,8.85119,1
2022-08-18,1005,Urban,914,9.665351,0
2023-09-28,1008,Suburban,842,12.646817,1
2023-03-03,1007,Rural,1257,27.004684,1
2022-03-22,1008,Urban,1310,21.829211,0
2022-08-25,1005,Urban,504,9.561662,1
2022-12-28,1004,Urban,1641,19.59848,0
2023-05-26,1010,Urban,1766,12.068358,1
2023-09-13,1007,Urban,860,20.81364,0
2022-06-09,1004,Rural,955,20.661228,0
2022-05-10,1010,Rural,617,12.764826,1
2023-10-23,1005,Urban,1036,7.571173,0
2022-02-13,1004,Suburban,1107,16.766092,0
2023-09-22,1009,Suburban,533,38.999106,1
2023-04-04,1001,Urban,449,14.002911,0
2022-11-20,1004,Urban,1153,24.151651,1
2023-06-07,1007,Suburban,1104,21.42593,0
2023-06-07,1001,Urban,1042,8.417357,1
2022-10-10,1009,Urban,1267,21.147347,1
2023-06-13,1002,Suburban,672,7.902402,0
2022-10-13,1001,Urban,50,8.430135,0
2023-04-13,1003,Suburban,1422,16.802726,0
2022-05-26,1001,Suburban,1135,8.041985,0
2023-02-14,1001,Suburban,615,10.310496,0
2022-05-27,1006,Urban,689,7.685977,0
2022-01-25,1006,Rural,554,8.902991,1
2022-08-14,1004,Rural,1685,24.975692,1
2022-08-13,1002,Suburban,917,6.726238,0
2023-07-27,1003,Suburban,686,11.496857,0
2023-08-24,1004,Rural,1309,23.966534,1
2023-10-16,1007,Urban,1348,15.689209,0
2023-05-10,1005,Suburban,810,8.351758,0
2023-03-03,1001,Suburban,1175,8.679137,1
2023-04-20,1003,Urban,934,16.420532,0
2023-08-11,1007,Suburban,406,21.799942,0
2022-05-14,1004,Rural,727,19.024771,1
2022-03-27,1007,Suburban,1991,17.601456,1
2022-12-02,1005,Suburban,665,7.085518,0
2023-07-06,1002,Urban,1373,6.162854,0
2023-02-11,1009,Suburban,1040,37.363112,1
2023-09-13,1006,Urban,1200,7.423403,1
2023-10-01,1005,Suburban,935,7.612573,0
2022-01-16,1007,Urban,1571,18.159623,1
2022-06-24,1003,Urban,1912,13.312512,0
2022-04-13,1008,Suburban,877,17.312713,0
2022-07-06,1001,Suburban,885,13.592392,1
2022-04-21,1006,Urban,1127,5.395198,0
2023-02-03,1002,Suburban,815,11.760439,0
2022-08-07,1008,Urban,1699,19.119199,0
2022-01-30,1005,Suburban,898,7.745542,0
2022-11-21,1007,Rural,1138,20.120846,1
2022-02-22,1005,Suburban,1922,9.872536,0
2023-04-21,1004,Urban,968,20.933796,0
2023-02-23,1007,Rural,720,28.857546,0
2023-01-02,1009,Urban,1029,39.139767,0
2023-02-05,1003,Suburban,950,13.917274,0
2023-04-20,1010,Urban,1087,13.348281,0
2022-01-25,1002,Suburban,651,12.915067,0
2022-07-07,1009,Rural,539,29.859677,0
2023-01-22,1005,Rural,752,6.833146,0
2023-05-10,1006,Suburban,1257,8.958661,0
2023-10-21,1004,Suburban,1147,18.334671,0
2023-06-11,1007,Suburban,1216,19.864454,0
2023-11-29,1007,Urban,1354,29.753291,1
2022-11-21,1003,Suburban,725,17.785733,0
2023-02-24,1005,Urban,1087,6.849687,0
2023-07-05,1003,Urban,1401,10.958496,1
2023-05-23,1010,Rural,1079,12.820768,0
2023-05-18,1003,Urban,1334,19.826178,0
2022-03-01,1003,Suburban,1054,11.751662,0
2023-11-26,1004,Urban,1875,21.646425,0
2023-01-15,1006,Suburban,790,9.692685,0
2022-03-06,1001,Suburban,1518,13.503749,0
2022-06-22,1007,Urban,1673,21.878155,1
2023-01-02,1004,Suburban,1209,18.220034,0
2022-06-17,1004,Urban,1678,12.805921,0
2023-11-01,1008,Rural,868,20.936887,0
2023-04-27,1010,Suburban,567,11.4157,0
2022-09-16,1010,Rural,488,13.270393,0
2022-05-20,1008,Urban,937,18.187389,0
2023-02-08,1006,Urban,870,9.325174,0
2023-09-27,1005,Rural,816,9.571611,1
2022-07-05,1008,Suburban,373,18.887146,1
2022-06-06,1009,Urban,1030,29.84361,0
2022-12-26,1009,Rural,889,38.062903,0
2022-10-07,1001,Urban,1129,14.696094,0
2023-04-16,1008,Urban,1867,14.773519,0
2022-07-17,1010,Suburban,1570,16.26611,0
2022-05-15,1007,Urban,2184,21.728536,1
2023-02-21,1006,Urban,1363,7.495215,0
2022-08-24,1003,Urban,1132,13.222424,0
2022-12-03,1009,Suburban,1351,43.405848,0
2022-10-11,1007,Suburban,1181,17.547322,0
2023-09-08,1006,Urban,1124,9.545285,1
2022-07-30,1005,Urban,1176,7.933665,0
2022-05-07,1006,Rural,701,6.566633,0
2022-04-17,1007,Rural,1080,23.578084,1
2023-07-15,1009,Urban,1357,21.404509,0
2023-04-28,1010,Urban,1346,9.804767,0
2023-03-10,1003,Urban,809,18.0512,0
2022-08-15,1002,Suburban,1066,8.6003,0
2023-09-22,1009,Suburban,1126,20.951706,0
2022-05-16,1003,Urban,537,12.528368,0
2022-07-26,1002,Rural,319,12.146522,1
2023-07-13,1004,Suburban,1792,19.002211,1
2022-04-08,1007,Suburban,167,25.827147,0
2023-01-13,1004,Urban,867,17.480491,0
2023-07-27,1009,Urban,1308,26.091108,1
2023-03-06,1008,Urban,837,13.015779,1
2022-08-26,1002,Rural,780,13.875852,0
2022-08-04,1007,Urban,1039,21.787736,1
2023-11-24,1003,Urban,1214,19.86037,0
2022-04-27,1009,Urban,1759,25.885999,0
2022-09-02,1009,Rural,701,35.419091,1
2022-03-01,1009,Suburban,902,43.684196,0
2022-09-17,1006,Urban,1468,6.31351,0
2022-11-23,1007,Urban,1954,17.011724,1
2022-02-12,1010,Suburban,1122,11.276798,0
2023-02-14,1002,Urban,1655,6.201695,0
2022-06-08,1001,Urban,1892,11.800265,0
2023-06-12,1002,Suburban,1350,10.879926,1
2022-02-13,1003,Rural,802,11.051157,0
2023-07-21,1010,Urban,931,10.512314,0
2022-11-07,1006,Urban,216,4.58876,1
2022-06-09,1001,Urban,944,12.905981,0
2023-06-14,1008,Suburban,923,19.942202,1
2022-08-12,1007,Rural,798,29.389016,0
2022-02-03,1005,Suburban,517,6.557101,0
2023-04-08,1010,Rural,609,10.70747,0
2023-02-22,1007,Urban,1189,18.668393,1
2023-04-02,1005,Urban,1368,11.619219,0
2022-09-13,1006,Suburban,1880,6.464581,1
2022-12-01,1004,Suburban,683,20.377575,0
2023-05-29,1007,Suburban,469,19.125739,0
2022-12-23,1006,Urban,2077,9.135932,1
2022-04-05,1010,Rural,664,17.32102,0
2022-03-24,1007,Suburban,926,18.440109,1
2023-06-16,1004,Suburban,1550,23.433151,0
2022-10-09,1009,Urban,1010,31.402447,0
2023-10-26,1009,Suburban,674,44.529499,0
2022-05-04,1010,Suburban,1143,9.55783,0
2022-02-16,1004,Suburban,1089,21.475037,0
2023-10-10,1006,Urban,789,8.424129,0
2022-12-08,1004,Suburban,911,19.349082,0
2023-06-28,1006,Urban,1228,8.999363,1
2023-11-10,1005,Urban,890,5.759887,0
2023-08-09,1002,Rural,830,13.616319,0
2023-08-19,1001,Urban,1557,13.831766,1
2022-12-12,1002,Suburban,743,6.343415,0
2023-08-28,1008,Urban,1880,17.940489,0
2022-04-06,1004,Urban,1562,13.668544,0
2022-06-13,1003,Suburban,172,16.657253,1
2022-09-01,1004,Suburban,976,24.907594,1
2022-05-29,1004,Urban,1328,15.140676,0
2022-10-27,1007,Urban,813,20.486419,0
2022-11-29,1007,Rural,1368,29.058924,1
2023-02-13,1007,Urban,2295,18.352921,1
2023-04-10,1010,Urban,1894,17.707141,1
2023-08-30,1002,Urban,1644,13.771511,0
2023-07-01,1006,Urban,1630,7.396163,0
2022-04-08,1010,Urban,2229,11.490937,1
2023-03-28,1005,Suburban,1220,11.151309,0
2023-01-30,1005,Urban,1027,7.740898,0
2022-02-20,1001,Suburban,1968,10.452121,1
2023-05-11,1007,Suburban,936,26.843438,0
2022-02-21,1004,Urban,1536,20.352793,1
2023-11-10,1005,Urban,940,10.917769,0
2022-07-17,1005,Suburban,563,6.068029,0
2022-03-07,1004,Urban,2432,15.265932,1
2022-09-03,1002,Rural,720,13.431859,0
2023-03-02,1006,Rural,497,8.620776,0
2023-03-07,1009,Rural,795,43.014018,1
2023-07-31,1008,Rural,594,11.092349,0
2022-06-03,1010,Suburban,1517,11.262755,1
2022-09-11,1002,Urban,1740,6.534369,0
2022-10-15,1002,Rural,1129,7.181333,0
2022-10-12,1005,Suburban,1151,7.980083,0
2022-03-23,1004,Urban,387,24.95937,0
2022-03-07,1001,Urban,1500,9.593282,1
2022-09-15,1002,Urban,1464,6.646977,0
2022-09-07,1007,Suburban,691,26.78184,0
2023-04-26,1006,Suburban,1130,5.247177,0
2023-03-26,1001,Urban,1420,11.961279,0
2023-06-25,1006,Suburban,1687,7.973543,0
2022-06-17,1009,Suburban,736,22.667941,0
2023-07-07,1004,Suburban,1075,15.090334,1
2022-03-22,1004,Urban,1743,19.542237,0
2023-06-26,1004,Urban,775,18.799953,0
2023-11-21,1005,Suburban,1113,10.553684,0
2023-02-17,1008,Suburban,476,13.842621,0
2022-09-05,1003,Suburban,1062,10.262898,0
2022-03-28,1003,Urban,1143,19.446756,1
2022-10-08,1008,Urban,1463,13.464469,1
2022-12-16,1005,Rural,852,11.518798,1
2022-12-25,1009,Urban,187,42.661627,0
2023-11-21,1007,Rural,1412,26.313708,1
2022-03-12,1004,Urban,1620,23.473863,0
2023-03-17,1003,Urban,1083,14.38327,0
2022-09-07,1010,Suburban,933,15.446338,1
2023-08-10,1003,Suburban,882,15.988499,0
2022-03-28,1003,Suburban,1072,11.395668,1
2022-08-25,1001,Urban,1123,13.095297,0
2022-09-02,1002,Urban,1255,10.538754,0
2022-10-26,1002,Suburban,1197,12.876739,1
2023-06-14,1009,Suburban,1103,32.289015,0
2023-11-09,1002,Suburban,1265,6.819957,1
2023-10-06,1005,Urban,1550,8.889838,0
2022-06-20,1003,Suburban,1144,15.563039,0
2022-10-10,1009,Rural,797,33.579447,0
2022-11-27,1009,Urban,1004,44.249113,1
2022-12-27,1008,Urban,1106,21.3991,0
2023-09-02,1005,Suburban,429,11.405187,0
2023-06-11,1008,Suburban,1143,14.662124,0
2022-06-19,1008,Urban,803,12.794404,0
2022-10-21,1010,Urban,1990,8.226155,1
2022-01-12,1004,Rural,485,12.565787,0
2022-12-19,1007,Urban,1201,16.250067,0
2022-12-02,1002,Rural,665,12.243389,0
2022-11-25,1006,Urban,969,7.17266,1
2022-01-15,1003,Urban,1013,11.091212,0
2022-01-27,1007,Suburban,1098,21.939451,1
2023-10-05,1008,Suburban,1268,16.160826,0
2022-10-05,1010,Rural,620,9.474188,0
2023-04-13,1007,Suburban,1137,16.310701,0
2023-08-11,1009,Rural,1158,36.621066,1
2022-01-09,1004,Urban,1339,16.056949,0
2022-08-15,1006,Urban,1296,9.953948,0
2023-05-23,1005,Urban,934,11.013354,0
2022-01-05,1009,Urban,1126,40.1402,0
2022-05-24,1009,Urban,1915,20.300128,1
2022-04-20,1004,Urban,1497,13.716308,0
2023-10-24,1006,Suburban,1605,9.386107,1
2023-05-17,1010,Urban,1361,17.501721,0
2023-02-08,1005,Rural,968,10.857363,0
2022-06-30,1002,Urban,1415,11.995402,1
2023-06-21,1002,Urban,500,6.249447,0
2022-05-28,1008,Urban,1401,16.436842,0
2022-08-20,1005,Rural,757,9.740137,0
2023-01-30,1002,Suburban,437,8.679452,1
2022-03-26,1009,Rural,1241,27.90773,1
2023-11-27,1002,Rural,1023,6.87614,1
2023-07-31,1001,Suburban,1339,13.394481,0
2022-04-11,1002,Suburban,875,12.742411,0
2023-04-03,1008,Urban,1819,19.727786,1
2023-06-15,1006,Suburban,677,7.17306,0
2022-06-05,1003,Urban,847,11.831529,1
2022-10-20,1007,Urban,693,24.361141,0
2022-08-28,1007,Urban,1211,18.968992,0
2023-01-27,1009,Suburban,716,39.207751,0
2023-09-02,1006,Urban,934,4.382619,0
2022-11-09,1007,Suburban,1404,23.137939,0
2022-11-14,1006,Urban,1518,6.183192,1
2022-11-23,1004,Urban,1036,20.723251,0
2023-01-13,1005,Urban,1170,11.579449,1
2023-06-05,1008,Rural,489,13.822699,1
2022-06-05,1006,Urban,2277,8.445487,1
2022-04-22,1007,Rural,854,26.99675,0
2023-08-25,1008,Urban,1740,13.31657,0
2023-07-25,1010,Rural,1175,10.130467,1
2022-01-17,1002,Suburban,810,11.744452,0
2023-01-17,1004,Urban,1161,24.467523,0
2023-11-22,1006,Urban,923,5.318236,1
2023-06-27,1001,Urban,1848,9.100469,1
2023-06-14,1006,Suburban,1190,5.169784,1
2022-03-20,1010,Urban,1008,16.979792,0
2022-11-26,1007,Rural,1693,19.172396,1
2022-09-11,1003,Urban,1822,19.280525,0
2023-10-29,1004,Urban,891,20.482627,0
2023-02-19,1009,Urban,1665,36.566822,0
2022-08-11,1008,Urban,1107,17.619845,0
2023-02-07,1004,Rural,661,14.47754,0
2022-10-12,1002,Rural,629,8.854287,0
2022-01-29,1010,Urban,1896,11.264455,1
2023-05-21,1009,Suburban,1395,38.453448,0
2022-02-10,1007,Urban,1023,17.992135,0
2023-11-28,1001,Suburban,1266,11.472984,0
2022-10-08,1007,Rural,939,17.073445,0
2023-05-10,1001,Suburban,196,9.303318,0
2023-08-01,1009,Urban,567,22.456163,0
2022-12-21,1008,Suburban,1092,10.314767,1
2022-02-15,1010,Suburban,712,12.729109,0
2023-02-25,1005,Urban,2351,7.314971,1
2023-08-07,1003,Urban,1681,19.15242,1
2022-03-11,1001,Suburban,1167,14.104131,0
2022-02-12,1009,Urban,1687,30.413347,1
2023-08-26,1002,Urban,1314,11.254976,0
2022-05-10,1009,Urban,1367,37.368938,0
2022-03-21,1007,Rural,866,19.907654,1
2023-06-05,1002,Urban,1060,6.466013,0
2022-06-21,1002,Rural,1217,13.499521,1
2023-08-28,1001,Urban,628,9.184482,0
2023-06-22,1001,Suburban,1184,14.183119,0
2022-09-28,1003,Rural,379,11.064638,0
2023-02-22,1009,Suburban,1359,29.989306,0
2022-10-15,1006,Urban,1413,8.131506,0
2023-11-14,1006,Urban,1423,6.824745,1
2023-08-12,1001,Suburban,1619,9.380143,1
2023-03-10,1006,Suburban,929,9.533654,0
2023-11-18,1008,Suburban,1131,13.963163,0
2023-06-20,1006,Rural,651,4.16899,0
2022-05-20,1004,Urban,1064,22.755251,0
2022-06-19,1001,Suburban,614,10.829829,0
2022-07-29,1007,Urban,1474,23.630523,0
2023-10-21,1002,Suburban,1035,11.233165,1
2023-08-22,1010,Rural,932,10.174823,0
2022-02-21,1008,Suburban,979,20.793739,1
2022-09-04,1003,Rural,288,17.452011,0
2022-06-07,1001,Suburban,768,14.610712,0
2023-01-22,1010,Suburban,2624,13.332833,1
2022-02-24,1003,Rural,670,12.262629,0
2023-08-20,1004,Urban,1240,14.94141,0
2022-10-26,1001,Suburban,1270,10.135288,1
2023-10-12,1006,Rural,939,7.918294,0
2022-05-04,1003,Rural,1168,10.674146,1
2023-03-19,1002,Suburban,1348,10.606507,0
2022-01-05,1006,Suburban,581,6.436371,0
2022-03-14,1005,Suburban,2107,6.054385,1
2022-02-05,1010,Rural,960,10.831833,0
2022-08-27,1007,Rural,1042,17.685499,0
2023-06-13,1009,Urban,436,28.04934,0
2022-10-23,1007,Urban,2215,29.648092,1
2022-11-25,1005,Urban,1193,10.316605,0
2023-01-30,1008,Suburban,654,19.633183,0
2023-04-02,1001,Urban,893,14.644684,0
2023-10-14,1009,Rural,710,28.204011,0
2023-07-25,1002,Rural,1051,10.894812,0
2022-01-04,1009,Suburban,1070,42.312963,1
2023-07-18,1010,Urban,1209,8.109284,0
2022-08-12,1010,Urban,207,17.856829,0
2023-02-07,1001,Urban,1778,8.434,0
2022-09-03,1007,Suburban,555,15.660387,0
2023-04-15,1007,Urban,3109,20.043409,1
2022-09-23,1003,Urban,790,19.93157,0
2022-09-10,1009,Urban,1896,44.915368,1
2022-11-10,1008,Suburban,581,21.039261,0
2023-01-06,1001,Suburban,837,12.478878,1
2023-06-21,1007,Urban,1295,18.256726,0
2023-08-20,1001,Rural,681,12.177597,0
2023-02-19,1002,Suburban,1369,7.160097,0
2022-05-05,1005,Urban,815,10.625273,0
2023-07-04,1010,Urban,505,14.76776,0
2023-10-30,1004,Rural,1186,13.349752,1
2023-09-02,1005,Suburban,1085,6.471484,0
2023-03-06,1004,Urban,1671,22.510413,0
2023-05-02,1009,Rural,629,30.210017,0
2023-07-02,1003,Suburban,1515,13.7624,0
2023-05-19,1009,Urban,1232,20.685052,0
2022-08-26,1001,Urban,802,14.713432,0
2023-05-18,1006,Urban,350,9.925538,0
2023-10-11,1003,Urban,857,10.98377,0
2022-08-21,1008,Urban,1637,12.854107,1
2022-05-20,1002,Rural,540,9.355751,0
2022-08-28,1008,Rural,901,15.616008,0
2022-01-24,1008,Suburban,747,15.112725,0
2023-02-11,1004,Urban,951,24.962822,0
2023-03-01,1003,Urban,2401,13.770199,1
2023-07-20,1003,Urban,1056,14.352638,0
2023-09-08,1007,Urban,1713,25.475892,0
2022-09-23,1006,Suburban,919,4.783489,0
2023-10-11,1010,Urban,955,14.11567,0
2023-05-17,1008,Rural,1039,17.077253,0
2023-06-23,1009,Urban,1287,43.671137,1
2022-06-23,1007,Urban,824,20.565126,0
2022-08-08,1009,Urban,1341,25.139768,0
2022-07-27,1001,Suburban,1187,13.661769,0
2022-04-18,1007,Suburban,831,22.542652,0
2022-03-12,1002,Urban,885,10.693068,0
2022-06-03,1005,Rural,1160,5.38082,1
2023-03-28,1005,Urban,1726,8.826031,1
2023-04-06,1007,Urban,1347,22.26707,0
2022-10-05,1004,Rural,1059,15.021445,0
2023-02-10,1003,Suburban,1213,18.34272,0
2023-01-24,1004,Suburban,816,23.24657,0
2022-09-18,1004,Urban,1417,12.413496,0
2023-05-02,1010,Rural,1080,13.312331,0
2023-07-16,1008,Rural,991,12.691887,0
2022-02-24,1001,Urban,1188,12.604031,0
2022-06-13,1008,Rural,624,18.942806,0
2022-05-29,1004,Urban,1682,12.705685,0
2022-10-10,1006,Urban,1531,7.156709,1
2022-06-26,1001,Urban,1462,9.411883,0
2022-03-04,1002,Suburban,696,7.407577,0
2023-01-12,1008,Suburban,935,14.39903,0
2023-03-20,1003,Suburban,739,10.224076,0
2022-01-07,1004,Suburban,1126,21.427137,0
2023-07-02,1009,Suburban,1162,44.302693,0
2023-03-06,1010,Urban,834,14.856431,0
2023-11-14,1002,Urban,861,8.331585,0
2022-10-23,1007,Suburban,629,21.070672,0
2023-07-28,1001,Urban,1146,11.607069,0
2023-08-04,1009,Suburban,1392,34.437789,0
2022-12-26,1008,Urban,1316,10.556418,0
2023-09-08,1008,Suburban,449,20.461102,1
2022-12-03,1005,Urban,599,10.005948,0
2022-11-15,1005,Urban,1284,7.432552,1
2023-05-08,1004,Suburban,1112,23.767924,0
2022-08-02,1006,Rural,915,4.859365,0
2022-06-06,1004,Urban,303,23.877321,0
2022-10-26,1007,Suburban,628,16.734667,0
2023-06-04,1008,Rural,1506,16.242935,1
2022-02-17,1003,Urban,1207,10.683085,1
2022-04-06,1003,Urban,983,10.779502,0
2022-07-27,1004,Urban,1225,24.777338,0
2022-04-08,1002,Rural,674,9.596728,1
2023-05-04,1004,Suburban,1173,21.325822,0
2022-11-24,1009,Urban,1139,27.128148,1
2022-10-06,1002,Urban,1244,7.633977,0
2022-06-26,1005,Suburban,1249,5.771816,1
2022-11-12,1007,Suburban,887,21.923775,0
2023-01-25,1002,Urban,1834,12.171631,1
2022-03-04,1002,Urban,1354,7.727135,0
2023-07-20,1004,Urban,1432,16.442361,0
2023-05-26,1001,Suburban,1811,8.682192,1
2022-07-13,1002,Suburban,1035,12.320615,1
2023-06-03,1003,Suburban,2039,15.590203,1
2022-01-08,1006,Suburban,1787,7.50385,1
2023-01-05,1002,Suburban,470,10.63133,0
2022-06-19,1009,Urban,1443,22.589464,0
2023-05-17,1007,Rural,742,28.886128,0
2022-06-13,1001,Urban,1275,9.230681,0
2022-01-24,1010,Urban,1195,16.217198,0
2023-09-25,1010,Urban,1508,11.288855,1
2023-01-13,1009,Rural,557,40.333213,0
2022-10-12,1008,Urban,1827,10.101129,0
2023-09-18,1010,Urban,1113,16.758649,1
2022-08-02,1008,Urban,1410,12.376395,1
2023-10-29,1009,Suburban,637,39.018214,0
2022-07-13,1009,Suburban,1397,44.041945,0
2022-03-10,1005,Urban,939,11.667717,0
2023-11-14,1009,Rural,891,24.036477,0
2023-11-27,1004,Urban,1035,22.650007,0
2022-01-10,1009,Rural,669,35.598605,0
2022-02-05,1008,Urban,1391,11.490861,1
2022-12-15,1008,Urban,1063,12.569301,1
2022-11-28,1009,Rural,768,40.889693,1
2022-05-28,1005,Suburban,1418,7.88368,1
2022-01-12,1004,Urban,1137,18.45666,0
2022-06-20,1009,Rural,896,27.018273,0
2022-01-30,1001,Urban,1927,14.198105,0
2022-01-01,1001,Urban,732,8.418595,0
2023-04-23,1002,Urban,1413,11.130241,0
2022-11-13,1007,Rural,746,19.410448,0
2023-08-29,1008,Urban,1218,13.911885,0
2022-04-23,1001,Urban,1203,12.730396,0
2022-01-27,1008,Suburban,835,14.93459,0
2022-06-26,1009,Urban,2541,31.605282,1
2023-01-23,1004,Suburban,462,15.546101,0
2022-05-01,1005,Suburban,1208,7.9533,0
2022-06-22,1003,Suburban,630,17.013928,0
2022-10-23,1001,Urban,1802,12.046094,0
2023-02-02,1004,Urban,1373,18.906721,0
2022-12-09,1006,Suburban,1094,4.076844,0
2023-04-14,1009,Suburban,775,35.543755,0
2022-10-01,1001,Urban,856,10.649968,0
2023-09-24,1008,Urban,1902,17.624341,1
2022-06-21,1003,Suburban,830,13.699062,0
2022-08-04,1010,Suburban,920,17.445675,0
2022-05-29,1002,Urban,739,9.105218,0
2023-03-26,1005,Rural,1691,11.932899,1
2023-09-30,1005,Urban,1152,10.753668,0
2023-05-11,1009,Urban,938,21.468073,0
2023-01-14,1001,Suburban,912,11.703759,0
2023-07-27,1005,Rural,982,7.705951,0
2023-02-01,1006,Urban,1679,7.439077,1
2023-03-17,1008,Urban,1672,18.34254,0
2022-01-28,1009,Urban,1136,32.746553,1
2022-05-24,1010,Rural,725,10.742292,0
2023-03-03,1006,Suburban,1022,4.998508,0
2022-02-24,1010,Suburban,1213,14.888789,0
2022-07-06,1004,Suburban,959,13.471842,0
2023-08-25,1007,Urban,1280,21.378495,0
2023-03-02,1007,Urban,1161,27.051443,0
2022-11-15,1003,Suburban,698,13.581631,0
2023-01-23,1008,Urban,761,10.295356,0
2023-06-23,1003,Suburban,1443,17.249394,1
2022-07-24,1008,Rural,1338,17.253291,1
2023-05-02,1005,Suburban,1009,7.315585,0
2023-07-17,1007,Urban,916,21.285746,1
2023-09-27,1004,Suburban,1211,23.444737,1
2023-06-13,1005,Rural,664,9.714277,0
2023-04-17,1005,Rural,597,7.130235,0
2022-12-26,1009,Urban,1876,29.444687,1
2022-02-08,1006,Suburban,732,5.353481,0
2023-09-17,1007,Rural,797,19.514803,1
2023-02-07,1007,Suburban,659,25.946362,0
2023-08-13,1002,Suburban,2450,13.653297,1
2023-04-13,1009,Rural,631,29.018888,0
2023-02-03,1009,Urban,2138,23.994234,1
2022-09-11,1001,Urban,1896,9.822951,0
2022-12-07,1003,Rural,616,19.272925,0
2022-10-26,1004,Urban,1405,20.771145,0
2022-03-03,1007,Rural,906,20.388821,0
2023-02-19,1009,Suburban,1110,41.459028,0
2022-11-16,1004,Suburban,772,21.635972,0
2022-09-20,1001,Urban,595,9.464917,0
2022-04-03,1006,Urban,1381,8.936394,0
2022-08-12,1010,Suburban,988,14.260837,1
2023-08-04,1006,Rural,357,4.912829,0
2022-03-16,1006,Suburban,1366,9.456569,1
2023-09-11,1006,Suburban,1245,5.776976,0
2022-03-14,1009,Suburban,983,31.579365,0
2022-12-01,1009,Urban,1638,36.93708,1
2022-06-18,1007,Urban,2026,23.459862,1
2023-10-26,1004,Suburban,1303,17.698451,0
2022-09-19,1004,Urban,1326,22.611515,0
2022-05-14,1001,Rural,682,14.502655,0
2022-12-31,1009,Suburban,1237,25.688786,0
2023-01-25,1003,Suburban,1063,14.315916,0
2022-03-13,1004,Urban,1278,14.408579,0
2022-03-29,1006,Suburban,1306,5.354602,0
2023-03-06,1009,Suburban,1616,31.447477,1
2023-09-08,1003,Suburban,1499,18.438546,1
2022-06-17,1007,Rural,1013,25.961324,1
2022-08-06,1003,Urban,1804,11.843669,0
2022-02-11,1007,Urban,685,18.631811,0
2023-06-04,1005,Urban,1674,7.181169,1
2022-10-21,1007,Urban,1444,20.040638,1
2022-08-23,1001,Rural,912,10.854816,0
2022-11-29,1001,Urban,1022,14.89643,0
2023-01-25,1006,Urban,1819,7.326969,0
2023-05-18,1010,Rural,714,17.997321,1
2022-09-26,1010,Urban,1523,14.933231,0
2022-07-26,1006,Rural,305,8.659568,0
2022-08-02,1007,Urban,777,25.015526,0
2023-05-27,1008,Suburban,837,16.331319,0
2022-11-18,1007,Suburban,1311,17.552306,0
2023-05-14,1008,Suburban,1215,20.934822,0
2023-08-10,1009,Rural,687,24.351062,0
2022-05-27,1003,Rural,597,19.994961,0
2022-12-13,1003,Urban,1534,15.00127,1
2023-10-19,1001,Urban,593,14.765811,0
2023-03-06,1006,Urban,1042,8.081187,1
2022-09-13,1007,Suburban,1142,20.398828,1
2023-09-21,1001,Suburban,1026,8.863129,1
2022-11-29,1007,Suburban,1449,16.536808,1
2022-02-21,1009,Urban,869,42.390678,0
2023-02-26,1007,Urban,704,24.920606,1
2023-06-27,1009,Suburban,1100,28.008782,0
2023-08-17,1006,Urban,828,6.033361,0
2022-11-25,1010,Suburban,396,11.35629,1
2022-11-17,1005,Suburban,943,11.879005,0
2022-08-31,1002,Suburban,1375,6.510509,1
2023-05-26,1004,Urban,1571,17.361675,0
2023-10-28,1006,Rural,776,7.914784,0
2023-01-18,1002,Rural,870,7.00059,1
2022-06-21,1002,Rural,1298,13.394987,1
2022-07-03,1008,Suburban,617,12.247004,0
2022-05-12,1002,Urban,618,6.352387,0
2022-05-19,1010,Urban,1055,11.930779,0
2023-07-14,1008,Urban,1129,19.874581,1
2022-07-30,1005,Rural,1568,6.908295,1
2022-05-13,1005,Rural,818,10.813486,1
2022-12-06,1009,Suburban,1213,26.465635,1
2022-06-29,1006,Suburban,840,4.052854,0
2023-03-30,1004,Suburban,616,17.931402,1
2022-06-24,1008,Urban,445,12.549021,0
2022-02-28,1004,Urban,751,14.335515,0
2023-09-12,1007,Suburban,1255,29.510641,0
2023-10-12,1008,Rural,572,13.056807,0
2023-02-23,1009,Suburban,734,30.131158,0
2023-11-01,1009,Rural,922,26.146603,0
2022-07-16,1009,Urban,712,33.587068,0
2022-05-01,1008,Rural,997,10.971631,0
2023-04-20,1002,Suburban,1163,13.677418,0
2022-09-19,1006,Suburban,790,4.375948,0
2022-02-28,1007,Urban,2515,21.49516,1
2023-01-06,1004,Urban,1165,15.564263,1
2022-04-26,1009,Urban,708,31.087997,1
2022-11-20,1005,Rural,1076,6.865677,0
2023-09-16,1004,Rural,1202,13.171994,1
2022-05-20,1009,Urban,876,29.316289,0
2023-10-04,1004,Urban,1602,12.464561,1
2022-12-24,1006,Suburban,1135,9.621074,1
2023-09-21,1002,Rural,1150,12.518148,0
2023-03-24,1003,Rural,479,14.554007,0
2023-09-06,1010,Urban,1779,10.244949,0
2023-03-14,1010,Urban,1192,11.343962,0
2022-03-27,1009,Urban,1197,39.115657,0
2023-01-04,1006,Suburban,858,9.031008,0
2023-06-13,1001,Suburban,611,13.766715,0
2023-02-23,1005,Suburban,686,9.701923,0
2023-01-02,1007,Rural,844,23.649492,0
2023-01-07,1008,Rural,443,11.418825,0
2023-05-12,1001,Suburban,1365,13.755931,1
2022-12-02,1008,Urban,770,19.418052,0
2023-08-04,1003,Rural,920,17.63179,0
2022-02-19,1007,Suburban,747,26.756395,1
2023-03-01,1005,Urban,1098,10.615344,0
2023-09-22,1005,Suburban,1575,7.284739,1
2023-08-19,1003,Suburban,1007,17.913627,0
2022-01-16,1009,Suburban,655,40.73306,0
2022-10-23,1008,Suburban,1205,15.281003,0
2022-12-26,1004,Suburban,704,23.045676,0
2022-11-16,1005,Urban,1363,5.462308,0
2023-04-22,1001,Urban,1472,10.501432,0
2023-03-05,1007,Rural,452,20.644293,0
2023-06-20,1003,Rural,469,10.279246,0
2023-01-13,1010,Urban,2408,11.878602,1
2022-06-29,1005,Urban,1409,6.295016,0
2023-05-29,1002,Suburban,1290,6.467018,1
2023-03-28,1010,Urban,1008,8.317081,0
2023-01-03,1006,Urban,1429,4.995994,0
2022-08-08,1010,Suburban,1220,12.812936,1
2022-01-09,1010,Urban,1349,12.962244,0
2023-05-10,1007,Urban,1088,16.230269,0
2023-01-15,1006,Rural,1076,8.614199,0
2023-02-11,1003,Urban,1677,10.204135,0
2023-09-28,1009,Rural,1316,28.185852,0
2023-04-07,1010,Suburban,986,10.421383,0
2022-09-10,1001,Suburban,1591,9.528001,0
2022-09-15,1010,Urban,1510,11.633364,0
2022-02-08,1006,Rural,1025,5.504739,0
2023-05-14,1003,Rural,857,18.811983,0
2023-01-17,1006,Suburban,1034,7.002445,0
2022-06-09,1008,Rural,731,13.276133,1
2023-03-28,1001,Urban,907,13.41005,0
2022-07-29,1008,Suburban,1403,21.495826,1
2022-07-06,1003,Suburban,1088,12.446062,0
2022-02-13,1006,Suburban,1220,7.271105,0
2023-02-06,1003,Rural,577,18.154121,1
2022-02-07,1008,Rural,823,13.519688,0
2022-04-14,1009,Urban,1394,39.216703,0
2022-02-14,1001,Urban,1519,11.563942,1
2022-04-30,1003,Urban,640,14.612856,0
2022-10-03,1009,Rural,460,44.885612,0
2022-10-20,1001,Urban,1083,8.550163,0
2023-03-25,1010,Suburban,1497,12.97021,0
2023-05-09,1001,Urban,757,14.702475,0
2022-10-20,1006,Suburban,909,5.290804,0
2022-08-28,1003,Urban,2428,19.492561,0
2022-04-10,1004,Urban,1958,21.009518,1
2022-12-08,1008,Suburban,760,16.897845,0
2023-04-29,1008,Urban,1902,16.021902,1
2023-02-27,1010,Suburban,506,8.810069,0
2023-04-01,1001,Rural,458,12.028295,0
2022-12-03,1004,Urban,1326,18.409077,0
2023-08-03,1006,Suburban,1390,7.627402,1
2023-02-25,1005,Urban,1354,5.15674,0
2022-08-23,1008,Urban,1206,15.541274,0
2022-05-05,1004,Urban,1726,19.933163,1
2022-12-06,1010,Urban,748,15.361133,0
2023-02-21,1001,Suburban,1448,13.584446,0
2023-10-08,1001,Urban,1094,8.288977,0
2022-11-26,1007,Suburban,1408,16.197705,1
2022-10-22,1004,Suburban,1054,24.135424,0
2023-07-21,1005,Suburban,1018,7.488955,1
2022-07-21,1004,Urban,1851,20.813089,1
2022-12-21,1004,Urban,844,12.864991,0
2022-06-01,1005,Urban,1845,7.232365,0
2022-02-21,1003,Suburban,1046,18.429279,1
2023-11-15,1007,Urban,1439,16.328314,1
2022-07-08,1003,Urban,1234,10.449665,0
2022-05-25,1004,Urban,950,23.852946,0
2022-06-21,1010,Urban,1595,10.310348,0
2022-12-12,1003,Urban,1443,12.293778,0
2022-06-25,1007,Urban,788,23.251818,0
2022-03-25,1004,Rural,1255,20.436319,1
2023-10-17,1008,Urban,852,18.65527,0
2023-01-13,1001,Rural,811,11.921349,0
2023-03-03,1009,Suburban,1641,35.443208,1
2022-02-10,1010,Urban,1177,8.778236,1
2022-03-15,1010,Rural,429,13.301038,0
2022-06-22,1008,Suburban,698,10.958248,0
2023-07-02,1007,Rural,1217,24.17383,0
2022-07-17,1003,Urban,995,17.532004,1
2022-12-29,1001,Urban,1398,9.247983,0
2022-10-11,1002,Rural,793,12.696046,0
2023-04-18,1002,Urban,1089,10.480743,0
2022-09-02,1001,Urban,1457,8.298416,1
2023-06-09,1010,Rural,981,15.097723,0
2023-05-28,1010,Suburban,694,15.641052,0
2022-04-02,1008,Rural,602,17.164828,0
2022-03-27,1006,Urban,1584,6.233232,1
2023-05-23,1002,Urban,1344,9.196799,0
2023-07-10,1010,Urban,1252,13.346467,0
2022-04-02,1003,Urban,1492,12.843896,1
2023-11-27,1002,Urban,544,8.774114,0
2023-07-25,1003,Urban,915,11.682321,0
2023-01-18,1004,Urban,1195,20.603463,1
2023-02-26,1010,Suburban,591,13.080385,0
2022-12-31,1007,Suburban,1211,29.995458,0
2023-12-01,1005,Rural,864,9.933898,0
2022-06-25,1001,Suburban,818,13.237455,1
2023-07-05,1001,Urban,1531,10.600846,0
2022-12-27,1008,Rural,1171,12.876976,1
2023-01-31,1009,Suburban,780,27.556666,0
2023-05-05,1001,Rural,972,8.198359,0
2022-10-06,1007,Urban,1217,17.045595,1
2022-12-18,1001,Urban,833,12.859427,0
2022-05-29,1001,Urban,1264,9.043352,1
2023-08-01,1006,Suburban,514,4.626421,0
2023-11-14,1003,Urban,1389,14.10804,0
2023-09-24,1006,Urban,1317,8.255603,0
2022-11-17,1002,Urban,958,6.771705,0
2022-07-23,1010,Rural,1671,13.484581,1
2022-02-22,1006,Urban,1949,9.244884,1
2023-04-21,1002,Urban,303,8.229884,0
2023-01-28,1002,Rural,691,8.553126,0
2023-05-30,1005,Urban,286,6.36696,0
2022-08-12,1002,Rural,515,8.362819,0
2023-05-21,1004,Suburban,1417,15.892553,0
2022-01-26,1002,Rural,1169,8.310912,0
2023-09-07,1005,Urban,1428,8.078913,0
2022-03-25,1005,Suburban,273,7.617778,0
2023-10-31,1004,Urban,1071,24.512824,0
2022-06-29,1009,Suburban,747,41.260129,1
2023-05-12,1010,Suburban,345,12.012945,0
2022-08-02,1006,Urban,1618,7.819722,0
2023-08-08,1006,Rural,961,7.526449,0
2023-09-29,1007,Rural,742,19.977142,0
2022-03-28,1007,Urban,1624,28.799607,0
2022-06-03,1004,Urban,1422,21.240787,0
2023-05-07,1006,Suburban,691,8.810487,1
2023-03-18,1004,Urban,1250,24.435262,0
2023-11-21,1009,Rural,1400,43.191602,1
2023-06-10,1006,Urban,1244,8.678697,0
2022-01-09,1003,Rural,1101,16.352263,0
2023-09-30,1010,Rural,586,12.067075,1
2022-05-16,1008,Rural,381,15.650115,0
2022-02-27,1005,Suburban,678,8.725001,1
2023-11-26,1003,Rural,1129,19.006551,0
2022-10-31,1006,Urban,2005,4.076784,1
2023-01-17,1010,Urban,1279,13.361951,0
2022-06-30,1008,Urban,959,11.411841,0
2022-07-31,1006,Suburban,754,9.970439,0
2022-11-18,1006,Urban,1256,4.846058,0
2023-08-24,1010,Suburban,862,12.142384,0
2022-07-26,1002,Rural,987,11.27873,0
2023-07-31,1005,Urban,784,7.378155,0
2023-02-22,1006,Urban,623,9.370077,0
2023-09-23,1003,Urban,741,16.812326,0
2023-08-31,1001,Rural,1624,10.609694,1
2023-09-07,1003,Rural,1149,17.654559,0
2023-11-20,1006,Rural,653,8.273853,1
2023-06-16,1001,Suburban,972,10.312069,1
2023-10-20,1001,Urban,1203,8.184344,0
2022-12-17,1003,Suburban,662,19.466501,0
2023-08-16,1005,Suburban,827,5.40017,1
2023-08-08,1004,Urban,1362,15.826689,0
2022-10-17,1008,Urban,1067,15.265149,0
2022-10-15,1005,Suburban,1944,9.048183,1
2023-02-02,1010,Suburban,1395,9.721935,1
2023-06-30,1008,Suburban,1499,16.014194,1
2023-08-06,1009,Rural,894,20.43414,1
2022-07-28,1009,Urban,454,27.553476,0
2022-11-21,1001,Urban,1334,14.785592,0
2022-03-11,1005,Urban,1182,5.074143,0
2023-06-25,1001,Suburban,1151,11.385149,0
2023-09-20,1001,Urban,442,8.030424,0
2022-06-27,1006,Suburban,665,6.738708,0
2023-08-03,1003,Urban,1116,12.914639,0
2022-05-23,1007,Rural,1107,17.841453,1
2023-07-14,1004,Suburban,1078,15.478374,0
2022-03-09,1004,Rural,606,17.558725,0
2023-12-01,1007,Urban,1961,23.202084,0
2023-07-30,1001,Urban,1974,13.739348,1
2022-01-03,1004,Suburban,886,12.790156,0
2023-01-07,1006,Suburban,883,6.765615,0
2022-12-03,1010,Rural,948,16.65171,0
2023-08-07,1008,Urban,2079,11.217489,1
2023-11-10,1009,Urban,1440,35.052487,1
2022-05-11,1004,Rural,739,16.769434,0
2022-04-16,1006,Urban,1790,9.0357,0
2022-07-07,1007,Urban,1507,25.590789,0
2022-12-15,1006,Urban,348,9.76462,0
2023-06-04,1007,Suburban,1772,29.266429,1
2022-10-28,1001,Urban,905,9.860574,0
2023-01-13,1004,Suburban,839,21.233841,0
2022-08-28,1004,Urban,1610,13.502529,0
2022-02-27,1006,Suburban,2423,5.027375,1
2023-05-30,1003,Urban,905,13.234687,0
2022-02-17,1001,Rural,1398,14.916823,1
2023-08-16,1006,Urban,1159,7.695355,0
2023-01-15,1006,Suburban,967,6.914266,0
2023-09-08,1010,Suburban,850,12.725266,0
2023-01-10,1004,Urban,703,23.95014,0
2023-07-28,1002,Suburban,1046,9.91509,0
2023-08-10,1002,Suburban,1363,7.390676,1
2023-06-23,1007,Urban,780,22.014619,0
2022-07-28,1001,Rural,597,14.947463,0
2022-09-22,1001,Urban,1315,10.367001,0
2023-04-11,1008,Suburban,318,16.297143,0
2023-08-06,1009,Urban,2638,35.410452,1
2023-03-16,1003,Suburban,335,17.208889,0
2023-03-05,1009,Urban,1304,28.999101,0
2023-06-15,1004,Urban,1505,12.385907,0
2022-01-08,1005,Rural,716,11.322804,0
2022-05-06,1006,Suburban,638,8.211885,0
2022-05-02,1002,Suburban,421,8.625187,0
2023-06-12,1001,Urban,1132,12.331928,0
2023-01-24,1007,Suburban,1044,21.641462,1
2022-10-11,1001,Suburban,472,13.116415,1
2022-12-13,1009,Urban,1386,28.774354,1
2023-06-24,1007,Urban,2157,15.420648,1
2023-11-05,1009,Suburban,966,25.36406,1
2022-07-13,1009,Urban,1107,21.353567,0
2022-07-27,1009,Suburban,940,34.832304,1
2023-04-15,1008,Rural,681,13.372569,0
2022-09-10,1005,Urban,986,11.873038,0
2023-08-31,1008,Urban,854,10.290103,0
2023-04-03,1007,Rural,617,28.5721,0
2023-01-20,1009,Urban,1362,22.65562,0
2023-02-06,1003,Urban,1415,14.778173,0
2023-11-18,1004,Suburban,2183,13.937519,1
2023-05-01,1007,Urban,1286,24.681714,0
2022-12-06,1001,Rural,872,10.003799,0
2023-01-20,1005,Suburban,957,8.339564,0
2023-03-21,1002,Urban,1215,10.418293,0
2022-09-07,1005,Urban,1930,6.530427,1
2022-07-23,1003,Suburban,657,19.090205,0
2023-09-22,1001,Suburban,1611,9.490736,1
2023-04-22,1003,Suburban,1769,12.875223,1
2023-08-18,1010,Suburban,1437,17.323539,0
2023-07-22,1010,Urban,943,10.32334,0
2022-03-14,1003,Rural,406,12.279942,0
2023-09-24,1005,Urban,1516,6.297933,0
2023-07-23,1004,Suburban,1325,21.471776,0
2022-07-01,1005,Urban,1779,5.50945,1
2022-02-20,1010,Suburban,2144,9.954097,0
2023-06-28,1010,Suburban,778,8.886665,0
2022-05-17,1001,Urban,1362,8.402254,0
2023-10-26,1007,Suburban,664,15.678846,0
2022-01-16,1003,Rural,746,19.93436,1
2022-10-12,1008,Urban,1852,17.989475,1
2022-09-11,1005,Suburban,1200,10.998178,0
2022-08-24,1006,Urban,1478,6.29782,1
2022-04-08,1004,Suburban,1129,15.6389,0
2023-07-22,1008,Urban,1758,15.782125,1
2023-01-29,1004,Urban,1064,16.324979,1
2023-02-07,1010,Urban,854,16.888857,0
2022-12-17,1004,Suburban,1164,24.079071,1
2022-01-04,1003,Urban,733,11.217399,0
2022-05-06,1004,Urban,1265,15.753153,0
2022-05-21,1005,Urban,2529,9.415658,1
2023-05-07,1009,Urban,211,37.241349,0
2022-03-04,1001,Rural,1188,10.265087,0
2022-12-05,1002,Suburban,966,10.787593,0
2022-03-17,1002,Urban,410,10.654799,0
2022-04-01,1008,Urban,1133,10.344079,0
2022-05-12,1009,Urban,1722,40.671651,0
2023-09-19,1007,Suburban,909,27.435606,0
2022-07-09,1002,Suburban,1334,9.982311,0
2023-08-21,1010,Urban,1595,17.723177,0
2023-01-16,1001,Suburban,939,12.40427,1
2022-10-26,1006,Suburban,851,4.889395,0
2022-10-15,1001,Rural,1244,13.184255,0
2023-09-26,1004,Urban,1241,23.87993,0
2022-07-18,1003,Rural,630,10.874195,1
2022-08-03,1005,Urban,763,11.084523,0
2022-04-21,1005,Urban,1159,5.530018,0
2023-08-01,1005,Suburban,1004,5.125694,0
2023-11-25,1005,Urban,1827,7.262277,0
2023-06-21,1005,Suburban,1005,6.969699,1
2022-03-31,1005,Urban,943,8.26392,0
2023-02-28,1010,Urban,689,14.85487,0
2023-09-13,1008,Urban,874,11.643444,0
2023-07-04,1006,Urban,1940,7.439303,1
2022-03-21,1004,Suburban,1011,15.469021,0
2023-06-04,1005,Urban,1465,9.482395,0
2022-03-04,1003,Suburban,473,14.813615,0
2023-02-08,1010,Urban,811,16.811344,0
2023-04-29,1003,Urban,1301,16.329031,0
2023-08-23,1008,Suburban,1817,15.543633,1
2022-10-12,1004,Rural,875,23.20508,0
2022-06-18,1002,Urban,783,13.435458,0
2023-02-05,1010,Urban,1097,13.994142,1
2022-07-09,1007,Urban,682,16.147649,0
2022-11-27,1010,Suburban,1087,11.673902,0
2023-03-23,1005,Suburban,806,5.687436,0
2022-09-01,1007,Rural,918,23.857744,0
2022-05-16,1008,Suburban,1065,20.853631,0
2022-05-28,1001,Suburban,1483,14.53805,0
2022-02-05,1008,Urban,1144,18.68663,0
2022-04-11,1006,Rural,886,9.44919,0
2023-08-16,1008,Urban,1125,13.450883,0
2023-04-18,1002,Urban,1348,9.379637,0
2022-07-22,1007,Urban,928,22.009341,0
2022-06-05,1010,Urban,1527,13.188578,0
2023-06-03,1007,Urban,703,18.036295,0
2023-02-10,1001,Suburban,1062,8.840187,0
2022-09-09,1003,Suburban,1058,11.951936,0
2023-09-17,1006,Rural,980,7.025889,0
2022-11-24,1006,Urban,1086,4.441316,0
2023-07-05,1001,Suburban,662,14.319869,0
2023-10-30,1005,Suburban,1780,5.861675,1
2022-11-25,1007,Suburban,1835,19.223621,1
2023-09-20,1007,Urban,2301,21.32766,1
2022-06-23,1009,Urban,1096,35.568665,0
2022-01-24,1009,Suburban,704,26.870093,0
2022-03-23,1007,Suburban,866,29.328084,0
2023-10-18,1006,Rural,736,9.222653,0
2023-09-09,1001,Urban,1100,8.587386,0
2023-08-27,1002,Suburban,744,13.114791,0
2022-08-03,1005,Suburban,1407,6.420608,0
2023-01-23,1004,Urban,2710,24.098888,1
2022-11-03,1006,Suburban,1159,5.940448,1
2022-03-13,1009,Urban,1480,35.109533,0
2022-10-20,1007,Rural,937,22.871701,0
2022-04-25,1007,Urban,549,23.206288,0
2023-07-28,1005,Suburban,1401,7.318115,1
2022-06-04,1001,Urban,1042,13.041238,0
2023-01-12,1004,Urban,1194,24.890282,0
2023-06-25,1006,Rural,994,6.169849,0
2023-06-07,1008,Urban,1514,18.717539,1
2023-01-21,1004,Suburban,1311,17.014292,1
2022-01-12,1008,Urban,1558,12.414364,0
2022-09-23,1003,Rural,807,11.653952,0
2023-05-04,1010,Suburban,281,17.804833,0
2022-06-28,1003,Rural,1422,13.670816,1
2022-06-24,1003,Urban,1802,17.438422,1
2023-10-19,1005,Suburban,1437,9.883993,1
2022-01-18,1003,Rural,1066,15.84328,0
2023-02-10,1002,Urban,755,11.779636,0
2022-12-19,1007,Urban,1409,16.49686,1
2022-03-04,1008,Urban,917,21.822143,0
2022-01-11,1010,Suburban,887,17.195793,0
2022-07-17,1003,Urban,1291,14.883096,1
2023-03-18,1006,Urban,2662,4.421389,1
2022-02-09,1009,Urban,1441,44.223145,0
2023-06-17,1002,Rural,752,10.912501,1
2023-06-22,1007,Urban,1589,20.418406,1
2022-07-27,1004,Rural,720,17.216356,1
2022-04-14,1001,Urban,545,13.90925,1
2022-11-08,1001,Rural,759,11.938631,0
2022-10-12,1009,Rural,1201,20.43683,1
2023-02-19,1004,Urban,1489,16.164141,1
2022-10-11,1009,Urban,838,23.017692,0
2022-01-30,1010,Urban,952,15.952775,0
2022-05-12,1010,Suburban,479,13.643756,0
2023-08-02,1009,Urban,937,40.949615,0
2023-04-16,1009,Rural,985,35.711321,0
2022-08-03,1003,Suburban,417,18.459959,0
2023-05-26,1008,Urban,1322,15.573678,0
2022-07-20,1007,Urban,1238,16.171191,0
2022-04-09,1009,Suburban,983,42.632613,0
2023-03-29,1005,Suburban,1169,7.866902,0
2022-02-14,1009,Urban,1058,40.513971,0
2022-11-29,1009,Rural,797,22.634872,0
2023-05-09,1005,Urban,1316,5.273626,0
2023-02-16,1003,Rural,842,17.873394,0
2023-11-28,1009,Suburban,787,35.037338,0
2023-04-24,1006,Urban,938,6.306195,0
2022-10-30,1001,Rural,725,11.887307,0
2022-07-31,1009,Urban,989,37.02681,0
2023-05-09,1002,Suburban,1940,12.288451,1
2022-07-08,1009,Suburban,242,24.813677,0
2022-06-04,1007,Urban,1545,18.821328,0
2022-03-12,1002,Suburban,887,9.837183,0
2022-05-04,1008,Rural,1196,16.117701,1
2022-12-31,1001,Urban,1420,13.618999,0
2023-05-08,1003,Rural,617,11.160502,0
2022-01-10,1006,Suburban,1351,7.825552,0
2022-05-10,1009,Suburban,1437,36.555349,1
2023-01-24,1007,Urban,1024,19.855445,1
2022-12-16,1003,Suburban,449,10.285707,1
2022-05-16,1009,Urban,1848,33.209267,1
2022-11-03,1004,Suburban,1301,19.829177,0
2023-05-11,1009,Rural,900,43.794865,0
2022-05-22,1010,Urban,1504,8.414186,0
2023-01-25,1010,Suburban,1044,15.699637,0
2023-08-22,1009,Suburban,977,28.259769,0
2022-02-05,1003,Urban,2049,19.632338,0
2022-12-25,1009,Rural,711,25.045102,0
2023-08-29,1007,Rural,621,22.707564,0
2022-09-11,1008,Urban,913,14.154939,0
2022-03-18,1005,Suburban,1591,8.890036,0
2023-05-07,1010,Suburban,1623,15.330382,0
2022-10-10,1002,Urban,989,8.368947,0
2023-09-05,1010,Urban,1605,13.044206,1
2022-01-08,1007,Suburban,958,22.676253,0
2023-03-14,1009,Rural,481,36.120964,0
2023-06-25,1004,Urban,134,21.781428,0
2023-08-10,1009,Suburban,757,36.427674,1
2023-02-13,1008,Urban,1373,17.077059,0
2022-09-28,1006,Urban,1673,8.21512,0
2023-01-18,1010,Urban,833,13.349941,0
2022-04-17,1005,Urban,1670,5.964645,0
2023-07-16,1010,Urban,1899,8.195353,0
2022-06-24,1005,Urban,1698,5.852772,0
2023-04-12,1002,Rural,354,13.649323,0
2022-10-26,1008,Rural,685,15.06755,1
2023-05-08,1003,Suburban,1816,10.4153,1
2022-07-18,1010,Rural,850,13.738565,0
2022-01-15,1006,Suburban,1419,7.169744,1
2023-09-14,1006,Urban,1275,9.888612,0
2023-05-18,1006,Rural,628,5.359858,0
2023-10-21,1003,Urban,1144,19.869782,0
2022-07-07,1008,Urban,1286,19.823794,1
2023-10-15,1008,Urban,764,15.764606,0
2022-05-21,1005,Urban,890,6.544519,0
2023-08-28,1005,Urban,1138,8.530734,0
2022-05-31,1004,Suburban,1075,20.73854,1
2022-01-28,1007,Suburban,676,16.52073,0
2022-09-22,1001,Suburban,1437,12.640385,0
2022-04-09,1006,Urban,1920,5.995158,1
2022-09-27,1003,Rural,758,17.058822,0
2023-07-19,1005,Urban,1031,9.671257,0
2023-03-09,1007,Suburban,1237,29.529882,1
2022-02-16,1008,Urban,2149,21.25053,1
2022-11-05,1010,Urban,1364,15.647447,1
2022-12-06,1005,Rural,873,8.176339,0
2022-03-25,1007,Urban,1460,25.140044,0
2022-12-30,1006,Rural,1050,6.23788,1
2023-04-05,1006,Suburban,1083,5.670768,0
2022-05-10,1010,Urban,1056,10.046113,1
2022-08-15,1001,Urban,1161,11.547281,1
2023-03-23,1008,Urban,643,11.784587,0
2023-01-02,1008,Suburban,1484,14.887117,0
2022-07-22,1010,Urban,707,9.002217,0
2022-09-05,1006,Suburban,1493,4.373524,0
2022-05-13,1004,Rural,947,13.597751,0
2022-06-23,1001,Suburban,973,12.006272,0
2023-03-23,1004,Suburban,1200,14.114232,0
2023-01-27,1005,Suburban,1134,7.429757,0
2023-11-08,1005,Rural,619,11.645752,0
2023-09-16,1005,Urban,1334,5.826811,0
2023-06-05,1004,Urban,1048,14.011516,0
2022-07-14,1005,Urban,1405,6.686249,0
2022-02-15,1005,Urban,1985,5.991932,1
2022-01-25,1010,Rural,2013,10.394164,1
2022-08-28,1008,Suburban,870,14.625933,0
2022-08-10,1004,Urban,1564,15.134783,0
2022-10-11,1009,Suburban,896,31.207281,0
2023-03-13,1010,Rural,685,9.432528,0
2022-12-11,1010,Urban,1347,10.652138,0
2023-08-28,1010,Rural,633,14.565391,0
2023-08-09,1003,Urban,843,15.092291,0
2022-10-12,1006,Urban,799,6.952158,0
2023-02-28,1010,Suburban,913,14.292384,0
2023-03-11,1002,Urban,1052,8.747252,0
2023-05-30,1008,Rural,1141,20.661367,0
2022-11-23,1007,Suburban,754,22.576486,1
2023-01-31,1002,Suburban,1436,13.310474,0
2022-05-19,1010,Urban,1749,12.571118,1
2023-07-31,1007,Rural,1163,20.972216,1
2022-04-07,1009,Urban,908,29.276438,0
2023-11-04,1009,Urban,659,41.466517,0
2023-03-23,1010,Rural,411,16.455612,0
2023-06-03,1007,Suburban,726,26.720898,1
2022-05-10,1004,Urban,515,22.028317,0
2022-07-26,1006,Suburban,407,9.626051,0
2023-07-07,1005,Suburban,814,9.889422,0
2022-09-22,1009,Urban,1296,22.914015,0
2022-10-31,1003,Rural,1124,10.301028,0
2023-06-16,1010,Rural,952,9.374341,1
2023-02-18,1008,Suburban,854,18.917964,0
2023-06-14,1002,Urban,1158,8.184422,0
2022-09-02,1005,Urban,1126,8.58314,0
2023-11-27,1010,Urban,1336,11.059229,0
2022-12-20,1003,Suburban,553,14.817441,0
2022-05-27,1004,Rural,1091,13.804679,1
2023-08-07,1008,Urban,1352,19.480436,0
2022-02-20,1007,Urban,1301,15.806894,0
2022-05-31,1004,Rural,843,19.757451,0
2023-09-03,1009,Rural,539,27.121293,0
2022-07-08,1004,Urban,519,22.455548,0
2022-11-25,1009,Urban,1487,31.905947,0
2022-03-01,1010,Urban,885,9.459587,1
2022-02-10,1009,Suburban,604,38.462437,0
2023-06-03,1010,Urban,1425,14.309938,0
2022-07-10,1008,Urban,1952,13.111284,1
2022-12-15,1002,Urban,957,10.886832,0
2022-05-10,1001,Suburban,1143,10.721568,1
2022-02-27,1006,Suburban,1478,5.047049,0
2022-01-20,1008,Suburban,448,20.283174,0
2023-02-07,1004,Rural,1166,23.639961,0
2023-03-21,1009,Suburban,832,39.872088,0
2023-04-23,1006,Urban,1400,8.243104,1
2022-08-22,1005,Suburban,948,6.888929,0
2023-10-09,1008,Suburban,745,20.093658,0
2023-02-26,1010,Urban,1550,10.214218,0
2022-03-20,1007,Rural,843,15.015407,0
2023-11-04,1003,Urban,951,10.160323,0
2022-11-18,1002,Suburban,696,6.282533,0
2023-02-20,1007,Rural,586,28.94985,1
2022-04-20,1004,Urban,1932,18.74141,0
2022-11-20,1006,Urban,1380,7.65311,1
2023-01-15,1004,Suburban,1465,19.558663,0
2022-12-25,1003,Suburban,919,13.360006,0
2023-04-16,1007,Suburban,709,29.002574,0
2023-08-11,1002,Suburban,1268,10.219747,0
2022-01-20,1002,Suburban,582,11.945114,0
2023-03-12,1006,Urban,877,7.962014,0
2022-08-20,1010,Suburban,1425,8.459151,0
2022-03-17,1007,Urban,1069,19.391847,1
2023-08-25,1003,Rural,1383,11.198342,0
2023-01-02,1004,Suburban,1469,19.613402,0
2022-08-20,1006,Suburban,653,7.740528,0
2022-04-02,1003,Rural,1240,13.385121,0
2022-04-13,1007,Rural,511,18.7093,0
2022-01-31,1005,Urban,815,11.2408,0
2022-02-18,1004,Urban,1489,22.899095,0
2023-06-03,1003,Rural,758,18.590443,0
2023-04-10,1005,Urban,1322,8.842788,0
2022-07-12,1003,Urban,1772,19.457918,0
2023-02-17,1006,Suburban,1013,4.640452,1
2022-11-21,1005,Rural,685,9.120369,0
2023-02-27,1001,Urban,1296,10.772572,0
2022-12-16,1005,Rural,1035,9.691422,0
2022-02-20,1008,Urban,882,15.027543,0
2023-02-16,1005,Rural,262,11.909447,0
2022-08-07,1006,Urban,1715,7.783784,1
2022-06-22,1001,Suburban,587,14.777106,1
2022-08-17,1007,Urban,927,21.117635,1
2022-03-04,1006,Urban,1316,5.709391,0
2023-10-31,1009,Suburban,719,31.623031,0
2022-03-14,1003,Rural,1185,18.626049,1
2023-04-15,1006,Rural,792,6.180236,0
2023-04-09,1001,Suburban,1405,10.046708,0
2022-06-11,1008,Suburban,655,13.025848,0
2023-10-24,1009,Rural,572,20.972587,1
2022-06-20,1006,Urban,1340,6.261129,1
2022-03-31,1008,Suburban,1631,11.722351,1
2022-10-31,1002,Urban,1191,13.867969,0
2022-12-30,1003,Urban,1440,18.833211,1
2023-08-29,1008,Suburban,1205,11.652234,0
2022-03-23,1002,Urban,1022,7.904365,0
2023-09-10,1007,Suburban,1200,19.182604,0
2023-08-03,1008,Urban,1192,21.88411,0
2022-09-08,1002,Urban,1952,7.560863,1
2023-06-06,1008,Rural,408,10.676536,0
2023-07-04,1001,Suburban,978,13.098349,1
2023-03-27,1002,Urban,894,12.923645,0
2022-08-16,1002,Rural,693,11.7463,0
2022-02-06,1002,Suburban,652,8.267089,0
2022-06-29,1007,Urban,1749,16.410663,0
2022-05-18,1003,Urban,1496,10.152923,0
2023-05-30,1008,Urban,1860,19.300575,0
2022-09-04,1002,Urban,2503,7.823398,1
2023-05-05,1005,Suburban,1091,8.550979,0
2022-03-05,1008,Suburban,1658,15.078326,1
2023-07-02,1003,Rural,979,16.320458,0
2023-06-24,1002,Suburban,900,9.298154,0
2022-03-24,1003,Urban,1243,15.37637,0
2022-04-12,1009,Urban,904,23.003561,0
2022-06-15,1006,Urban,1099,8.618181,0
2023-05-16,1010,Urban,162,11.812718,1
2023-03-24,1001,Suburban,797,11.061455,0
2022-07-24,1008,Rural,839,16.827524,0
2023-03-11,1006,Urban,703,9.026666,0
2022-01-04,1007,Suburban,391,29.298621,0
2023-09-06,1001,Urban,1542,11.530201,0
2022-11-28,1007,Suburban,1433,15.162425,0
2023-05-13,1002,Rural,381,7.93174,1
2022-09-21,1001,Suburban,840,11.653505,0
2023-08-21,1001,Suburban,1039,12.11897,1
2022-12-04,1001,Urban,1855,13.130711,1
2022-03-21,1002,Urban,1498,12.92902,0
2023-05-19,1007,Urban,1351,27.857537,0
2022-07-14,1007,Urban,1443,27.47438,1
2022-05-18,1010,Suburban,795,15.853912,0
2023-02-02,1002,Rural,705,6.365816,1
2023-03-31,1006,Suburban,1099,5.171888,0
2023-06-27,1002,Suburban,296,10.699632,0
2022-12-19,1006,Urban,1919,5.934882,0
2023-10-27,1008,Suburban,706,19.603823,0
2022-07-24,1001,Urban,1007,13.002204,0
2023-01-29,1010,Urban,618,15.675092,0
2023-02-26,1009,Urban,2116,34.58965,1
2022-09-27,1002,Urban,1474,9.624013,0
2023-02-06,1009,Rural,750,23.822482,0
2023-10-19,1009,Urban,1523,26.517434,1
2022-07-27,1007,Suburban,1023,22.303993,0
2023-10-20,1009,Suburban,1267,33.15309,1
2022-03-26,1002,Suburban,1444,8.534411,0
2023-06-16,1003,Suburban,767,15.939957,0
2022-05-10,1008,Suburban,693,11.616938,0
2023-03-08,1006,Suburban,969,4.399918,1
2023-01-13,1005,Suburban,1075,5.328715,0
2022-01-13,1007,Suburban,1340,21.110405,0
2023-11-24,1009,Suburban,878,34.787338,0
2022-08-03,1003,Rural,1033,13.193308,0
2023-04-28,1006,Suburban,547,6.472202,0
2022-01-16,1002,Rural,1450,7.985,0
2023-11-02,1005,Suburban,1777,8.424137,1
2022-04-23,1002,Urban,1570,12.286664,0
2023-11-10,1003,Urban,1188,17.532845,0
2023-10-23,1004,Urban,1844,17.972687,1
2023-09-30,1010,Urban,1533,11.615404,0
2023-04-30,1006,Suburban,545,6.42671,1
2023-02-24,1006,Urban,780,5.693416,0
2022-11-24,1002,Suburban,1417,13.558993,1
2022-09-18,1010,Suburban,1055,10.63778,0
2022-01-14,1008,Urban,773,12.181388,0
2022-10-23,1010,Suburban,1333,13.069122,0
2023-10-14,1010,Suburban,783,17.082905,0
2023-11-07,1010,Urban,1304,13.113729,0
2023-08-06,1005,Suburban,1382,9.759669,1
2023-07-08,1004,Suburban,1133,16.339482,0
2023-04-18,1005,Urban,1130,8.467783,0
2022-07-09,1009,Suburban,1498,33.481687,1
2023-06-03,1010,Suburban,859,9.253193,0
2023-06-02,1001,Urban,950,14.870795,0
2022-02-12,1003,Rural,653,13.817858,0
2022-04-23,1001,Urban,1457,9.476287,0
2023-06-29,1006,Rural,627,9.498238,0
2022-01-15,1008,Urban,1020,13.856494,0
2022-08-18,1010,Suburban,999,11.833835,0
2022-01-17,1003,Urban,2413,12.195596,1
2023-11-03,1006,Urban,1007,8.329189,0
2022-08-24,1010,Suburban,1004,9.265333,0
2022-11-18,1006,Urban,800,5.162287,0
2023-06-04,1001,Urban,1775,12.203552,0
2022-09-03,1009,Suburban,1215,25.363596,0
2023-04-14,1004,Suburban,707,16.901509,1
2022-03-11,1007,Urban,1034,24.413929,0
2023-10-23,1001,Urban,1218,13.852793,0
2022-12-31,1002,Urban,1317,6.211519,0
2022-10-16,1007,Urban,938,20.497125,0
2022-03-14,1007,Urban,1973,18.299569,1
2023-10-04,1003,Suburban,417,16.600671,0
2022-01-23,1002,Urban,502,13.258225,0
2022-08-17,1009,Urban,385,31.972034,0
2022-07-30,1010,Suburban,340,9.453407,0
2022-11-25,1009,Urban,561,25.455322,0
2022-08-15,1004,Rural,1363,19.348217,1
2022-12-23,1003,Urban,1174,17.895686,0
2022-02-25,1008,Urban,879,13.628153,0
2022-12-29,1003,Urban,622,14.747265,0
2022-09-28,1007,Urban,635,25.889504,0
2022-04-01,1003,Urban,1178,16.0025,0
2023-09-04,1009,Suburban,1158,35.992077,0
2023-09-04,1001,Rural,1431,9.628736,1
2023-02-13,1007,Urban,1127,22.881873,0
2022-01-24,1008,Suburban,1310,18.404006,0
2023-07-22,1007,Urban,1783,23.713574,0
2023-07-24,1004,Urban,1174,18.973788,0
2023-06-01,1002,Urban,1027,8.684964,0
2023-08-20,1008,Suburban,1155,13.01799,0
2023-05-17,1004,Rural,1101,23.159369,0
2022-08-09,1004,Urban,372,19.842848,0
2022-05-13,1010,Urban,1025,12.551674,0
2022-10-13,1007,Urban,1057,25.914873,0
2023-11-24,1002,Suburban,1243,7.16372,0
2022-02-02,1004,Urban,1253,16.975704,0
2022-12-20,1003,Urban,1713,12.187992,1
2022-12-02,1007,Urban,970,24.939784,1
2022-06-21,1004,Suburban,1297,24.337452,0
2022-03-11,1008,Urban,585,20.964712,0
2022-06-29,1002,Suburban,856,7.217848,0
2022-10-01,1002,Rural,1300,11.459608,1
2023-01-19,1006,Suburban,1116,9.132298,0
2023-01-11,1001,Urban,1109,10.894861,0
2022-11-25,1008,Urban,1345,15.88507,1
2022-01-27,1002,Suburban,505,11.548717,0
2022-12-03,1004,Urban,696,16.91725,0
2022-02-23,1005,Suburban,757,9.423137,0
2023-08-27,1010,Urban,1869,8.97366,1
2023-03-08,1009,Urban,1535,20.676713,0
2022-03-09,1005,Urban,1289,6.595125,0
2022-11-17,1003,Suburban,1292,13.55676,1
2023-03-08,1001,Suburban,1766,14.199499,1
2022-11-12,1005,Rural,1308,9.718559,1
2022-08-03,1005,Urban,853,5.954675,0
2023-09-15,1006,Rural,1049,7.959682,0
2022-01-23,1008,Suburban,1588,13.651852,1
2022-08-17,1002,Rural,948,12.362926,0
2022-01-03,1004,Suburban,1064,21.398046,0
2023-10-14,1007,Urban,1492,21.278607,0
2023-08-20,1004,Suburban,1394,12.985274,0
2023-01-19,1001,Rural,452,12.36856,0
2022-08-04,1005,Rural,391,6.550931,0
2023-02-21,1010,Rural,839,11.445728,1
2023-01-12,1010,Rural,1149,11.889781,1
2022-03-03,1001,Urban,1230,9.772801,0
2022-10-14,1010,Urban,1694,10.806903,0
2022-01-19,1005,Suburban,1202,6.505247,0
2022-03-19,1004,Urban,1072,20.641036,0
2022-05-18,1001,Rural,633,8.746775,0
2023-04-24,1004,Rural,934,17.100108,0
2022-08-22,1006,Suburban,520,5.510341,0
2023-10-17,1003,Rural,714,17.36684,0
2023-08-05,1010,Urban,712,17.061902,0
2022-10-26,1005,Suburban,730,7.552162,0
2023-01-11,1001,Urban,503,11.033333,0
2022-03-27,1010,Urban,1100,16.744007,1
2023-01-15,1004,Urban,1988,24.345599,0
2023-04-23,1004,Urban,1638,20.335981,1
2022-09-12,1008,Suburban,396,16.470215,0
2023-06-14,1002,Urban,804,11.883376,0
2023-07-09,1004,Rural,641,15.397074,0
2022-04-26,1010,Urban,464,15.831596,1
2023-07-21,1007,Urban,1833,19.489696,0
2023-03-17,1009,Suburban,798,32.501898,0
2023-02-10,1008,Urban,1133,14.499526,0
2023-10-22,1005,Urban,1765,8.53371,1
2022-09-09,1005,Rural,900,7.576117,0
2023-04-20,1006,Suburban,932,8.592584,0
2023-07-30,1001,Urban,288,12.61617,0
2022-02-28,1004,Suburban,1418,21.845754,1
2023-06-11,1004,Urban,688,17.801956,0
2023-11-01,1008,Urban,991,13.058755,0
2023-06-25,1008,Suburban,1627,14.900768,0
2023-02-16,1007,Suburban,347,21.498471,0
2022-08-31,1004,Urban,1242,19.79739,1
2023-01-06,1002,Urban,1582,13.457349,1
2023-03-29,1006,Urban,813,5.368034,0
2023-01-01,1006,Urban,1797,8.259377,1
2022-09-19,1008,Suburban,1200,15.210318,0
2023-01-01,1002,Rural,1091,8.689043,0
2022-12-29,1009,Urban,1218,34.852532,1
2022-12-19,1001,Suburban,551,8.134463,0
2022-10-05,1006,Suburban,1384,8.846319,0
2023-01-25,1003,Suburban,647,19.344007,1
2023-08-17,1003,Suburban,1032,12.869748,0
2023-10-17,1005,Rural,492,10.145998,0
2022-12-05,1007,Suburban,1197,21.253588,0
2022-08-20,1006,Urban,1694,5.065834,1
2022-07-13,1008,Urban,762,16.064269,0
2022-04-10,1006,Suburban,1370,7.891367,0
2023-06-08,1001,Rural,668,12.578429,0
2022-11-30,1007,Urban,1000,28.14408,0
2022-08-21,1008,Urban,1592,17.391448,0
2023-07-06,1003,Urban,1709,12.377033,1
2023-06-20,1006,Urban,896,5.213875,0
2023-06-08,1002,Urban,1378,8.351155,1
2022-03-03,1004,Urban,1385,17.918199,0
2023-10-22,1003,Urban,1327,11.059782,1
2022-02-16,1003,Urban,1784,10.046135,1
2022-09-23,1007,Suburban,288,15.428947,0
2022-12-04,1006,Urban,1432,5.467732,0
2022-03-26,1003,Urban,835,14.751049,0
2023-03-23,1006,Urban,998,5.199991,0
2022-04-10,1005,Urban,580,5.30472,1
2023-06-30,1010,Rural,766,13.151871,0
2022-06-28,1010,Urban,1101,15.749805,1
2022-12-29,1001,Rural,926,11.735743,1
2023-05-22,1007,Suburban,2061,28.738542,1
2023-08-25,1005,Urban,422,8.988394,0
2023-03-01,1006,Suburban,1459,8.866644,1
2022-07-24,1001,Suburban,930,13.189853,0
2023-04-19,1002,Suburban,579,9.134213,0
2023-06-05,1005,Urban,743,8.970194,0
2022-04-21,1002,Suburban,986,10.294032,0
2022-06-24,1004,Rural,1154,17.011398,1
2023-05-30,1005,Urban,1243,8.388931,0
2022-07-30,1001,Suburban,1059,9.31607,0
2023-04-02,1002,Urban,1454,11.386074,0
2022-01-16,1001,Suburban,1583,14.89511,0
2023-10-10,1010,Rural,946,14.19097,0
2023-05-18,1006,Urban,1158,4.257115,0
2022-09-08,1010,Suburban,692,14.191297,0
2023-02-19,1009,Rural,587,29.750741,0
2022-05-26,1008,Urban,647,19.562425,0
2022-12-26,1002,Suburban,2164,13.901442,1
2022-03-02,1006,Rural,986,9.070104,0
2023-11-25,1007,Urban,2554,18.046171,1
2023-01-20,1002,Suburban,1137,12.448643,0
2023-02-17,1008,Urban,668,17.696673,0
2023-08-14,1008,Rural,621,11.665777,0
2023-06-19,1001,Suburban,1024,12.40156,0
2023-10-07,1008,Rural,905,10.603226,1
2022-07-13,1008,Urban,892,17.128806,0
2022-03-20,1003,Urban,2041,12.167436,1
2022-06-28,1002,Rural,659,12.856437,0
2023-02-12,1003,Suburban,1443,12.43115,1
2023-07-23,1002,Urban,937,8.141068,0
2023-02-20,1005,Suburban,1502,7.705495,0
2023-05-05,1010,Suburban,516,11.537099,0
2023-09-24,1004,Urban,1075,22.447449,0
2023-08-05,1002,Suburban,524,6.810761,0
2022-11-11,1008,Urban,548,14.125555,0
2023-02-07,1002,Suburban,916,12.126711,0
2023-10-23,1004,Urban,592,13.411215,0
2022-05-29,1005,Urban,712,9.815488,0
2023-04-15,1010,Suburban,1277,12.093964,0
2022-04-30,1002,Urban,989,8.692248,0
2022-12-16,1005,Rural,551,8.949027,0
2023-02-24,1010,Rural,649,16.643817,0
2022-10-09,1005,Rural,1548,9.15455,1
2023-11-21,1007,Suburban,488,23.362308,0
2023-01-26,1009,Suburban,1468,29.021904,1
2023-08-05,1009,Suburban,1596,44.379475,1
2023-01-22,1008,Urban,1608,11.022453,0
2023-10-03,1003,Suburban,1433,16.641381,1
2023-03-07,1001,Suburban,1371,9.029627,0
2022-10-23,1004,Urban,559,13.427414,1
2022-01-14,1006,Urban,1904,8.744688,1
2022-11-14,1007,Rural,898,25.664043,0
2023-09-22,1007,Suburban,670,15.033796,0
2022-11-06,1009,Rural,1076,38.97696,0
2023-07-01,1008,Rural,868,17.166693,0
2023-12-01,1003,Urban,1588,16.096274,1
2023-03-26,1008,Suburban,984,18.296295,0
2023-05-28,1006,Urban,1626,6.67607,0
2023-09-15,1006,Suburban,903,6.097163,0
2023-07-07,1010,Rural,935,15.729067,0
2022-12-07,1004,Urban,1057,18.045838,1
2022-10-10,1001,Urban,941,13.937218,0
2022-03-19,1003,Urban,598,10.028565,0
2023-03-31,1007,Urban,1080,23.467286,0
2022-04-07,1007,Suburban,709,28.169572,0
2022-08-20,1005,Suburban,1649,9.866347,0
2023-05-16,1005,Urban,449,11.062011,1
2023-08-24,1004,Suburban,1129,15.837811,0
2023-11-18,1009,Suburban,144,35.36884,0
2023-01-30,1003,Suburban,840,13.399121,0
2023-11-05,1007,Rural,821,29.864476,0
2022-11-01,1003,Suburban,732,15.398722,0
2023-02-10,1005,Suburban,1236,11.733557,0
2023-07-18,1009,Urban,1761,32.321699,1
2023-09-02,1006,Suburban,926,6.062389,0
2022-08-19,1008,Urban,793,17.233769,0
2022-11-01,1001,Rural,1155,11.930845,1
2023-05-20,1006,Suburban,1533,5.261641,0
2022-11-27,1002,Urban,579,6.015296,0
2023-02-07,1007,Suburban,1454,17.11184,1
2023-05-04,1003,Urban,2311,18.919722,1
2023-08-03,1005,Urban,1471,6.842751,1
2023-05-05,1010,Urban,937,11.353056,0
2022-10-31,1006,Rural,1113,5.417807,1
2022-03-24,1003,Suburban,1200,19.594946,0
2023-06-11,1010,Urban,1878,12.437025,1
2023-05-22,1007,Urban,1074,26.820907,0
2023-04-07,1004,Rural,1224,13.937035,0
2023-03-28,1010,Suburban,1458,11.159714,1
2022-10-21,1003,Suburban,741,11.357353,0
2022-11-24,1002,Rural,912,11.91092,0
2023-02-11,1001,Suburban,697,8.132305,0
2022-11-29,1007,Suburban,881,27.05756,0
2023-04-17,1002,Urban,1026,9.960461,0
2022-09-16,1004,Suburban,1246,13.051332,0
2022-05-15,1010,Suburban,969,9.953855,1
2023-08-02,1009,Suburban,676,31.8048,0
2022-10-19,1002,Suburban,1061,12.378228,0
2023-07-10,1008,Rural,1116,13.439028,0
2022-08-27,1008,Rural,676,14.956099,0
2022-02-02,1007,Suburban,561,17.717919,0
2022-12-17,1008,Urban,1667,21.461743,1
2022-07-24,1001,Suburban,2165,13.556835,1
2022-12-30,1007,Urban,913,20.403558,0
2023-10-29,1004,Suburban,234,22.866519,0
2023-09-10,1008,Suburban,1184,14.163121,1
2023-09-04,1004,Rural,1542,14.680703,1
2023-05-29,1010,Urban,837,15.76651,0
2022-03-05,1003,Urban,730,19.136656,1
2022-12-17,1002,Urban,1234,12.599574,1
2022-09-16,1003,Suburban,1204,12.610705,0
2023-01-17,1004,Suburban,1057,24.258767,0
2023-01-27,1004,Suburban,795,13.793738,0
2023-06-18,1002,Urban,2112,6.69512,1
2023-04-16,1008,Rural,392,11.096327,0
2023-05-30,1006,Urban,1396,4.664377,1
2022-11-06,1007,Suburban,590,20.613011,0
2022-07-18,1002,Rural,874,13.927831,1
2023-03-02,1006,Suburban,219,8.42654,0
2023-10-06,1001,Rural,948,14.550672,0
2023-10-23,1002,Suburban,1747,8.023964,1
2022-01-15,1009,Urban,2263,30.670391,1
2022-05-21,1005,Urban,1305,5.401444,1
2023-03-07,1001,Urban,1694,9.100493,1
2022-02-17,1008,Urban,526,16.700808,0
2022-01-02,1001,Suburban,984,12.043438,0
2022-04-06,1001,Suburban,565,10.840942,1
2022-12-16,1002,Rural,879,11.706902,1
2023-06-16,1007,Urban,398,27.478029,0
2023-05-18,1007,Suburban,831,28.877431,0
2023-06-15,1009,Rural,172,24.37212,0
2023-07-18,1007,Urban,818,25.532884,0
2023-10-15,1004,Suburban,993,18.975934,0
2022-08-31,1008,Suburban,710,14.926803,0
2023-03-26,1010,Suburban,917,17.505765,0
2022-06-01,1002,Rural,465,8.563172,1
2023-03-04,1001,Suburban,1272,8.362683,0
2023-11-30,1002,Rural,439,9.979988,0
2022-12-22,1002,Rural,719,11.478577,0
2023-11-26,1002,Suburban,893,12.329943,0
2023-06-25,1005,Urban,1579,10.870923,0
2023-10-12,1004,Urban,1468,19.735989,0
2023-07-17,1007,Urban,634,20.374577,0
2023-04-17,1006,Suburban,663,4.019698,0
2022-04-20,1005,Suburban,710,5.944414,0
2023-04-18,1006,Suburban,798,4.050409,0
2022-05-26,1004,Rural,785,19.516953,0
2022-01-20,1008,Urban,944,11.260953,0
2022-04-29,1001,Suburban,1347,10.166767,0
2023-02-08,1008,Urban,740,12.444181,1
2022-01-18,1005,Urban,604,8.593914,0
2023-07-22,1004,Urban,2342,21.343341,1
2022-02-03,1001,Urban,1902,12.260501,1
2023-08-04,1001,Rural,607,9.593211,0
2023-07-16,1004,Suburban,1100,16.550985,0
2022-06-21,1001,Suburban,2396,14.783284,1
2022-10-18,1010,Urban,963,12.219968,0
2022-02-20,1008,Urban,345,21.506716,0
2022-01-14,1007,Urban,1504,26.655555,0
2022-09-26,1010,Urban,816,16.356459,0
2023-09-11,1001,Rural,893,11.390195,1
2022-07-09,1001,Suburban,1643,10.021175,1
2023-05-26,1003,Rural,728,12.247151,0
2022-02-14,1003,Urban,1441,12.216479,0
2022-08-12,1001,Suburban,882,13.910598,0
2023-07-28,1005,Urban,1141,10.002811,0
2022-02-07,1002,Suburban,517,9.998764,0
2022-01-29,1010,Suburban,1676,12.951753,0
2022-07-25,1007,Urban,964,26.070763,0
2022-12-11,1010,Suburban,607,9.783217,0
2022-01-20,1004,Suburban,637,16.780992,0
2023-06-21,1006,Urban,1106,5.083362,0
2022-09-26,1008,Suburban,1096,14.912639,0
2022-08-17,1008,Urban,1178,14.703812,0
2023-10-02,1002,Suburban,1355,7.264861,0
2022-04-12,1002,Urban,1515,6.715251,0
2023-04-05,1003,Rural,700,12.309317,0
2022-04-19,1003,Urban,1536,16.232782,0
2022-07-29,1004,Urban,1545,17.486605,0
2023-09-27,1002,Suburban,691,8.208257,1
2022-05-19,1003,Suburban,709,17.821116,0
2022-11-05,1001,Rural,513,12.119103,0
2022-08-31,1002,Suburban,1220,7.922834,1
2023-02-17,1003,Urban,1130,11.793943,1
2022-05-24,1001,Rural,933,10.206654,0
2022-03-04,1005,Urban,620,8.89291,0
2022-05-10,1008,Suburban,1634,14.200432,1
2023-11-19,1009,Urban,1253,44.692743,0
2022-04-21,1006,Urban,821,9.003424,0
2022-10-07,1002,Rural,643,8.547528,0
2022-06-05,1007,Urban,1314,29.41106,0
2023-01-10,1008,Suburban,844,10.294905,0
2022-01-24,1002,Urban,1300,11.009351,1
2023-04-20,1003,Suburban,794,11.114322,0
2023-05-21,1010,Urban,1679,15.529566,1
2023-02-15,1003,Suburban,891,18.374376,0
2023-09-14,1009,Urban,375,39.892419,0
2022-06-01,1002,Urban,1200,7.015052,0
2023-04-14,1009,Urban,527,38.397392,0
2023-10-27,1004,Rural,1081,13.997649,1
2022-12-16,1004,Urban,1046,20.821721,0
2022-07-20,1009,Suburban,1296,31.006988,0
2022-07-02,1007,Suburban,1562,16.178036,0
2022-12-11,1001,Suburban,382,14.436359,0
2022-01-22,1001,Suburban,1275,11.178789,0
2023-10-14,1004,Urban,1108,14.654801,1
2023-01-20,1010,Urban,1782,12.066519,0
2023-11-12,1008,Suburban,760,20.259015,0
2023-11-08,1010,Suburban,699,15.181642,1
2023-05-29,1008,Urban,1025,16.45878,0
2022-07-10,1005,Suburban,1765,5.789588,1
2023-03-13,1003,Urban,1038,12.128225,0
2023-08-21,1003,Urban,1565,15.155968,0
2022-11-15,1008,Suburban,1003,18.099533,1
2022-10-19,1006,Suburban,727,5.54398,0
2023-07-22,1008,Urban,1391,20.963117,0
2022-05-03,1010,Urban,819,8.081157,0
2022-06-18,1003,Suburban,1381,19.038035,0
2022-05-18,1003,Suburban,1186,14.841895,0
2023-02-26,1009,Suburban,798,42.025509,0
2022-12-08,1005,Urban,1988,8.883244,0
2023-08-08,1004,Rural,291,19.195299,0
2023-11-23,1006,Urban,1326,7.780291,0
2022-12-08,1006,Urban,1907,9.030061,0
2022-01-17,1009,Rural,298,25.227116,0
2023-05-21,1002,Suburban,1219,10.684561,0
2022-08-23,1003,Urban,1161,11.146816,0
2022-08-24,1006,Rural,440,7.374507,1
2022-09-24,1004,Urban,1755,24.96328,1
2023-05-03,1007,Urban,1305,15.130966,1
2023-09-24,1002,Suburban,1343,10.908115,0
2023-10-24,1009,Suburban,1411,30.153225,1
2023-11-13,1008,Suburban,547,18.067608,0
2023-07-04,1001,Urban,346,9.861868,0
2023-06-21,1006,Urban,1135,4.725692,0
2023-06-17,1005,Urban,1865,9.057407,0
2023-03-12,1008,Urban,770,20.455007,0
2022-10-21,1010,Rural,1006,10.876144,0
2022-05-27,1004,Rural,549,17.087918,0
2022-05-12,1008,Urban,1274,21.026171,0
2023-03-11,1007,Suburban,1892,22.082668,1
2023-06-08,1003,Suburban,1621,11.332022,1
2023-03-06,1003,Urban,858,10.541988,0
2022-10-05,1005,Rural,1996,10.173512,1
2023-06-29,1005,Urban,1672,7.065456,0
2022-07-27,1008,Urban,1511,15.280921,0
2022-04-30,1005,Rural,854,9.866655,0
2023-04-27,1010,Rural,851,12.702351,0
2022-11-07,1006,Urban,1797,9.7092,1
2023-05-23,1007,Rural,835,18.862548,1
2023-09-30,1007,Urban,910,19.496565,0
2023-02-11,1007,Urban,2147,19.167887,0
2022-11-11,1002,Rural,952,8.801166,1
2022-06-07,1002,Rural,1005,12.990584,0
2023-07-13,1008,Suburban,970,14.585444,0
2022-10-16,1008,Suburban,723,11.937869,0
2023-06-28,1005,Suburban,1400,9.155067,1
2023-04-23,1003,Suburban,831,12.841324,0
2022-06-02,1002,Suburban,901,9.950191,0
2022-07-31,1008,Urban,3130,10.388876,1
2023-07-05,1006,Rural,595,4.316505,0
2023-06-17,1008,Urban,1527,11.601107,0
2022-03-22,1009,Urban,1630,27.966854,0
2023-06-09,1007,Urban,1777,15.452095,1
2022-10-23,1006,Rural,906,9.094494,0
2022-08-04,1009,Rural,613,25.812651,1
2023-03-06,1010,Suburban,1520,11.52737,1
2023-07-24,1004,Urban,2005,23.478239,1
2023-01-22,1004,Urban,864,12.118931,0
2022-10-09,1008,Rural,1026,12.211185,0
2022-03-20,1004,Suburban,905,21.766644,0
2023-11-27,1003,Suburban,927,15.647516,0
2022-05-24,1009,Urban,528,21.57219,0
2022-03-18,1007,Urban,709,17.570129,0
2023-03-02,1001,Suburban,1009,12.332129,1
2023-04-17,1002,Urban,1042,6.301048,0
2023-05-09,1001,Suburban,299,13.203708,0
2022-05-03,1002,Urban,958,12.223272,0
2023-01-12,1010,Urban,1325,13.8372,0
2022-11-03,1007,Urban,998,16.184134,0
2023-06-16,1008,Suburban,1005,17.548872,0
2023-01-29,1006,Urban,1574,6.008227,0
2023-11-26,1006,Urban,1736,7.378463,0
2022-09-06,1007,Suburban,875,29.660053,0
2023-06-03,1009,Urban,1295,43.01321,0
2022-06-11,1007,Urban,1293,27.889417,0
2023-07-25,1009,Suburban,577,36.847728,1
2023-06-04,1007,Rural,803,24.433264,0
2022-09-08,1009,Suburban,943,31.896912,0
2022-08-09,1002,Rural,1296,6.181316,1
2023-04-13,1010,Urban,1786,11.560985,0
2022-02-10,1004,Urban,1225,13.673328,0
2023-09-23,1009,Urban,1227,40.629762,0
2022-04-16,1004,Rural,1803,13.791487,1
2022-01-18,1008,Suburban,731,11.452015,0
2022-12-23,1010,Suburban,669,10.927514,0
2022-01-28,1003,Rural,402,15.716039,0
2022-11-13,1002,Urban,2135,9.429852,0
2023-02-11,1003,Urban,2019,16.054287,1
2022-06-26,1009,Rural,1051,38.822025,0
2022-03-17,1005,Suburban,1025,10.473036,0
2023-11-01,1003,Rural,941,17.049472,0
2023-05-08,1007,Urban,1218,24.103512,0
2023-04-03,1010,Urban,1569,17.828177,1
2022-11-21,1002,Suburban,1198,6.706174,1
2023-02-23,1010,Urban,960,13.631382,0
2022-09-03,1008,Suburban,551,21.604402,0
2022-05-25,1002,Rural,355,13.164418,0
2022-06-16,1008,Urban,992,15.946828,1
2022-12-01,1007,Urban,2087,29.879697,1
2022-10-03,1007,Urban,995,24.522716,0
2022-09-07,1008,Urban,730,14.529061,1
2022-09-22,1005,Urban,2226,10.07239,0
2022-10-07,1001,Urban,1618,14.527778,1
2022-11-03,1008,Suburban,965,12.865586,0
2022-07-05,1003,Urban,1035,17.341559,0
2022-05-25,1001,Urban,1670,11.860522,1
2023-05-03,1005,Suburban,661,6.290935,0
2023-06-19,1004,Rural,289,23.248061,0
2022-11-27,1006,Urban,721,5.160526,0
2023-08-16,1010,Suburban,486,15.081312,0
2022-08-16,1001,Suburban,883,8.094161,0
2023-04-12,1008,Suburban,785,15.999147,1
2023-08-19,1010,Urban,1194,10.971198,1
2022-11-15,1008,Rural,1300,17.560887,1
2023-01-10,1001,Suburban,1364,9.865492,1
2022-01-16,1008,Urban,1665,21.593082,0
2022-01-09,1007,Suburban,1123,20.119183,0
2022-03-30,1005,Urban,569,9.16601,0
2023-04-09,1006,Urban,1013,6.690404,1
2022-03-23,1007,Suburban,1457,16.878935,1
2023-03-13,1010,Rural,1276,8.503742,1
2022-06-18,1010,Rural,1248,9.60962,0
2022-09-04,1007,Suburban,977,23.826463,0
2022-10-12,1004,Urban,1130,15.393007,0
2022-04-23,1002,Urban,1254,13.3031,0
2022-12-21,1009,Suburban,549,22.277019,0
2023-04-22,1008,Urban,2057,10.342058,1
2023-09-05,1010,Suburban,868,16.931089,0
2022-12-31,1006,Suburban,964,5.629017,0
2022-05-06,1002,Suburban,604,8.089163,0
2022-06-29,1007,Rural,525,26.620239,0
2022-11-26,1007,Rural,978,18.587331,1
2022-11-07,1004,Suburban,1109,19.537371,1
2023-08-17,1005,Suburban,959,5.465067,1
2022-06-26,1002,Suburban,1281,13.502052,1
2022-10-05,1008,Rural,632,10.713141,1
2023-07-20,1004,Suburban,447,16.456325,0
2023-01-09,1007,Suburban,993,18.729312,0
2023-03-26,1002,Rural,868,10.000314,1
2022-08-15,1001,Urban,2058,12.672213,1
2023-11-25,1003,Rural,1120,16.558644,1
2022-03-23,1006,Urban,1669,4.52431,0
2022-07-10,1007,Suburban,969,20.022062,0
2022-06-19,1009,Rural,1078,40.523985,1
2023-02-12,1003,Urban,1021,16.436631,0
2023-11-10,1005,Rural,904,7.616808,0
2023-02-25,1004,Urban,201,18.336508,0
2023-08-31,1007,Urban,1361,22.643598,1
2022-05-01,1006,Urban,560,9.184613,0
2022-10-30,1002,Suburban,640,10.123144,0
2023-01-16,1007,Urban,1175,28.334449,0
2022-07-26,1004,Urban,243,18.526828,0
2023-10-16,1008,Urban,586,11.530043,1
2022-04-13,1007,Urban,1556,28.791543,0
2022-01-02,1007,Rural,849,23.252916,1
2022-05-31,1004,Urban,826,17.163861,0
2023-04-14,1008,Suburban,1012,14.806885,0
2022-07-05,1003,Suburban,1107,10.605116,0
2023-08-11,1003,Rural,549,17.320307,0
2022-03-21,1010,Suburban,882,16.861077,0
2022-01-19,1010,Rural,1085,10.244003,1
2022-08-09,1002,Urban,962,13.975148,0
2022-01-25,1005,Rural,886,10.318088,0
2022-01-25,1005,Rural,716,10.408923,1
2022-09-25,1005,Rural,817,6.560485,0
2022-12-06,1008,Rural,505,13.670126,0
2022-05-26,1007,Urban,1276,18.582226,0
2022-07-01,1004,Urban,981,17.691123,0
2022-03-16,1002,Suburban,987,7.858141,0
2022-09-15,1002,Suburban,1063,12.096089,0
2023-01-20,1003,Suburban,978,15.266985,1
2022-07-23,1010,Urban,1616,14.419778,1
2023-07-05,1007,Rural,850,15.275649,0
2022-09-20,1010,Urban,853,11.117381,0
2022-11-26,1005,Suburban,440,9.924125,0
2023-08-13,1004,Suburban,1432,22.490843,0
2023-11-26,1010,Urban,943,8.436726,1
2023-03-11,1005,Rural,656,8.789077,0
2022-09-12,1006,Urban,1391,5.329118,0
2022-08-20,1005,Suburban,1349,5.784628,1
2022-11-10,1007,Urban,716,28.307202,0
2022-03-11,1009,Suburban,1505,20.155291,0
2023-04-06,1006,Urban,405,8.12989,0
2022-11-01,1003,Rural,769,10.898325,1
2023-02-10,1001,Rural,781,8.055873,0
2023-04-01,1003,Rural,439,13.08481,1
2022-09-30,1008,Rural,857,17.103501,0
2022-09-12,1002,Rural,491,7.776421,0
2023-04-03,1010,Urban,1446,10.213308,0
2022-12-09,1010,Suburban,717,11.0458,0
2023-05-28,1010,Suburban,926,13.015471,0
2023-06-28,1004,Suburban,342,22.494007,0
2023-09-23,1009,Urban,1170,39.205042,1
2023-05-01,1010,Suburban,688,13.204708,0
2023-03-19,1004,Suburban,1157,22.752142,0
2022-08-07,1010,Urban,1296,17.001397,0
2022-11-24,1010,Urban,1488,15.37938,1
2023-01-05,1008,Urban,1804,11.520741,0
2022-01-23,1007,Urban,1401,29.937426,0
2023-06-15,1003,Rural,1018,13.908687,1
2023-01-08,1010,Urban,1520,12.53462,0
2022-04-12,1007,Urban,1554,28.730858,0
2023-02-26,1009,Suburban,1365,29.860825,1
2022-07-16,1001,Rural,472,9.182871,1
2022-06-26,1009,Suburban,649,40.043483,0
2023-01-04,1009,Suburban,1517,40.865618,1
2022-08-23,1003,Rural,746,19.907561,0
2023-01-04,1001,Urban,300,11.128449,0
2023-08-13,1004,Urban,1273,16.29885,1
2022-09-13,1009,Suburban,1041,37.294089,0
2022-07-07,1002,Rural,1362,6.354746,0
2022-02-14,1005,Urban,681,9.069701,0
2022-08-03,1003,Urban,951,14.814649,0
2023-06-07,1002,Urban,1068,13.668706,0
2023-02-05,1007,Urban,1516,15.94382,0
2023-10-10,1010,Suburban,1836,9.991827,1
2023-01-29,1006,Suburban,1647,6.107301,1
2023-04-03,1006,Suburban,697,5.100263,0
2022-08-25,1009,Suburban,489,44.963462,0
2022-03-03,1001,Suburban,875,9.575678,0
2022-10-20,1009,Suburban,733,20.79238,0
2022-12-30,1007,Rural,786,16.798668,0
2023-02-20,1001,Suburban,754,12.731221,0
2023-10-28,1009,Rural,991,41.936739,0
2022-02-27,1010,Urban,116,9.351065,0
2023-09-23,1004,Urban,893,17.381982,0
2022-08-17,1002,Suburban,970,13.125207,0
2023-05-30,1005,Rural,602,7.503908,0
2022-02-09,1002,Urban,1464,8.369491,1
2022-07-25,1004,Urban,987,17.781268,0
2022-03-23,1002,Rural,829,10.349764,0
2022-08-15,1010,Urban,706,10.33338,0
2022-10-30,1006,Urban,1423,5.140204,0
2023-02-11,1004,Suburban,989,12.700023,1
2022-05-04,1009,Suburban,994,24.539772,0
2022-01-30,1007,Rural,1142,17.231765,1
2022-12-28,1005,Rural,507,10.710844,1
2023-03-04,1003,Rural,762,18.148277,1
2022-05-10,1002,Suburban,1086,12.401004,1
2022-02-10,1009,Urban,935,23.740652,0
2022-06-11,1001,Suburban,1412,10.713639,1
2023-01-25,1002,Suburban,900,13.17379,0
2023-11-27,1008,Rural,842,13.874483,1
2022-10-13,1006,Urban,1121,8.960564,1
2023-03-14,1002,Urban,932,10.605872,0
2022-09-22,1005,Urban,1584,5.185119,1
2022-05-06,1010,Urban,1280,13.83658,0
2023-10-02,1004,Rural,708,23.99767,0
2023-01-30,1006,Urban,1045,9.166513,0
2022-05-11,1007,Urban,1371,21.462432,1
2022-04-13,1007,Suburban,1489,25.455403,0
2023-03-10,1007,Rural,750,16.784159,1
2022-12-22,1002,Suburban,2064,13.753314,1
2022-02-16,1005,Urban,273,11.318606,0
2022-08-12,1010,Urban,701,10.026173,0
2023-01-12,1002,Urban,1924,8.99582,1
2023-10-29,1006,Urban,1419,9.367227,0
2023-05-22,1004,Urban,1506,13.389961,1
2023-09-19,1010,Urban,1320,9.239694,0
2023-01-09,1008,Rural,241,11.16037,0
2022-06-10,1010,Suburban,1157,13.494515,0
2023-02-10,1010,Suburban,841,16.117805,0
2023-09-04,1001,Suburban,1136,13.699279,0
2022-03-01,1003,Urban,1055,19.900339,0
2022-11-26,1003,Urban,1422,12.42791,0
2022-02-23,1005,Rural,839,10.972577,0
2023-09-13,1007,Suburban,823,16.437023,0
2022-04-08,1001,Suburban,874,14.935031,0
2022-05-03,1009,Urban,64,30.932028,1
2022-08-14,1008,Urban,1164,17.974886,0
2022-07-12,1006,Rural,1402,5.569486,1
2022-07-02,1001,Rural,1003,8.092656,0
2022-11-19,1005,Urban,1209,5.357348,0
2023-09-10,1001,Suburban,1123,9.955465,0
2022-10-11,1009,Urban,1120,21.036932,0
2022-08-26,1009,Suburban,1236,33.021645,1
2022-02-25,1009,Urban,1434,32.510797,0
2022-07-23,1006,Urban,652,7.445645,0
2022-02-09,1003,Urban,1073,11.567952,0
2023-03-16,1007,Rural,1468,16.387201,1
2022-03-08,1004,Urban,1401,15.115875,0
2022-04-12,1006,Urban,819,8.40384,0
2022-08-20,1005,Suburban,995,7.213323,0
2022-09-12,1008,Rural,566,16.63247,0
2022-04-02,1010,Urban,1568,12.020923,0
2023-03-31,1003,Urban,757,12.631346,0
2022-11-15,1005,Urban,1383,10.957832,0
2022-11-15,1006,Rural,665,7.670678,0
2022-02-21,1007,Suburban,1462,16.89575,0
2023-02-25,1007,Urban,1184,17.142364,0
2023-05-20,1009,Urban,348,27.245238,0
2022-08-09,1003,Suburban,617,14.47549,0
2022-06-15,1005,Urban,1151,8.669548,1
2023-07-05,1006,Urban,1651,8.350264,1
2022-01-16,1005,Suburban,1101,11.521544,0
2023-11-11,1005,Suburban,1538,11.831547,1
2023-02-01,1005,Rural,770,10.318935,1
2023-03-21,1010,Suburban,1221,17.426908,0
2023-08-04,1008,Rural,1295,17.651689,0
2023-04-02,1010,Rural,824,13.000254,0
2023-04-30,1002,Rural,1605,6.459016,1
2022-02-21,1009,Urban,901,43.990632,0
2022-04-07,1005,Suburban,1578,11.534376,1
2023-02-15,1008,Urban,1008,17.902176,1
2022-12-26,1007,Urban,794,20.544096,0
2022-08-02,1009,Suburban,1387,40.870939,0
2022-02-18,1004,Urban,1109,12.538443,0
2022-03-02,1010,Suburban,1386,14.941857,0
2022-05-06,1003,Urban,1124,12.12712,1
2022-11-26,1007,Rural,1159,28.090905,1
2023-10-04,1005,Urban,1162,8.91485,0
2022-07-27,1007,Rural,480,25.736111,0
2022-10-07,1007,Rural,876,25.629294,0
2022-09-30,1006,Rural,668,9.98156,0
2023-06-16,1008,Rural,565,11.997925,1
2022-07-25,1007,Suburban,1390,21.988578,0
2022-06-03,1005,Rural,450,7.824234,0
2022-10-16,1009,Urban,1043,30.851218,0
2022-11-25,1009,Rural,710,36.936455,0
2023-06-29,1003,Urban,1846,12.34586,0
2022-10-24,1002,Urban,1049,6.628861,0
2022-11-18,1005,Suburban,1144,8.558545,0
2022-03-14,1008,Suburban,1388,12.125725,1
2022-10-29,1008,Urban,1083,15.443906,0
2022-01-15,1010,Urban,2209,16.747006,1
2023-08-18,1007,Urban,638,17.149184,0
2022-06-26,1004,Suburban,1500,15.28367,0
2022-06-02,1001,Rural,665,11.945183,0
2023-06-28,1006,Suburban,684,7.973481,0
2023-11-21,1006,Urban,2316,5.194757,1
2022-11-30,1002,Suburban,1039,9.657364,0
2023-04-14,1007,Suburban,1445,20.072162,1
2022-03-14,1001,Suburban,1363,11.788911,1
2022-02-07,1009,Urban,1443,43.64088,0
2022-11-01,1004,Suburban,951,17.739603,0
2022-09-23,1007,Suburban,1094,22.597919,0
2022-07-31,1006,Suburban,1361,5.470435,0
2023-06-12,1006,Suburban,1069,7.97367,0
2022-08-28,1002,Urban,1142,12.334151,0
2023-09-22,1002,Rural,1584,11.904049,0
2023-04-03,1005,Rural,949,11.384278,1
2023-09-25,1009,Rural,852,29.834185,0
2022-02-17,1007,Urban,1677,23.371893,1
2023-11-05,1003,Urban,1205,10.078352,0
2022-07-10,1006,Suburban,1009,6.313106,0
2023-06-01,1002,Suburban,748,9.336838,0
2023-01-29,1008,Urban,1528,15.132628,0
2023-09-15,1001,Rural,614,12.188585,0
2023-08-12,1003,Urban,1379,11.937714,0
2022-10-18,1009,Urban,477,35.826203,0
2022-04-26,1008,Urban,2067,15.186975,1
2023-10-31,1003,Urban,1345,17.762808,0
2022-11-15,1007,Urban,559,16.204158,0
2023-02-03,1006,Suburban,1122,9.087823,0
2023-10-13,1004,Rural,1029,20.14755,0
2022-03-03,1002,Rural,690,8.715752,0
2022-06-08,1008,Suburban,1335,21.313996,0
2022-06-06,1003,Urban,1645,15.812253,0
2023-11-22,1009,Rural,882,37.2387,1
2022-06-23,1002,Rural,1393,8.189782,1
2022-09-21,1004,Rural,791,16.617646,1
2023-01-22,1007,Urban,1806,15.71377,0
2023-11-24,1006,Rural,573,9.364432,0
2023-03-01,1004,Urban,1417,19.3797,0
2023-08-09,1010,Suburban,515,13.7223,1
2023-07-29,1008,Urban,1494,10.689016,1
2023-10-26,1001,Urban,1266,9.214774,0
2023-07-13,1003,Urban,1169,13.605197,0
2023-08-16,1009,Urban,1338,42.417865,0
2022-11-09,1001,Urban,1007,12.193438,0
2022-10-12,1003,Suburban,1378,15.781529,0
2023-02-04,1005,Suburban,681,8.935969,0
2023-06-05,1001,Suburban,940,9.072954,0
2023-06-11,1008,Urban,1666,15.192271,1
2023-02-06,1004,Suburban,633,14.137632,0
2022-01-15,1009,Suburban,650,44.12634,0
2023-10-21,1005,Rural,1086,9.845179,0
2022-12-24,1009,Suburban,408,23.803381,0
2023-08-24,1009,Rural,777,21.252736,0
2022-08-18,1005,Suburban,929,8.529675,0
2023-01-18,1003,Rural,737,15.464701,1
2023-04-17,1004,Suburban,1370,21.167644,0
2023-07-21,1001,Urban,869,14.091471,0
2022-01-19,1006,Urban,891,5.922102,0
2022-10-13,1003,Urban,677,15.776863,0
2023-02-15,1007,Suburban,2013,15.874434,1
2022-09-18,1002,Urban,1424,9.680135,0
2022-02-09,1001,Rural,683,13.757935,0
2023-05-01,1007,Suburban,1676,26.643055,1
2022-11-27,1005,Suburban,1564,11.817835,1
2022-12-30,1003,Urban,1473,13.874038,0
2022-10-06,1007,Rural,967,16.322958,1
2023-05-16,1005,Suburban,1426,5.288059,0
2023-02-04,1005,Urban,1513,10.955601,1
2022-09-27,1007,Suburban,674,20.785123,0
2022-12-14,1004,Urban,1622,12.798267,1
2023-11-26,1010,Urban,1877,14.798631,0
2022-10-16,1010,Rural,1034,10.020098,0
2023-10-22,1005,Rural,787,9.809034,0
2023-01-01,1001,Urban,900,9.980118,1
2022-01-23,1004,Rural,738,15.783008,0
2023-06-08,1009,Suburban,696,24.499909,1
2023-09-10,1008,Suburban,895,15.930769,0
2022-12-10,1005,Urban,1192,5.239427,0
2023-03-17,1007,Suburban,1094,22.83989,0
2022-04-20,1006,Suburban,2068,9.485744,1
2023-10-10,1006,Suburban,798,5.276273,0
2022-01-12,1008,Urban,1768,13.285399,0
2023-05-04,1009,Urban,2111,42.978683,1
2022-02-05,1003,Urban,1262,18.21905,1
2022-09-13,1001,Urban,1294,11.63676,0
2022-04-23,1006,Suburban,1472,8.736873,1
2023-10-24,1003,Urban,976,10.225333,0
2023-11-10,1010,Urban,1960,13.631418,0
2023-03-18,1009,Suburban,857,33.592501,0
2022-05-16,1005,Suburban,584,7.575457,0
2022-10-29,1004,Suburban,1197,16.131587,0
2023-11-21,1004,Rural,546,21.242812,1
2023-06-01,1002,Urban,1449,12.696058,0
2023-01-26,1010,Rural,841,10.784608,0
2023-10-15,1008,Rural,1045,18.312475,1
2023-03-31,1005,Rural,1559,10.728095,1
2022-08-08,1008,Suburban,488,11.691569,0
2022-08-10,1005,Suburban,1255,7.002351,0
2023-09-04,1006,Rural,595,9.131617,0
2023-02-26,1006,Urban,1474,4.154976,0
2023-08-24,1004,Suburban,1562,15.669533,0
2022-03-17,1009,Suburban,398,36.943429,0
2023-11-14,1005,Suburban,718,9.185583,0
2022-05-10,1005,Suburban,1236,7.103805,1
2023-05-17,1006,Urban,1042,5.086149,0
2023-10-18,1006,Rural,652,4.235939,0
2023-09-01,1009,Urban,712,39.284979,0
2022-09-09,1002,Suburban,860,13.049923,0
2022-01-21,1006,Urban,1741,7.817847,0
2022-05-17,1006,Urban,1097,4.757778,0
2023-02-02,1003,Rural,578,12.893426,0
2022-03-22,1009,Suburban,1135,44.786198,0
2022-03-08,1005,Suburban,1174,7.654703,0
2022-03-11,1005,Suburban,1269,9.271757,1
2023-11-13,1007,Rural,966,19.332061,0
2022-11-11,1008,Urban,2444,18.975363,1
2023-07-09,1008,Urban,1448,19.948518,0
2022-07-16,1007,Suburban,1106,24.106217,0
2023-04-07,1009,Suburban,1104,38.054359,0
2023-05-14,1008,Suburban,1661,17.242632,1
2023-11-01,1010,Suburban,271,15.58256,1
2022-03-15,1008,Suburban,780,19.963866,0
2022-08-29,1004,Urban,1178,15.061773,0
2022-01-09,1004,Suburban,971,24.821312,0
2022-02-25,1008,Suburban,1062,21.469657,0
2023-04-19,1002,Rural,501,11.397414,0
2023-01-18,1008,Suburban,1252,21.850138,0
2022-08-02,1008,Rural,962,12.509639,1
2022-03-07,1004,Suburban,1274,20.209232,1
2022-04-30,1010,Suburban,800,16.942763,0
2023-03-14,1005,Urban,1228,9.498942,0
2023-06-29,1009,Urban,700,26.378865,0
2023-09-10,1002,Rural,761,9.692428,0
2023-01-20,1002,Urban,1073,9.248636,0
2022-03-18,1009,Urban,912,32.499287,0
2023-04-22,1003,Suburban,1846,14.845052,1
2022-11-02,1008,Urban,1313,15.657698,1
2023-03-29,1002,Urban,696,6.900679,0
2023-08-18,1005,Suburban,1064,7.464274,0
2023-05-13,1010,Urban,1016,11.93327,0
2023-04-02,1008,Suburban,409,13.301414,0
2022-03-11,1005,Rural,1000,11.94052,1
2023-06-18,1003,Suburban,1123,17.748009,0
2022-10-18,1009,Suburban,395,37.844683,1
2022-03-26,1002,Suburban,1171,11.250217,0
2022-06-10,1010,Suburban,1295,10.572129,0
2022-01-25,1007,Suburban,50,29.786405,0
2023-09-13,1008,Suburban,618,21.494112,0
2022-02-08,1001,Urban,944,8.787589,0
2022-09-07,1006,Urban,1311,8.373853,1
2022-09-22,1006,Urban,1470,8.650123,0
2022-06-29,1002,Urban,851,12.220698,0
2022-07-08,1006,Urban,1232,7.755991,0
2022-11-06,1008,Urban,1635,17.15983,1
2022-10-13,1010,Suburban,725,14.331845,0
2022-06-25,1006,Suburban,689,8.71764,0
2023-08-05,1006,Urban,1012,8.012402,0
2023-03-20,1001,Urban,537,13.411355,0
2023-05-21,1001,Urban,1104,8.587241,0
2023-10-21,1003,Suburban,908,14.150938,0
2022-02-04,1007,Urban,1505,25.615682,0
2023-09-28,1003,Suburban,657,17.252943,0
2022-05-21,1001,Urban,2396,14.231124,1
2022-05-10,1002,Rural,934,10.203255,0
2023-04-08,1001,Urban,1414,14.319642,0
2023-09-16,1002,Urban,747,7.447462,0
2022-07-11,1005,Suburban,956,11.136698,0
2023-11-10,1006,Suburban,743,4.224078,0
2023-08-16,1006,Suburban,1164,6.410428,1
2023-11-02,1007,Rural,792,29.219445,0
2022-05-22,1006,Rural,1202,7.186733,1
2022-09-23,1010,Suburban,1086,11.094995,0
2022-02-02,1007,Urban,886,18.556433,0
2022-05-01,1006,Rural,516,5.637917,1
2022-09-04,1009,Urban,817,44.009259,0
2023-03-10,1006,Suburban,744,8.485456,0
2022-05-23,1009,Urban,478,34.656927,0
2023-05-17,1008,Rural,352,17.403324,0
2023-05-28,1002,Urban,1389,11.220231,0
2023-02-04,1007,Urban,1034,20.443216,0
2022-07-05,1004,Urban,1543,22.854753,1
2022-03-10,1007,Suburban,847,25.246186,1
2022-04-03,1010,Urban,1642,14.918345,0
2023-05-03,1008,Suburban,1018,15.511101,0
2023-01-29,1010,Rural,563,10.969634,0
2023-10-27,1006,Suburban,1344,7.081419,1
2022-09-07,1007,Rural,770,25.570147,0
2023-09-22,1009,Urban,598,30.732153,0
2023-04-21,1004,Urban,1082,17.188773,0
2022-05-01,1002,Rural,1127,12.990921,0
2022-03-09,1001,Rural,812,11.734548,0
2022-09-06,1004,Rural,732,15.440049,0
2022-05-04,1006,Urban,659,7.079823,0
2023-07-27,1007,Urban,929,27.759638,1
2022-01-23,1002,Suburban,799,6.586992,0
2022-03-23,1007,Rural,1084,27.305926,1
2022-07-04,1007,Rural,873,23.483997,0
2023-04-14,1010,Urban,1043,10.846619,1
2022-09-18,1005,Suburban,614,11.095555,0
2022-04-03,1009,Suburban,1558,41.761838,0
2023-06-21,1006,Suburban,1179,9.750841,0
2023-08-25,1010,Rural,1318,8.989905,1
2023-10-25,1003,Rural,953,11.621391,0
2022-02-15,1006,Rural,738,5.601165,0
2022-04-30,1005,Suburban,743,10.862879,0
2022-01-11,1006,Urban,1104,7.87138,0
2022-06-13,1009,Suburban,626,24.027462,0
2023-03-22,1008,Urban,1568,15.393716,1
2023-06-02,1005,Urban,2008,7.175755,1
2023-09-19,1005,Suburban,1422,8.916813,1
2022-11-15,1008,Rural,457,13.533902,0
2022-08-13,1007,Suburban,1143,16.967455,0
2022-07-11,1003,Suburban,747,14.990847,0
2022-06-02,1005,Urban,1321,10.052476,1
2023-10-15,1005,Suburban,1222,5.411995,0
2022-05-24,1006,Urban,1839,5.630406,1
2023-02-02,1004,Urban,519,23.000902,0
2022-04-12,1009,Urban,1151,32.681656,0
2022-11-27,1004,Rural,642,13.768295,0
2022-07-23,1006,Urban,1028,7.815018,0
2023-04-27,1009,Urban,1551,20.590484,1
2023-06-12,1007,Rural,822,26.032092,1
2022-01-21,1001,Suburban,1177,10.83384,1
2023-08-22,1003,Suburban,1374,13.272894,1
2023-10-16,1002,Rural,354,11.89069,0
2022-04-17,1006,Rural,919,9.087114,0
2022-03-22,1001,Urban,667,10.702082,0
2023-09-07,1007,Urban,1348,15.991369,0
2023-08-06,1008,Urban,2097,19.916307,1
2023-01-10,1001,Urban,1002,11.717459,0
2022-10-29,1007,Rural,1226,23.378762,0
2023-06-19,1005,Rural,1533,5.637929,1
2022-12-01,1002,Suburban,814,6.998375,0
2022-05-06,1007,Suburban,625,27.997298,0
2022-03-14,1002,Urban,1722,12.647812,0
2023-10-30,1009,Rural,913,21.41852,1
2022-03-21,1009,Urban,1285,23.874886,0
2023-06-18,1007,Urban,1006,29.11937,0
2023-08-09,1010,Rural,1410,16.946341,1
2022-03-09,1008,Urban,927,16.678582,0
2022-02-27,1004,Suburban,1005,13.380784,0
2022-10-18,1002,Suburban,2243,8.576903,1
2022-01-03,1002,Urban,666,6.748655,0
2022-11-08,1010,Rural,1021,13.943453,0
2023-07-23,1008,Urban,2166,14.140537,0
2022-09-17,1009,Urban,1867,35.297577,1
2022-10-13,1005,Urban,396,7.031137,0
2023-01-23,1007,Suburban,492,22.020566,0
2023-02-28,1002,Rural,935,7.044975,0
2022-02-07,1005,Rural,1438,10.18725,1
2023-10-30,1009,Urban,1523,22.98407,1
2022-10-16,1005,Suburban,550,5.720889,0
2023-05-02,1002,Suburban,1181,10.577155,0
2023-06-08,1009,Suburban,2302,36.820222,1
2023-03-12,1009,Urban,1763,23.784451,1
2023-01-27,1008,Suburban,537,11.324095,0
2022-05-26,1003,Urban,705,16.36707,0
2022-07-10,1010,Suburban,1568,12.978628,0
2023-01-29,1001,Suburban,587,14.856083,1
2022-10-23,1009,Rural,889,38.289902,0
2022-06-16,1008,Rural,433,15.212754,0
2023-08-03,1006,Suburban,1011,9.562434,0
2023-05-26,1002,Urban,1901,7.688042,1
2022-04-03,1005,Suburban,489,11.02418,1
2023-04-11,1006,Rural,557,6.274513,0
2022-08-15,1004,Urban,2028,18.74334,1
2022-11-26,1004,Rural,1174,16.341494,0
2023-09-09,1006,Suburban,876,9.818984,0
2023-08-22,1010,Urban,1200,17.855243,0
2023-01-26,1008,Urban,1594,17.791683,1
2022-07-04,1006,Suburban,1155,5.861954,1
2023-01-22,1010,Suburban,1516,13.588843,0
2023-10-03,1003,Urban,1869,19.550719,1
2023-11-09,1001,Rural,748,10.201895,0
2022-12-19,1008,Rural,662,11.695729,1
2022-03-24,1006,Urban,760,6.092867,0
2022-01-05,1007,Rural,1055,18.997099,0
2022-08-15,1007,Suburban,1387,22.775874,0
2023-05-11,1004,Urban,1120,21.68763,0
2022-07-20,1001,Rural,1082,13.953253,0
2023-05-14,1001,Suburban,614,11.916521,0
2023-01-11,1004,Urban,941,15.344236,1
2022-05-12,1004,Urban,1963,14.758756,1
2023-05-20,1005,Suburban,1554,10.327202,0
2022-02-19,1007,Suburban,1181,22.31808,0
2022-12-01,1006,Suburban,727,6.169654,0
2023-04-17,1007,Suburban,656,19.780679,0
2023-06-29,1008,Suburban,721,10.193137,0
2022-04-01,1006,Urban,1192,8.057694,1
2022-11-26,1003,Urban,1253,13.643791,1
2023-05-05,1006,Urban,1566,5.004892,1
2022-08-10,1005,Suburban,858,8.27361,1
2022-10-15,1008,Urban,1624,16.432452,1
2022-05-28,1006,Suburban,1479,7.160319,1
2022-11-08,1008,Urban,2147,20.319387,1
2022-08-16,1001,Suburban,385,12.482141,0
2022-10-28,1008,Urban,948,18.989864,0
2023-09-08,1006,Rural,1092,4.693325,0
2022-04-26,1008,Suburban,1439,11.242063,1
2022-02-20,1002,Urban,657,11.235445,0
2022-08-14,1002,Urban,1582,13.564835,0
2022-09-23,1007,Urban,1253,28.268194,0
2022-10-16,1010,Rural,1020,14.399546,0
2023-11-18,1010,Suburban,448,9.122221,0
2022-05-13,1004,Urban,800,19.107773,0
2023-06-01,1007,Rural,494,27.843128,0
2023-08-01,1009,Suburban,1216,33.067543,1
2022-12-01,1004,Rural,348,16.474714,0
2022-01-11,1002,Urban,701,10.22387,0
2022-03-08,1009,Rural,618,43.756159,0
2023-02-16,1008,Rural,750,19.626901,1
2022-03-26,1001,Urban,1673,8.876988,0
2023-01-09,1002,Urban,806,7.955775,0
2023-05-22,1002,Rural,857,11.671688,1
2023-07-15,1003,Suburban,1462,12.894562,0
2023-07-12,1003,Urban,941,12.752135,0
2023-01-03,1001,Suburban,638,12.892723,0
2022-02-05,1009,Urban,1233,31.027174,0
2023-08-18,1007,Urban,684,27.275487,0
2023-03-28,1002,Urban,422,9.118343,0
2023-10-08,1001,Urban,3442,13.671191,1
2022-08-19,1006,Suburban,848,6.875501,1
2022-01-12,1008,Urban,1144,16.426875,0
2022-01-07,1001,Urban,1000,12.565836,0
2023-02-13,1009,Suburban,777,23.015332,0
2022-04-27,1010,Suburban,1387,8.044167,0
2022-08-24,1010,Suburban,321,10.697281,0
2023-06-18,1003,Urban,755,16.927135,0
2022-12-03,1005,Suburban,1658,11.056976,0
2023-04-07,1010,Rural,1267,9.76529,1
2022-11-10,1001,Rural,1051,9.448325,1
2023-01-10,1004,Urban,1006,19.240074,0
2022-08-29,1002,Urban,865,8.280033,0
2023-02-27,1008,Urban,1710,16.726117,0
2023-01-22,1008,Suburban,1212,12.339007,0
2022-10-24,1005,Suburban,1292,8.714137,0
2023-07-25,1001,Suburban,927,11.530595,1
2023-01-18,1002,Rural,1109,9.207573,1
2023-07-21,1004,Urban,1241,14.133165,0
2023-03-04,1010,Urban,1354,12.678898,0
2022-10-19,1002,Suburban,767,6.507106,0
2022-02-25,1009,Urban,1222,26.50465,1
2023-10-01,1004,Rural,748,21.684871,0
2022-11-18,1008,Urban,733,17.155819,0
2022-05-29,1010,Urban,1449,8.558247,0
2023-04-04,1002,Rural,936,11.206893,0
2023-10-19,1001,Urban,1826,14.054081,0
2023-07-18,1004,Urban,1894,15.808096,1
2023-04-23,1009,Urban,1931,20.994034,1
2023-07-01,1008,Rural,1146,15.682995,0
2022-02-09,1006,Urban,1452,9.327793,0
2022-12-22,1006,Urban,852,5.201773,1
2023-01-09,1008,Suburban,555,12.141244,0
2023-05-29,1006,Suburban,925,8.842293,0
2023-03-04,1009,Urban,1356,23.624449,0
2023-04-15,1003,Suburban,750,18.662675,0
2022-07-06,1004,Urban,2092,22.076751,1
2022-08-08,1009,Suburban,705,26.271517,0
2023-03-30,1006,Suburban,611,6.916384,0
2022-11-11,1001,Suburban,779,12.89406,0
2022-01-18,1001,Rural,799,14.421735,0
2023-03-26,1006,Suburban,1730,9.382545,0
2023-05-28,1006,Suburban,940,4.876338,0
2022-01-30,1007,Urban,1537,26.545231,1
2022-11-22,1006,Rural,934,7.1575,1
2023-10-15,1009,Urban,1484,33.503173,0
2023-02-07,1007,Rural,813,18.264116,0
2023-11-07,1002,Urban,889,11.798571,0
2023-01-06,1005,Suburban,1385,6.158099,0
2023-06-08,1005,Suburban,1106,10.965641,1
2023-09-07,1010,Suburban,1101,15.58581,0
2022-10-09,1009,Urban,928,41.13024,0
2022-02-10,1006,Suburban,1351,5.891915,1
2022-08-31,1001,Urban,1355,12.218908,0
2022-01-02,1009,Urban,1499,38.643381,0
2023-08-08,1002,Urban,571,12.5425,0
2022-03-16,1004,Rural,804,20.694175,0
2022-06-21,1003,Urban,1468,11.871676,0
2023-01-09,1006,Rural,897,9.017736,0
2023-08-24,1004,Urban,1894,16.235751,1
2023-03-10,1004,Rural,998,12.626351,0
2023-07-05,1008,Suburban,1352,13.482035,1
2023-10-09,1009,Suburban,462,31.5448,0
2023-10-18,1006,Urban,1543,6.67265,0
2022-05-26,1006,Urban,1497,6.617703,1
2022-12-28,1009,Urban,359,32.269275,0
2023-10-09,1004,Suburban,669,24.901506,0
2023-08-31,1010,Urban,776,15.065436,0
2023-03-31,1005,Suburban,1206,6.000907,0
2023-05-06,1009,Rural,1341,42.473523,1
2023-02-25,1007,Suburban,1372,22.219306,0
2023-02-16,1003,Suburban,771,10.297235,0
2023-09-29,1002,Suburban,885,8.770956,0
2023-01-10,1006,Urban,961,6.820651,0
2023-09-30,1004,Urban,1282,12.643091,1
2023-03-06,1010,Suburban,1167,15.731301,0
2023-09-08,1006,Rural,1179,7.370518,1
2023-03-10,1006,Urban,837,9.119463,1
2023-08-04,1009,Rural,499,33.348086,0
2022-03-27,1002,Suburban,841,6.146473,0
2022-05-29,1007,Rural,1086,15.08807,0
2022-05-14,1002,Urban,226,9.904222,0
2023-08-06,1005,Suburban,2162,6.582026,1
2023-11-26,1001,Urban,1753,14.974502,1
2023-01-24,1009,Urban,1348,23.365126,0
2023-01-31,1002,Urban,1625,6.551863,1
2022-12-28,1003,Urban,1085,16.92176,0
2023-11-11,1003,Urban,1351,17.203344,0
2022-10-07,1010,Urban,2238,17.300885,1
2023-07-09,1009,Suburban,1704,20.859206,1
2023-10-27,1007,Suburban,1394,19.749425,1
2022-04-23,1010,Suburban,1079,17.457018,0
2022-07-19,1003,Rural,1081,17.288975,0
2023-11-23,1006,Suburban,283,7.063628,0
2023-06-17,1008,Rural,764,18.275558,0
2023-10-18,1004,Urban,1203,12.894038,0
2022-12-06,1001,Urban,1969,14.598318,1
2023-01-23,1001,Suburban,1312,11.070113,1
2022-08-25,1007,Suburban,1705,27.819502,1
2022-11-13,1008,Suburban,1557,13.418109,0
2023-02-04,1007,Urban,1238,26.095011,0
2023-11-22,1009,Urban,1818,42.055133,1
2022-05-01,1009,Suburban,825,44.154777,0
2022-01-19,1003,Urban,1310,12.479718,1
2023-02-24,1006,Suburban,1084,4.48736,0
2022-06-20,1008,Urban,1758,15.552966,1
2022-12-22,1003,Suburban,1066,10.553964,0
2022-05-14,1008,Urban,1452,19.524547,0
2023-02-19,1001,Suburban,1152,9.964874,0
2022-07-03,1007,Urban,1804,27.138213,1
2023-03-31,1001,Suburban,1010,8.369082,0
2023-11-02,1003,Suburban,1037,13.124313,1
2022-12-28,1002,Suburban,1716,13.189995,1
2023-08-26,1004,Urban,1025,22.504849,0
2022-07-06,1008,Urban,314,16.017932,0
2022-07-26,1003,Suburban,1099,18.211964,1
2022-04-07,1003,Urban,1095,15.280895,0
2023-03-27,1009,Rural,747,39.112282,0
2023-10-21,1002,Urban,1653,13.416204,0
2023-01-18,1004,Urban,1319,14.2403,0
2022-08-03,1010,Suburban,1351,12.556178,0
2023-11-25,1001,Suburban,1592,12.371698,0
2023-10-27,1009,Suburban,1001,20.703385,0
2022-12-05,1005,Urban,509,9.827211,0
2022-04-25,1003,Urban,1300,15.213068,1
2022-05-25,1002,Urban,617,8.493763,0
2023-03-24,1010,Urban,1054,13.207702,0
2022-02-16,1004,Rural,1189,14.02152,1
2023-09-04,1007,Urban,730,25.820293,0
2022-09-30,1008,Suburban,1206,15.013163,0
2023-04-25,1001,Suburban,839,11.591565,0
2023-11-28,1002,Rural,912,9.11103,0
2022-10-31,1001,Rural,864,14.062428,0
2023-07-06,1006,Suburban,1823,9.646838,1
2022-09-02,1009,Suburban,1067,37.297604,0
2023-08-05,1006,Suburban,752,5.894781,0
2023-01-21,1005,Rural,963,9.458689,0
2022-10-13,1009,Suburban,1271,21.053881,1
2023-08-31,1004,Urban,837,12.924914,0
2022-02-28,1002,Urban,1531,7.103865,0
2023-05-05,1002,Urban,1048,8.898839,0
2022-09-24,1010,Urban,1427,10.281443,0
2023-02-02,1003,Suburban,1032,14.015438,0
2022-08-30,1006,Urban,1135,9.095813,0
2023-01-12,1007,Urban,1265,26.518616,1
2023-05-17,1008,Rural,631,13.293037,0
2022-01-08,1004,Suburban,1676,14.667691,0
2022-01-20,1008,Urban,1230,13.507843,0
2023-07-06,1005,Urban,816,10.545868,0
2022-05-05,1005,Urban,1201,8.000102,0
2023-06-22,1002,Urban,1175,9.555086,0
2022-02-24,1009,Urban,1961,32.556404,1
2022-03-27,1003,Rural,1280,17.432345,0
2022-10-16,1003,Rural,1051,16.638088,0
2022-01-21,1001,Urban,1607,14.826183,1
2023-02-13,1002,Suburban,1081,9.404663,0
2023-04-05,1010,Rural,689,10.961207,0
2022-12-12,1008,Rural,618,16.71864,0
2022-02-15,1002,Urban,1159,12.124267,1
2022-07-08,1010,Suburban,1054,10.705807,0
2022-08-16,1005,Urban,981,8.882397,0
2022-04-07,1002,Urban,1978,11.727616,1
2023-01-17,1008,Urban,2298,12.24402,1
2022-07-14,1004,Urban,974,22.491541,0
2022-08-23,1002,Suburban,1109,11.918017,0
2023-06-17,1002,Urban,1507,13.476589,0
2023-11-03,1001,Urban,739,11.958481,0
2023-11-09,1010,Suburban,1117,13.414789,0
2023-06-06,1009,Suburban,1021,20.927202,0
2023-09-10,1009,Urban,2621,35.174617,1
2022-07-23,1005,Suburban,1551,9.491571,0
2023-08-29,1008,Suburban,1826,11.653889,1
2023-02-16,1005,Rural,606,8.632669,0
2022-02-25,1010,Urban,1814,11.274265,1
2022-11-20,1003,Rural,1328,10.065956,0
2023-05-14,1005,Rural,922,5.442108,1
2022-02-05,1001,Suburban,651,9.508006,0
2022-11-06,1004,Suburban,628,23.9977,0
2023-09-16,1004,Urban,728,18.397976,0
2022-10-05,1007,Urban,509,24.254414,0
2022-07-12,1009,Urban,1143,23.898378,0
2023-09-14,1005,Urban,1913,11.505037,1
2023-03-18,1003,Urban,852,11.810318,0
2022-12-04,1008,Urban,1531,11.009834,0
2022-03-10,1009,Urban,1364,20.055099,0
2022-04-09,1009,Rural,789,33.316487,1
2023-02-12,1006,Suburban,643,8.467106,0
2023-11-21,1006,Rural,671,6.308633,1
2023-01-05,1009,Suburban,1039,26.990391,0
2023-08-07,1010,Urban,1461,11.438001,0
2022-12-13,1004,Urban,890,20.302336,0
2022-03-11,1007,Urban,1272,25.774584,1
2023-10-06,1006,Suburban,973,8.94122,0
2023-06-27,1003,Rural,713,11.133859,0
2023-08-11,1002,Suburban,866,8.887148,0
2023-04-23,1001,Suburban,1051,12.425786,0
2022-03-07,1004,Suburban,652,14.386558,0
2023-10-16,1004,Urban,506,23.666819,0
2023-04-15,1003,Urban,2130,18.035934,1
2022-02-07,1008,Suburban,640,16.73985,0
2022-06-23,1007,Urban,1337,28.091939,0
2023-02-12,1007,Rural,1386,24.474736,1
2022-12-23,1008,Urban,1436,20.511469,0
2022-04-27,1005,Suburban,1282,7.894913,1
2023-08-11,1007,Urban,1516,18.391173,0
2023-01-18,1006,Urban,1130,5.73408,1
2022-05-01,1008,Urban,1622,16.949021,1
2022-07-31,1006,Urban,1042,6.41367,0
2022-10-06,1010,Suburban,972,15.114751,0
2023-07-03,1005,Suburban,962,11.744407,1
2022-03-28,1003,Urban,1381,11.410381,0
2023-02-28,1008,Urban,1288,15.079985,0
2022-07-07,1002,Suburban,670,13.914558,0
2022-10-03,1007,Rural,870,29.474802,0
2022-08-18,1010,Urban,1745,13.163215,1
2022-12-25,1009,Suburban,1404,25.429241,1
2023-03-23,1006,Suburban,1108,5.106134,0
2023-09-25,1003,Rural,581,13.027174,0
2023-08-09,1003,Urban,803,18.648504,0
2023-10-05,1004,Rural,506,18.799745,0
2023-11-06,1005,Urban,971,8.64672,0
2023-07-17,1004,Suburban,1818,17.868138,1
2022-09-01,1003,Suburban,918,17.43487,0
2023-08-11,1006,Urban,625,6.211172,0
2022-05-28,1006,Suburban,1278,6.415463,0
2022-10-11,1002,Urban,651,8.12224,0
2023-10-08,1008,Rural,550,15.101048,0
2023-01-27,1005,Suburban,1017,11.989522,0
2023-01-14,1009,Urban,1816,34.419905,1
2023-11-18,1009,Rural,1620,29.616073,0
2023-02-13,1004,Suburban,1075,23.928129,1
2023-07-22,1001,Suburban,362,12.763643,0
2023-10-09,1006,Urban,1494,7.90376,0
2022-01-08,1004,Rural,738,13.372531,0
2023-08-27,1007,Suburban,1113,21.79939,0
2022-04-30,1005,Rural,646,6.954112,0
2023-07-10,1010,Urban,678,12.510239,0
2023-01-30,1003,Rural,758,13.850156,0
2023-03-03,1008,Suburban,601,13.682019,0
2023-06-04,1001,Rural,1189,10.04543,0
2022-04-14,1010,Suburban,799,16.907793,1
2022-08-30,1004,Urban,1053,15.636369,0
2022-10-13,1005,Urban,1283,6.815548,0
2022-10-24,1005,Rural,1011,10.99255,1
2023-02-15,1010,Suburban,1067,9.815487,1
2023-09-25,1002,Rural,1266,8.161787,1
2023-03-07,1003,Rural,258,14.379066,0
2023-03-14,1002,Suburban,1477,7.02476,1
2023-10-23,1005,Urban,498,10.087157,0
2022-07-14,1008,Suburban,1051,10.322599,0
2023-02-06,1005,Rural,470,6.969035,0
2023-06-29,1004,Suburban,395,24.306681,0
2022-04-05,1004,Suburban,996,23.390426,0
2023-10-19,1004,Urban,465,13.360001,0
2023-07-10,1008,Urban,1215,21.006992,0
2022-12-28,1005,Urban,1682,7.845233,1
2022-07-14,1010,Urban,740,17.460062,0
2023-10-14,1003,Urban,1678,12.826874,0
2022-06-19,1002,Rural,924,9.473458,0
2023-05-31,1008,Rural,670,19.242479,0
2022-06-09,1002,Urban,1349,10.830942,0
2022-12-10,1005,Suburban,830,9.401639,0
2022-09-24,1009,Urban,1760,39.240796,0
2023-05-14,1006,Urban,1259,8.907519,0
2023-01-29,1005,Suburban,1050,5.074691,0
2022-01-12,1005,Urban,1120,6.430762,0
2023-03-28,1007,Urban,986,20.002678,0
2022-06-30,1001,Urban,1765,13.257086,1
2023-04-13,1009,Urban,1987,37.041436,1
2023-01-07,1005,Rural,1549,7.039931,1
2023-04-17,1009,Suburban,1478,33.014628,0
2023-05-30,1008,Urban,1750,10.949146,1
2022-11-19,1001,Suburban,1468,9.402417,1
2023-11-14,1008,Urban,1333,21.773017,0
2023-01-12,1003,Suburban,1157,18.901281,1
2023-08-16,1003,Urban,1011,11.261295,0
2022-03-05,1010,Urban,1040,10.247653,0
2022-11-23,1006,Suburban,815,9.458397,0
2022-07-25,1003,Rural,1376,13.142728,0
2023-11-19,1009,Urban,1096,24.075582,0
2023-07-07,1009,Rural,810,37.638429,0
2022-08-29,1009,Urban,1016,43.573173,0
2022-11-28,1008,Urban,2336,15.74756,1
2023-06-22,1007,Suburban,1720,21.671492,1
2022-04-04,1001,Urban,1306,11.74324,0
2022-02-22,1009,Rural,1391,36.278714,1
2023-04-13,1003,Suburban,1192,17.619506,0
2022-07-01,1002,Urban,1269,12.131534,0
2022-01-13,1001,Rural,214,11.630132,0
2023-08-19,1009,Urban,1475,36.943348,0
2022-09-18,1008,Suburban,421,10.953846,0
2023-05-23,1006,Rural,1014,9.952497,0
2022-10-26,1007,Urban,2167,19.431768,0
2022-12-10,1003,Rural,943,14.666382,1
2022-01-16,1003,Rural,882,18.82549,0
2022-10-12,1005,Suburban,1202,5.851001,0
2022-07-11,1010,Suburban,1403,16.608781,1
2022-10-06,1006,Suburban,741,8.715657,0
2023-03-15,1007,Rural,859,22.156279,0
2022-11-23,1002,Urban,824,11.909156,0
2022-02-08,1002,Rural,674,10.11286,0
2023-11-29,1007,Rural,824,16.137073,0
2022-04-02,1001,Urban,1995,9.080694,1
2022-12-10,1007,Rural,485,22.627324,1
2022-08-29,1003,Urban,1339,14.780305,0
2022-08-17,1009,Rural,1183,20.257472,0
2022-01-08,1003,Rural,767,18.405525,0
2023-08-11,1003,Suburban,915,18.286312,0
2023-01-13,1007,Suburban,862,27.474536,0
2023-11-10,1002,Rural,1075,8.279583,0
2022-06-20,1009,Urban,1055,32.235317,0
2022-09-29,1009,Urban,1175,33.186351,1
2022-08-02,1002,Suburban,1046,8.137616,1
2022-07-01,1005,Urban,1411,10.520576,0
2022-01-28,1005,Urban,1310,8.433997,1
2022-02-10,1003,Suburban,587,10.357978,1
2023-08-02,1007,Rural,700,22.330102,0
2022-11-08,1010,Urban,1275,10.140671,0
2022-01-24,1004,Urban,1995,13.216814,1
2022-01-27,1002,Suburban,445,9.693013,0
2023-07-14,1003,Rural,920,12.330401,0
2022-02-23,1006,Urban,1233,6.329056,0
2023-03-24,1006,Urban,1388,5.757622,1
2022-06-21,1007,Urban,827,25.366168,0
2023-10-01,1002,Suburban,2272,7.902976,1
2023-11-20,1008,Suburban,1966,14.778469,1
2022-11-26,1006,Urban,692,5.545386,0
2023-07-31,1001,Urban,1671,11.231056,0
2023-08-17,1005,Urban,340,11.787501,1
2023-04-01,1008,Suburban,980,12.46926,0
2023-03-01,1007,Rural,831,24.545381,1
2023-08-04,1003,Suburban,467,16.482117,0
2022-02-15,1008,Urban,1698,19.334257,1
2022-03-05,1003,Rural,831,12.590118,0
2023-01-29,1005,Rural,779,5.84099,1
2023-01-13,1007,Urban,1126,17.056537,0
2023-05-20,1002,Rural,911,11.580539,1
2022-02-01,1007,Urban,1745,25.925767,1
2023-02-11,1007,Rural,847,20.772584,0
2022-12-13,1001,Rural,728,13.487368,0
2023-03-10,1007,Rural,787,27.263434,0
2022-01-03,1001,Suburban,1797,11.21607,1
2023-09-02,1009,Suburban,252,23.889005,0
2023-07-14,1002,Suburban,1373,12.855293,0
2023-03-10,1001,Urban,1646,14.607544,1
2022-06-23,1001,Urban,2301,11.738633,1
2022-08-06,1009,Suburban,1061,42.941221,0
2022-12-20,1006,Suburban,1019,9.774653,0
2023-07-29,1006,Urban,1181,8.38772,0
2022-10-30,1008,Urban,950,13.39495,0
2022-05-03,1002,Suburban,1039,11.328221,0
2022-10-17,1004,Rural,469,15.795706,0
2022-05-12,1006,Rural,1618,4.68355,1
2022-02-19,1007,Rural,331,27.833223,0
2022-12-11,1001,Suburban,1761,10.51253,0
2022-09-14,1010,Suburban,756,13.987176,0
2022-04-26,1002,Suburban,1030,9.335234,0
2023-10-27,1005,Urban,1104,5.078393,0
2023-09-02,1008,Suburban,1114,15.791862,0
2022-11-28,1003,Urban,1065,13.642589,0
2022-10-06,1003,Rural,978,15.809901,1
2022-08-06,1006,Urban,1901,8.706751,0
2023-03-22,1003,Urban,1197,12.295083,0
2022-08-27,1007,Urban,1153,29.550395,0
2022-12-24,1001,Urban,752,9.490254,0
2023-06-12,1009,Suburban,1044,22.267438,0
2022-08-05,1004,Rural,869,12.468696,0
2023-03-25,1008,Urban,2015,14.125696,1
2023-04-24,1001,Suburban,1313,14.469675,1
2022-11-21,1009,Suburban,1441,38.149735,1
2022-07-24,1009,Urban,3007,26.656338,1
2022-10-16,1009,Rural,1077,42.241861,0
2023-10-24,1001,Suburban,906,13.445791,1
2023-01-22,1005,Urban,50,10.077818,1
2023-03-03,1001,Urban,795,8.210984,0
2023-09-02,1010,Rural,865,10.431162,0
2023-08-30,1007,Suburban,1162,27.170042,0
2023-07-06,1006,Urban,844,7.739881,1
2022-08-14,1002,Urban,1163,12.80199,1
2023-04-17,1005,Suburban,1025,6.167662,0
2023-05-26,1005,Urban,496,10.498677,0
2023-06-03,1010,Suburban,1169,17.573056,1
2022-12-11,1007,Suburban,807,17.896804,0
2023-05-25,1007,Urban,1305,18.250159,1
2022-03-30,1005,Suburban,859,11.555641,1
2022-10-24,1009,Urban,1171,34.964626,0
2022-07-14,1003,Suburban,1010,16.289776,0
2023-06-17,1005,Suburban,1191,8.758465,0
2022-09-04,1007,Rural,1076,28.124675,0
2022-11-10,1001,Suburban,887,8.958787,1
2023-10-16,1001,Urban,1434,14.490546,1
2023-06-27,1008,Rural,1312,18.721139,0
2023-09-13,1001,Suburban,1437,13.800563,0
2022-11-01,1009,Urban,1280,23.98319,0
2022-03-17,1006,Suburban,281,5.339694,0
2022-08-18,1008,Urban,1498,17.536703,0
2022-04-20,1002,Suburban,821,9.511898,0
2023-09-11,1001,Rural,998,13.852746,0
2023-04-09,1004,Suburban,990,15.686674,0
2023-02-14,1010,Suburban,1082,9.533802,0
2022-05-11,1006,Urban,1825,9.736065,1
2023-11-25,1003,Urban,2209,18.661625,1
2023-07-10,1001,Suburban,1700,8.598207,1
2022-07-19,1004,Urban,1502,24.99574,1
2022-11-05,1003,Rural,708,10.546137,0
2022-06-19,1002,Urban,1952,7.371768,0
2022-12-19,1007,Urban,732,21.498346,0
2023-04-16,1008,Urban,891,18.848576,0
2022-01-20,1007,Suburban,184,25.371136,0
2022-06-09,1010,Urban,2072,8.635108,1
2022-09-14,1002,Suburban,1608,11.771914,1
2022-08-04,1009,Urban,800,42.137455,0
2022-09-24,1010,Urban,1433,12.784577,1
2023-03-11,1001,Urban,2221,13.231169,1
2023-07-25,1008,Urban,1311,15.843896,1
2023-05-15,1008,Urban,1278,18.725498,0
2022-01-17,1002,Suburban,886,10.908691,0
2022-02-14,1007,Rural,1423,27.257521,1
2022-03-17,1005,Rural,827,11.714048,0
2022-02-07,1010,Rural,453,12.287855,0
2022-11-22,1003,Suburban,925,16.384301,0
2023-03-28,1004,Urban,604,19.795522,0
2022-09-13,1004,Suburban,1231,21.563918,1
2022-02-23,1008,Urban,778,12.157111,0
2023-05-22,1010,Rural,760,17.05436,1
2023-05-25,1008,Suburban,1122,18.756117,1
2023-01-21,1004,Urban,1992,19.836623,1
2023-06-21,1008,Suburban,973,20.311348,0
2022-12-05,1009,Urban,1118,28.603714,1
2022-12-08,1001,Urban,1535,8.235642,1
2022-07-26,1004,Suburban,318,18.384159,1
2023-06-28,1009,Suburban,716,44.963641,0
2023-10-28,1005,Urban,957,5.475794,0
2022-04-17,1010,Rural,640,11.138226,0
2023-11-24,1006,Suburban,1415,7.52333,1
2022-06-23,1005,Rural,1328,5.417779,1
2022-05-16,1001,Suburban,983,12.92524,1
2023-01-01,1008,Rural,805,11.707952,1
2022-07-07,1007,Urban,137,26.323346,1
2022-09-30,1001,Rural,948,12.917642,0
2022-12-11,1009,Urban,1104,43.335555,0
2022-09-15,1006,Rural,426,8.354944,0
2023-09-10,1010,Rural,437,14.678229,0
2023-11-26,1003,Urban,1253,10.194064,0
2022-03-24,1009,Suburban,334,42.575243,0
2022-06-22,1008,Suburban,641,18.632271,0
2022-10-10,1008,Urban,1942,21.842442,1
2022-12-25,1006,Suburban,929,5.715533,1
2022-05-08,1008,Urban,2274,20.48231,1
2023-03-04,1005,Urban,1132,7.756674,0
2022-11-01,1005,Rural,503,11.739882,0
2022-05-25,1009,Urban,803,27.83473,0
2022-12-09,1005,Rural,358,10.040649,0
2022-10-22,1009,Rural,515,44.809884,1
2022-05-30,1007,Suburban,1098,17.81781,0
2023-05-10,1007,Urban,1291,16.122726,0
2023-09-09,1009,Urban,684,25.937465,0
2022-01-21,1002,Suburban,1037,7.483542,0
2023-07-25,1010,Urban,1552,10.461279,1
2022-09-29,1002,Urban,1966,7.900148,1
2022-05-19,1009,Urban,1364,25.920081,0
2022-11-07,1002,Urban,433,12.342925,0
2023-08-05,1006,Urban,1295,6.186474,0
2023-01-05,1009,Suburban,503,31.90749,0
2023-01-27,1001,Urban,1418,13.521928,0
2023-07-01,1007,Urban,754,26.048182,0
2022-05-28,1009,Urban,1453,39.739814,0
2023-04-27,1001,Suburban,1060,14.352214,0
2022-05-20,1007,Rural,1093,23.272156,0
2023-01-18,1006,Urban,1760,6.6725,1
2022-10-12,1002,Urban,1002,11.873441,0
2023-05-10,1009,Urban,1747,33.012452,0
2023-01-18,1009,Suburban,531,20.613929,0
2022-01-28,1005,Urban,750,9.809917,0
2023-03-05,1007,Rural,262,27.870364,0
2023-01-25,1007,Rural,922,25.09922,0
2023-05-13,1004,Suburban,1655,14.973109,1
2022-03-14,1002,Urban,790,11.755785,1
2022-01-02,1005,Urban,1804,8.432165,0
2022-10-01,1010,Urban,365,16.291705,0
2023-05-27,1008,Urban,1321,16.375318,0
2023-02-06,1001,Urban,2778,11.027009,1
2022-12-19,1008,Rural,1132,14.946136,1
2022-11-11,1006,Rural,466,7.592863,0
2023-08-16,1010,Urban,1299,14.449864,1
2023-03-17,1003,Urban,413,10.473575,0
2023-03-09,1010,Urban,576,16.61661,0
2022-02-26,1002,Suburban,785,9.296748,0
2022-07-30,1005,Urban,913,7.002812,0
2023-05-07,1010,Urban,978,16.124924,0
2023-05-20,1007,Urban,850,20.441919,0
2022-05-11,1002,Urban,1652,9.20111,0
2023-02-07,1002,Suburban,1216,13.429625,0
2022-10-12,1004,Suburban,1184,23.849281,1
2023-09-23,1001,Suburban,737,8.390911,1
2023-09-07,1005,Urban,847,11.303973,0
2023-04-09,1006,Suburban,1398,7.162763,0
2022-07-01,1006,Rural,1844,8.273861,1
2023-10-26,1004,Urban,693,16.998052,0
2023-04-08,1004,Urban,1498,14.421885,0
2022-09-27,1003,Urban,815,13.733077,1
2023-02-18,1008,Suburban,1229,15.834989,0
2023-07-21,1004,Suburban,1378,21.72082,1
2022-05-25,1002,Urban,931,13.636227,0
2022-09-09,1008,Rural,562,21.030909,0
2022-01-12,1004,Urban,909,14.595089,0
2023-05-20,1002,Rural,1096,12.127797,1
2022-11-01,1009,Urban,1618,39.143334,0
2022-05-14,1004,Urban,1233,17.731279,0
2023-09-27,1002,Urban,700,12.527273,0
2023-10-31,1003,Urban,1108,18.05972,0
2022-09-15,1010,Rural,997,17.852253,0
2022-09-14,1001,Urban,1137,12.145295,0
2023-11-25,1003,Suburban,1560,11.814472,1
2022-07-15,1001,Urban,996,12.180561,0
2023-05-13,1004,Urban,1632,20.489329,1
2023-07-26,1002,Rural,932,6.753847,0
2023-01-04,1009,Urban,1022,32.169133,0
2022-06-02,1004,Suburban,900,17.186956,0
2023-10-29,1003,Urban,1755,12.131613,0
2022-11-10,1003,Urban,800,15.091339,0
2023-02-04,1002,Rural,465,10.269888,0
2022-02-22,1008,Urban,928,13.182683,0
2022-12-02,1008,Urban,1111,14.637013,1
2022-01-14,1008,Rural,492,21.052292,0
2022-10-13,1007,Urban,749,27.050047,0
2023-04-18,1006,Suburban,589,9.11225,0
2022-02-18,1008,Rural,325,10.941561,0
2022-11-03,1008,Suburban,1950,10.012051,1
2022-06-04,1005,Suburban,1636,6.163156,0
2023-05-11,1010,Urban,1033,13.077618,0
2023-04-16,1002,Suburban,1078,8.554664,0
2022-05-20,1003,Urban,1785,10.649517,0
2023-06-08,1003,Urban,2300,16.658932,1
2022-02-02,1007,Urban,687,26.496367,0
2023-04-08,1004,Rural,1569,17.543763,1
2022-11-19,1007,Suburban,1246,19.878377,1
2022-05-01,1003,Urban,2653,19.051417,1
2023-08-15,1002,Rural,1204,12.577218,0
2023-10-26,1001,Suburban,1295,9.069793,0
2022-01-15,1008,Suburban,1138,18.736363,0
2022-10-16,1009,Suburban,1252,33.671195,0
2023-07-21,1005,Urban,1404,5.513919,1
2023-05-21,1001,Rural,857,9.481995,0
2022-05-21,1003,Urban,341,18.222457,0
2022-07-11,1003,Suburban,712,14.668768,0
2022-01-03,1004,Suburban,1384,14.633116,0
2022-09-30,1006,Urban,839,5.11619,1
2023-06-25,1004,Rural,823,17.884116,1
2023-10-18,1003,Suburban,1109,14.565854,0
2022-05-22,1005,Rural,1364,7.996391,1
2023-06-14,1006,Urban,1645,4.532771,1
2022-10-16,1004,Urban,991,13.956019,0
2022-07-08,1002,Urban,1452,9.809681,0
2023-06-30,1001,Urban,1018,11.349535,0
2023-10-30,1008,Rural,777,17.149596,1
2023-11-15,1002,Rural,1155,9.154105,0
2022-07-08,1007,Suburban,916,25.497339,1
2023-05-18,1010,Rural,375,9.959789,0
2022-11-22,1010,Urban,850,14.023356,0
2022-06-08,1006,Urban,909,4.684962,1
2022-03-10,1005,Urban,941,10.313108,0
2023-01-14,1006,Suburban,794,7.415621,0
2022-10-27,1004,Urban,2584,22.044082,1
2023-02-01,1006,Urban,1097,4.024585,0
2022-05-14,1001,Urban,1824,13.283506,0
2022-09-24,1005,Suburban,1543,6.023652,0
2022-01-17,1004,Rural,1313,15.510369,1
2023-07-24,1002,Suburban,970,10.144871,0
2023-02-20,1003,Suburban,886,13.018152,0
2022-02-05,1002,Suburban,1250,13.813323,0
2022-08-10,1003,Suburban,1385,17.946417,1
2023-01-04,1007,Urban,1253,27.093889,1
2022-07-26,1008,Urban,956,10.840471,0
2022-12-31,1009,Suburban,1690,23.31698,0
2022-10-26,1006,Suburban,1492,6.58198,1
2022-04-06,1005,Urban,1628,11.527054,1
2022-09-26,1002,Suburban,908,9.932852,0
2023-10-19,1004,Suburban,776,15.783138,0
2023-09-28,1008,Suburban,1350,16.072508,0
2022-03-01,1010,Urban,1646,15.520931,0
2023-06-17,1004,Rural,956,21.195834,0
2022-08-09,1001,Suburban,813,13.43637,0
2022-10-21,1007,Rural,473,25.391643,0
2022-09-13,1007,Suburban,1027,22.286658,0
2022-05-03,1001,Urban,532,11.971198,0
2023-03-05,1009,Suburban,1483,41.330468,0
2023-02-16,1004,Urban,1022,20.638746,0
2023-01-23,1010,Urban,424,16.105819,1
2022-03-17,1005,Urban,1516,6.447366,0
2023-03-08,1005,Urban,2530,7.799418,1
2023-10-04,1006,Suburban,819,9.72252,0
2023-02-23,1009,Urban,814,41.457703,0
2022-01-05,1003,Suburban,1176,17.368632,0
2023-10-07,1002,Suburban,441,13.327046,0
2022-08-15,1005,Suburban,997,6.505455,0
2023-07-31,1003,Suburban,1249,11.604009,0
2023-07-10,1005,Urban,2146,7.986799,1
2022-10-28,1006,Suburban,567,6.076764,1
2022-07-15,1003,Urban,2319,14.795697,1
2023-07-10,1009,Suburban,1288,20.132225,0
2023-04-05,1006,Suburban,841,9.144388,0
2022-11-26,1001,Urban,2005,14.615919,0
2022-06-14,1002,Urban,282,8.206596,1
2022-12-14,1002,Urban,872,11.60998,1
2022-04-16,1006,Suburban,1093,5.802932,0
2022-04-08,1007,Urban,1054,16.801453,0
2023-01-16,1008,Suburban,1197,15.010255,0
2023-07-09,1008,Urban,1322,17.918824,1
2023-11-25,1006,Urban,1361,7.68431,1
2022-12-06,1006,Urban,1607,9.949225,1
2022-05-06,1002,Suburban,923,11.627404,0
2022-09-30,1001,Urban,1001,12.723964,0
2023-09-04,1010,Urban,1773,8.074102,0
2023-09-07,1009,Suburban,824,31.538511,0
2023-01-05,1006,Suburban,587,4.359907,0
2022-09-12,1005,Urban,1364,7.827368,0
2022-06-05,1003,Urban,1371,18.886125,0
2022-06-23,1010,Urban,1785,10.36556,0
2022-05-27,1002,Urban,816,11.80127,0
2023-04-05,1008,Urban,1429,10.791335,1
2023-06-05,1006,Urban,2592,9.566469,1
2022-04-26,1009,Urban,1974,26.362202,1
2023-11-19,1010,Rural,832,11.191387,0
2022-02-05,1001,Rural,564,10.939358,1
2022-03-20,1006,Urban,1392,9.824974,0
2023-02-02,1004,Suburban,892,18.247922,0
2023-04-20,1006,Suburban,337,9.565098,0
2023-06-25,1002,Rural,1132,6.318479,1
2023-11-27,1003,Suburban,1408,15.959606,0
2022-12-24,1002,Urban,1320,12.581074,0
2022-08-01,1004,Rural,871,15.864818,1
2023-09-29,1003,Rural,673,13.067264,0
2022-12-18,1008,Urban,1810,19.001906,1
2022-01-15,1006,Suburban,220,7.769278,1
2022-09-30,1009,Suburban,1169,32.718514,1
2022-08-26,1007,Urban,748,26.924804,1
2023-06-06,1005,Urban,1853,8.82587,0
2023-04-07,1004,Urban,536,20.428997,0
2023-04-14,1001,Urban,917,8.533883,0
2023-10-09,1005,Urban,1067,8.18716,0
2022-12-01,1008,Suburban,1010,17.574645,0
2023-10-31,1006,Urban,792,8.247759,0
2023-05-04,1007,Rural,435,17.493322,0
2023-05-06,1003,Urban,1566,14.972091,1
2022-05-26,1005,Urban,1026,9.173537,0
2022-04-30,1001,Rural,1241,8.623379,1
2022-05-13,1003,Urban,1440,16.176363,1
2023-05-03,1010,Urban,1126,16.391988,0
2022-08-13,1002,Suburban,814,7.408667,0
2023-11-12,1002,Suburban,1011,10.81608,0
2023-04-07,1009,Suburban,1031,25.938024,0
2022-04-04,1009,Suburban,1321,33.671139,0
2023-02-05,1008,Urban,1809,16.484882,1
2023-04-06,1001,Urban,1031,13.133858,0
2022-09-03,1010,Urban,2053,9.583183,0
2023-11-05,1010,Urban,1483,16.489148,0
2022-02-12,1003,Suburban,2366,17.006647,1
2023-04-26,1008,Suburban,736,18.524502,0
2022-11-14,1002,Urban,1674,7.458216,1
2023-01-05,1006,Suburban,930,6.825064,0
2023-09-30,1002,Suburban,767,7.293822,0
2022-05-30,1006,Rural,757,6.638429,0
2023-03-12,1006,Urban,1686,8.542787,0
2022-01-03,1004,Urban,1726,23.767836,1
2023-06-25,1002,Urban,2021,13.615811,0
2022-10-31,1003,Suburban,981,15.606848,0
2023-01-16,1003,Urban,512,11.398793,0
2023-08-11,1009,Suburban,984,25.281211,0
2023-01-03,1004,Suburban,398,14.939586,0
2022-08-29,1005,Suburban,1260,7.479677,0
2023-10-17,1001,Rural,1063,10.968088,0
2022-01-04,1009,Urban,187,25.9867,1
2022-11-28,1003,Rural,1700,15.565598,1
2023-08-17,1005,Suburban,1672,7.466136,1
2023-05-29,1005,Urban,932,8.935711,0
2022-10-07,1001,Urban,716,12.944553,1
2023-01-06,1006,Urban,1635,4.004289,0
2022-02-22,1004,Urban,1263,12.915143,1
2022-03-10,1003,Rural,764,17.549677,0
2023-11-19,1001,Urban,1581,12.984423,0
2022-09-13,1005,Urban,1765,7.635261,1
2023-07-01,1005,Suburban,502,8.860831,0
2023-06-03,1002,Suburban,1428,7.886066,1
2022-10-17,1005,Urban,1416,8.420466,0
2023-04-08,1010,Urban,1903,16.83748,1
2023-04-03,1002,Suburban,1189,7.768422,0
2022-07-11,1009,Urban,1338,21.379733,1
2022-01-13,1003,Urban,623,11.715069,0
2022-04-22,1007,Urban,221,23.746276,0
2022-08-08,1004,Urban,1829,17.424014,0
2022-04-19,1006,Urban,979,9.83233,0
2022-12-10,1009,Urban,1132,33.877245,0
2022-12-02,1002,Urban,950,9.856829,0
2022-09-10,1006,Urban,1634,4.179102,0
2023-02-23,1007,Urban,1392,27.799829,0
2023-01-27,1010,Rural,1034,17.030653,1
2022-05-17,1010,Suburban,1546,8.972524,0
2023-03-27,1005,Urban,729,8.401038,0
2022-03-26,1001,Urban,287,13.074853,0
2023-10-12,1008,Suburban,991,12.166241,0
2022-09-24,1003,Urban,1047,10.71458,0
2022-04-29,1004,Suburban,1064,19.981486,0
2022-07-02,1005,Suburban,788,11.199145,0
2022-10-06,1008,Urban,1375,17.661362,1
2022-10-18,1003,Urban,1455,15.667409,0
2022-01-10,1006,Urban,1023,6.743724,0
2022-10-27,1007,Urban,916,20.106988,0
2022-10-09,1010,Urban,1020,8.407475,0
2022-06-04,1010,Rural,944,10.566667,1
2023-09-22,1010,Urban,1133,8.871943,0
2023-01-12,1003,Suburban,595,18.713499,1
2023-08-16,1006,Urban,849,8.316359,0
2022-04-19,1009,Urban,1739,23.676827,1
2023-07-27,1002,Rural,580,8.315952,0
2023-09-14,1001,Urban,846,13.356233,0
2023-04-08,1005,Suburban,1414,9.621595,1
2023-03-28,1009,Urban,1179,31.698019,0
2023-02-26,1001,Urban,1488,9.251123,0
2023-06-22,1008,Suburban,1177,12.594185,0
2022-07-23,1009,Urban,1791,39.390189,0
2023-06-04,1003,Rural,1037,12.444373,0
2023-08-19,1006,Rural,1095,5.506385,0
2022-05-26,1004,Urban,1272,23.110968,1
2022-11-30,1010,Rural,985,8.113698,1
2022-07-01,1005,Urban,943,11.835538,0
2022-09-04,1005,Urban,818,8.027468,1
2022-01-04,1004,Urban,1057,23.792198,0
2022-09-29,1005,Suburban,1382,9.443925,1
2022-10-04,1009,Urban,918,33.808862,0
2023-03-24,1009,Rural,623,26.505903,0
2023-08-01,1009,Suburban,1191,40.090462,0
2023-07-28,1001,Rural,1330,13.275315,1
2022-12-23,1007,Urban,1685,27.996808,0
2022-02-23,1003,Suburban,1088,10.55069,0
2022-04-27,1006,Suburban,933,4.693566,1
2023-05-19,1003,Urban,571,17.306057,0
2023-03-13,1003,Urban,334,16.846571,1
2022-09-20,1009,Rural,156,40.823094,1
2022-11-17,1007,Urban,1307,23.582187,0
2023-06-17,1008,Urban,1186,18.331731,1
2023-10-10,1006,Urban,1097,7.799166,1
2022-08-02,1005,Suburban,777,8.665321,1
2022-11-05,1003,Rural,886,10.178847,0
2023-09-01,1010,Suburban,628,15.661241,1
2023-06-26,1002,Suburban,1153,11.785739,0
2023-11-14,1005,Urban,450,8.041422,0
2023-08-06,1003,Suburban,1121,14.16268,0
2023-03-15,1008,Rural,1152,17.416766,0
2023-10-02,1002,Suburban,1070,10.680452,1
2023-11-01,1007,Rural,746,17.225896,0
2022-07-08,1002,Urban,1131,13.31257,0
2022-11-06,1003,Rural,1094,12.889894,0
2022-02-28,1001,Suburban,1019,14.726037,0
2023-01-12,1005,Suburban,269,5.636539,0
2023-05-23,1005,Suburban,496,7.657784,1
2023-10-27,1008,Urban,2036,18.487805,1
2023-05-25,1006,Rural,703,8.201571,0
2022-03-11,1001,Rural,600,14.560901,0
2022-01-14,1008,Urban,904,13.375744,0
2023-03-26,1008,Urban,2422,14.844792,1
2022-07-21,1003,Suburban,1190,15.3771,0
2023-08-24,1007,Urban,2070,23.367537,1
2023-02-09,1007,Urban,302,25.377691,1
2022-04-10,1003,Rural,456,18.468963,0
2022-08-30,1008,Suburban,1114,16.315212,0
2022-12-15,1007,Suburban,1228,22.752215,0
2022-05-06,1008,Urban,1138,10.639545,0
2022-01-21,1001,Rural,789,14.006037,0
2022-12-31,1008,Urban,1289,14.351771,0
2022-02-22,1006,Urban,941,4.179643,0
2022-08-27,1005,Rural,966,10.417061,0
2023-04-10,1002,Suburban,474,12.927265,1
2023-03-07,1006,Suburban,1198,5.465973,0
2022-07-04,1010,Rural,956,13.461097,1
2022-09-08,1004,Urban,50,24.888377,0
2023-09-14,1006,Suburban,1592,6.426087,0
2023-03-18,1002,Suburban,1202,8.824481,1
2023-04-05,1001,Suburban,1334,9.969271,1
2022-04-23,1001,Urban,489,14.7502,0
2023-06-29,1009,Urban,520,26.092228,0
2022-03-16,1003,Rural,1057,19.244695,1
2023-05-11,1008,Urban,1482,17.545304,0
2022-09-10,1001,Suburban,677,14.001955,0
2022-05-21,1009,Suburban,1841,36.119969,1
2022-12-28,1009,Suburban,949,44.077236,0
2023-09-22,1009,Urban,826,22.015315,1
2022-05-27,1004,Suburban,745,13.420772,0
2022-02-21,1002,Urban,1736,11.194732,1
2023-10-01,1003,Suburban,911,10.802026,0
2023-07-28,1007,Suburban,625,27.480889,0
2023-04-29,1008,Suburban,1190,19.657901,0
2022-10-18,1008,Suburban,1575,14.279468,1
2023-09-25,1009,Suburban,1751,28.317003,1
2022-03-09,1004,Rural,772,14.439961,1
2022-02-22,1009,Urban,1402,20.11585,0
2022-11-30,1001,Suburban,1451,11.278418,1
2022-10-15,1001,Rural,516,14.451117,0
2022-04-04,1004,Suburban,1356,22.703905,0
2023-09-27,1008,Urban,957,16.541721,0
2023-04-03,1005,Suburban,1131,10.737981,0
2023-07-02,1002,Suburban,631,6.043041,1
2023-02-10,1003,Suburban,1295,15.599019,0
2023-01-21,1002,Urban,1093,7.843732,0
2022-01-28,1001,Urban,1874,8.75483,1
2023-09-30,1010,Suburban,1059,15.126918,0
2022-06-26,1001,Urban,676,14.063552,0
2022-10-14,1001,Suburban,331,12.239779,0
2023-05-11,1001,Rural,979,13.916006,0
2023-06-30,1008,Suburban,298,21.989951,0
2022-12-08,1001,Rural,904,11.75737,0
2022-01-23,1006,Suburban,723,5.473966,0
2022-12-01,1002,Suburban,1028,8.174237,0
2023-10-22,1002,Suburban,1979,11.735078,1
2022-02-23,1009,Rural,998,29.230191,1
2023-06-16,1008,Suburban,335,19.420865,0
2023-09-02,1008,Urban,2115,14.79428,1
2023-01-20,1004,Suburban,1530,24.493435,0
2022-10-31,1004,Rural,613,23.42292,0
2022-06-03,1008,Suburban,1273,15.023479,0
2023-01-01,1009,Urban,1325,33.653934,0
2022-12-09,1005,Rural,786,9.593284,0
2023-04-19,1004,Rural,1063,24.886429,0
2022-08-24,1005,Urban,1704,11.522853,0
2023-08-30,1006,Rural,249,4.56953,0
2022-08-01,1007,Suburban,1438,28.255034,1
2022-12-08,1002,Rural,389,9.375205,0
2023-05-15,1003,Suburban,1356,14.331168,1
2022-11-28,1007,Suburban,1284,20.436286,1
2022-08-26,1007,Suburban,684,25.700945,0
2023-06-03,1006,Rural,886,6.334877,0
2022-08-08,1007,Rural,899,19.843485,1
2022-03-10,1006,Suburban,1167,9.083148,1
2023-11-07,1004,Suburban,1610,17.788914,1
2022-06-12,1002,Urban,2012,13.252109,1
2023-08-08,1005,Suburban,870,7.587938,0
2022-08-28,1007,Rural,1180,19.06095,1
2023-03-21,1009,Urban,1781,29.523995,0
2022-03-09,1010,Suburban,764,13.018062,1
2022-10-24,1001,Urban,694,12.997173,0
2023-08-01,1001,Suburban,1130,12.412008,0
2022-06-10,1009,Suburban,1164,43.498022,1
2023-08-16,1002,Suburban,762,9.91303,0
2023-08-18,1007,Urban,374,16.277319,0
2022-01-02,1002,Suburban,1456,13.370746,0
2023-10-25,1009,Rural,996,41.534253,1
2023-03-17,1004,Urban,1370,20.426093,1
2023-02-26,1002,Suburban,844,6.526436,0
2022-07-01,1006,Urban,1074,9.217584,0
2023-05-23,1002,Suburban,1077,10.162718,0
2023-04-11,1005,Urban,1516,7.390096,1
2022-04-26,1006,Rural,769,4.601091,0
2023-07-07,1002,Suburban,790,9.929654,0
2022-07-19,1009,Urban,1792,27.930064,0
2022-10-18,1010,Rural,687,11.2265,0
2023-01-11,1009,Urban,1009,33.135088,1
2022-08-10,1005,Urban,827,9.792574,0
2022-08-22,1001,Urban,976,8.859279,0
2022-07-08,1003,Rural,772,14.0151,1
2022-08-12,1003,Rural,809,17.266276,0
2023-11-18,1009,Urban,1013,43.91139,0
2023-07-07,1001,Suburban,1082,12.16724,1
2022-03-31,1002,Urban,1367,11.48014,1
2022-07-05,1010,Urban,391,12.59005,0
2022-04-18,1001,Suburban,998,8.059207,0
2023-06-13,1007,Suburban,1353,16.999618,1
2022-01-05,1005,Urban,997,8.922634,0
2023-11-28,1003,Urban,1318,13.837987,0
2023-08-19,1004,Urban,324,14.387574,0
2022-12-14,1007,Suburban,562,27.291172,0
2022-08-12,1007,Urban,1061,18.499063,0
2023-07-15,1008,Rural,1382,14.692615,1
2022-03-21,1001,Rural,1256,8.171519,0
2022-01-12,1007,Urban,1384,18.528618,1
2023-04-19,1002,Urban,1009,9.491127,0
2023-05-28,1008,Urban,801,14.180205,0
2022-11-07,1008,Suburban,869,14.011093,0
2022-02-12,1006,Urban,2292,8.545968,1
2022-01-03,1010,Urban,232,14.244626,0
2022-11-27,1001,Rural,1130,8.977309,1
2023-04-27,1010,Rural,713,9.691145,0
2023-07-09,1008,Suburban,590,11.318419,0
2023-04-25,1009,Urban,541,26.463976,0
2023-07-13,1001,Rural,377,8.57136,0
2022-12-31,1006,Suburban,897,7.800619,0
2022-09-12,1008,Urban,1200,15.456587,0
2022-12-02,1006,Suburban,428,4.809048,0
2022-10-05,1003,Rural,544,19.979204,0
2023-08-20,1009,Urban,1894,33.812509,1
2023-05-12,1007,Urban,839,20.376515,0
2022-02-14,1003,Urban,1463,18.64797,0
2022-01-29,1005,Urban,252,9.802457,0
2023-01-15,1008,Suburban,1035,10.107009,0
2022-02-27,1002,Suburban,1577,6.647542,1
2022-02-09,1009,Suburban,1200,23.255032,0
2023-08-09,1004,Urban,802,18.726321,0
2022-07-02,1008,Urban,1145,17.046248,0
2022-10-29,1004,Urban,1414,13.950519,0
2023-10-03,1009,Suburban,553,32.735872,0
2023-05-17,1006,Urban,1062,6.385603,0
2023-05-23,1002,Suburban,527,6.979176,0
2022-02-15,1006,Urban,842,6.468088,0
2023-02-16,1004,Suburban,860,24.859693,0
2022-08-11,1003,Rural,724,12.864573,1
2022-05-17,1009,Rural,457,43.056419,1
2023-10-14,1004,Urban,2884,14.775863,1
2023-05-17,1002,Urban,1393,6.212134,0
2022-03-25,1001,Rural,438,11.60233,0
2023-03-21,1003,Suburban,550,19.498537,0
2022-10-16,1007,Suburban,938,21.85397,1
2022-08-12,1005,Urban,1283,8.970432,0
2022-08-11,1004,Suburban,711,22.732,0
2022-02-23,1004,Suburban,1437,24.127585,1
2023-10-23,1007,Urban,859,17.167274,0
2023-04-23,1006,Rural,527,9.363879,0
2023-03-05,1005,Urban,1148,7.306703,1
2023-08-15,1003,Suburban,676,18.209314,1
2023-06-25,1007,Urban,853,16.045059,0
2022-10-09,1007,Urban,1192,19.438606,0
2023-11-01,1001,Rural,881,8.122902,0
2023-08-07,1007,Rural,590,25.508802,0
2023-09-18,1003,Rural,1051,18.700493,0
2023-08-04,1007,Urban,968,24.701908,0
2022-09-15,1008,Urban,862,19.439854,0
2023-05-20,1008,Urban,1308,20.615705,0
2022-12-06,1009,Suburban,752,22.459633,0
2022-03-20,1004,Urban,960,17.646505,0
2022-12-11,1006,Urban,815,4.777792,0
2023-04-08,1004,Urban,2451,18.781011,1
2023-02-13,1002,Suburban,973,6.564843,0
2022-12-14,1002,Urban,734,12.229204,0
2023-03-20,1006,Rural,461,8.904425,1
2022-08-17,1001,Urban,1435,9.560268,0
2022-05-10,1001,Urban,1301,8.152452,0
2023-11-04,1006,Urban,1540,9.451816,0
2023-04-16,1009,Suburban,683,35.266221,1
2022-01-18,1006,Suburban,1175,7.522023,0
2023-05-23,1008,Urban,1160,19.046336,0
2022-10-26,1001,Urban,1019,11.770903,0
2022-08-31,1006,Suburban,1289,5.392016,1
2022-08-14,1010,Urban,1066,14.188343,0
2023-10-13,1007,Rural,788,20.900931,0
2023-08-12,1001,Urban,1565,11.23208,0
2022-01-30,1010,Suburban,1731,17.663441,1
2023-03-16,1007,Suburban,1434,18.65236,0
2022-09-20,1003,Suburban,927,19.733621,0
2022-02-22,1005,Suburban,800,10.146791,0
2023-10-19,1001,Urban,1295,9.843776,0
2022-07-28,1006,Rural,708,9.69162,0
2022-06-14,1008,Urban,1319,20.809652,1
2023-04-14,1010,Urban,677,8.992015,0
2023-05-05,1006,Suburban,866,6.87017,0
2023-07-31,1008,Rural,907,14.459048,1
2022-09-22,1005,Suburban,905,7.186779,1
2023-03-15,1008,Suburban,533,20.362951,0
2023-01-10,1009,Urban,827,41.108256,0
2023-02-14,1005,Suburban,1529,8.203429,0
2023-06-14,1005,Urban,1009,7.387943,0
2022-05-01,1010,Urban,2385,8.163676,1
2022-08-05,1010,Suburban,693,13.4208,1
2022-05-31,1010,Urban,473,8.752957,0
2022-03-29,1001,Suburban,1311,11.39782,0
2023-07-29,1005,Suburban,1189,5.915404,0
2022-11-26,1009,Suburban,667,28.579166,1
2023-03-13,1009,Rural,1383,31.47089,1
2023-01-21,1001,Urban,1057,14.239047,0
2023-01-19,1009,Rural,327,33.167542,0
2023-05-20,1009,Urban,832,25.53568,0
2023-03-15,1001,Suburban,1167,11.461747,0
2022-08-25,1009,Suburban,1308,32.818932,0
2022-04-15,1009,Suburban,840,34.236031,1
2023-09-13,1008,Suburban,1091,17.50565,0
2023-08-02,1004,Urban,816,13.270186,0
2022-02-19,1007,Rural,888,29.129467,1
2023-03-03,1004,Suburban,705,21.525459,0
2022-08-31,1006,Urban,895,6.24832,0
2023-09-02,1004,Rural,1319,13.113994,1
2022-05-25,1009,Urban,888,24.815755,0
2023-11-17,1002,Suburban,765,13.747782,0
2023-11-27,1006,Rural,1226,8.373948,0
2023-01-16,1010,Suburban,1498,13.958029,1
2023-02-10,1001,Urban,612,9.717192,0
2023-06-14,1008,Suburban,764,21.634556,0
2022-09-30,1001,Suburban,1138,13.799569,0
2023-06-22,1002,Rural,696,13.889499,0
2023-06-10,1003,Suburban,1325,15.511888,0
2022-01-04,1006,Suburban,615,6.478568,0
2022-12-13,1004,Urban,885,14.293337,0
2022-10-14,1001,Suburban,692,8.756464,0
2023-10-19,1006,Urban,1292,8.454162,0
2023-02-07,1007,Urban,991,25.546118,0
2023-10-26,1010,Rural,66,15.525143,0
2023-09-15,1008,Suburban,1059,17.649241,0
2022-01-22,1003,Suburban,746,11.909833,0
2022-10-07,1008,Suburban,702,12.491849,0
2023-07-24,1007,Rural,870,17.774529,0
2022-10-05,1002,Suburban,798,8.738034,0
2023-02-13,1003,Urban,1805,16.063326,1
2023-10-27,1001,Rural,749,10.918901,0
2023-11-27,1005,Suburban,815,10.14937,0
2022-11-09,1007,Urban,1038,17.694105,1
2022-10-31,1007,Suburban,853,24.634717,0
2022-12-15,1002,Rural,843,6.584608,1
2022-10-18,1004,Urban,405,15.511636,0
2023-04-07,1009,Urban,417,25.357221,0
2022-08-19,1002,Suburban,1200,13.914858,1
2023-08-27,1004,Urban,1648,17.246052,0
2022-10-05,1002,Suburban,1102,13.914536,1
2023-02-06,1003,Urban,647,15.331611,0
2023-05-14,1001,Rural,607,14.824537,0
2023-04-16,1005,Urban,615,7.423479,0
2023-01-22,1003,Suburban,1714,12.944289,1
2023-11-28,1005,Urban,2616,8.990117,1
2022-08-16,1008,Suburban,828,19.598184,0
2023-07-24,1005,Suburban,896,7.589193,0
2022-07-02,1002,Rural,1193,11.128504,0
2023-12-01,1007,Urban,2098,28.848131,1
2023-07-14,1002,Rural,719,10.587774,1
2022-05-09,1007,Suburban,1116,19.189325,1
2023-08-07,1006,Urban,394,7.681906,0
2022-05-30,1006,Urban,1212,4.47441,0
2022-03-25,1001,Rural,610,12.59561,0
2023-04-10,1003,Rural,544,17.382971,0
2023-08-04,1010,Rural,1018,17.014661,0
2022-08-11,1005,Urban,1114,11.851488,1
2022-10-16,1002,Suburban,1531,6.173256,0
2023-02-23,1008,Urban,1339,14.004284,1
2022-12-13,1007,Rural,914,23.232793,0
2022-10-20,1001,Suburban,679,12.067567,0
2022-02-22,1008,Urban,966,21.85952,0
2023-10-27,1003,Suburban,889,16.395316,0
2022-04-15,1001,Urban,1764,12.361163,1
2022-11-11,1001,Urban,819,13.47858,0
2023-10-02,1004,Suburban,1067,17.348988,0
2022-10-27,1008,Urban,977,18.250655,0
2023-10-22,1010,Rural,1320,10.723851,0
2022-11-17,1002,Suburban,1311,9.186525,0
2023-04-25,1005,Urban,1255,9.253867,0
2023-04-14,1005,Urban,1108,5.232466,0
2022-11-11,1002,Urban,1382,7.518719,0
2022-03-25,1001,Urban,860,13.766844,0
2023-06-04,1008,Suburban,1338,14.221067,0
2023-05-15,1005,Urban,646,11.639777,0
2023-01-03,1008,Suburban,588,15.522574,0
2022-08-19,1009,Suburban,1375,21.08269,0
2022-05-06,1001,Urban,1999,8.383815,1
2022-12-14,1002,Urban,1687,8.523435,0
2023-05-09,1009,Suburban,1227,21.471282,1
2022-06-11,1002,Urban,872,6.125381,0
2022-12-06,1004,Urban,404,17.467975,0
2022-02-21,1003,Rural,330,14.076264,0
2022-01-29,1006,Rural,749,9.502892,0
2022-03-17,1010,Rural,929,10.880458,0
2022-10-16,1002,Suburban,1325,12.846746,0
2022-08-31,1001,Rural,718,14.686569,0
2023-08-09,1004,Urban,2038,20.540978,1
2022-03-09,1007,Urban,1564,21.126156,0
2022-11-14,1008,Urban,1486,16.393609,0
2023-08-30,1009,Suburban,640,30.039953,0
2022-06-19,1010,Rural,999,8.093111,0
2023-06-14,1008,Rural,487,11.608472,0
2022-02-16,1001,Urban,555,10.832874,1
2023-10-19,1008,Urban,1523,14.386895,1
2023-08-17,1002,Urban,670,6.039566,0
2022-12-10,1006,Rural,1226,7.089122,1
2022-11-08,1006,Suburban,730,4.089492,0
2023-08-26,1003,Urban,2438,11.036177,1
2022-11-17,1010,Rural,956,11.082746,0
2023-10-16,1001,Urban,1001,10.314226,0
2022-01-09,1005,Rural,643,6.085358,0
2023-01-11,1001,Rural,775,10.660967,0
2023-11-08,1008,Urban,879,14.738128,0
2023-05-30,1007,Suburban,900,19.787128,0
2023-11-28,1004,Suburban,1239,20.951961,0
2023-06-02,1009,Urban,1861,23.809168,1
2023-09-17,1005,Suburban,180,8.311713,0
2022-10-11,1002,Urban,477,8.35608,0
2023-01-14,1008,Rural,1437,19.259502,1
2023-01-19,1007,Suburban,1037,20.102303,0
2023-09-27,1007,Urban,370,17.860286,0
2022-07-04,1003,Rural,907,19.016373,0
2022-03-25,1002,Urban,889,9.324538,0
2023-10-01,1010,Urban,778,8.602364,0
2022-03-13,1010,Urban,1505,15.527283,0
2022-07-02,1009,Rural,279,25.45991,0
2023-01-12,1002,Suburban,1228,12.252219,1
2023-09-10,1009,Urban,1711,28.250151,0
2022-09-28,1003,Urban,1134,17.756445,0
2022-08-11,1003,Rural,1071,10.347161,0
2022-06-07,1009,Suburban,1606,22.06641,1
2022-06-07,1009,Suburban,1046,34.454215,0
2022-09-22,1008,Suburban,1332,11.907003,0
2023-05-26,1005,Urban,680,10.451124,0
2023-04-13,1007,Suburban,895,26.729996,0
2023-06-05,1008,Suburban,1569,20.906219,1
2022-05-28,1005,Rural,562,9.131678,0
2022-04-22,1005,Rural,541,9.346817,0
2023-02-24,1009,Rural,923,30.377298,1
2023-01-08,1004,Suburban,1363,14.093839,0
2022-03-27,1008,Urban,1398,16.105593,0
2022-09-20,1003,Urban,1149,19.177835,0
2023-11-01,1004,Urban,1206,21.927092,0
2022-01-16,1002,Urban,847,7.515666,0
2022-02-21,1006,Urban,795,7.054438,0
2022-03-27,1001,Suburban,1073,13.848823,1
2023-04-12,1003,Urban,1198,12.257017,0
2023-06-11,1001,Rural,1264,8.878368,0
2023-08-31,1004,Urban,1396,18.750808,0
2023-03-02,1007,Suburban,1461,29.292509,0
2023-03-26,1006,Suburban,598,7.454136,0
2022-09-24,1009,Rural,575,35.650747,0
2023-08-29,1010,Suburban,1732,8.807296,1
2022-09-27,1004,Urban,732,21.113089,0
2022-11-23,1006,Rural,1194,6.43577,1
2022-04-06,1006,Urban,371,4.681346,0
2023-07-09,1002,Suburban,1273,13.797181,1
2023-09-13,1007,Suburban,627,18.272043,1
2022-11-21,1010,Suburban,1137,10.859795,0
2023-03-02,1005,Urban,875,5.206116,0
2022-07-26,1005,Urban,621,11.496187,0
2023-06-01,1003,Rural,700,10.00847,1
2022-06-25,1004,Rural,1167,21.875127,0
2023-04-13,1007,Suburban,770,19.8964,0
2023-01-28,1005,Suburban,1593,8.715115,1
2023-10-28,1007,Rural,1305,29.933054,1
2023-02-13,1005,Rural,512,11.042935,0
2022-01-26,1002,Urban,1662,8.130489,1
2022-06-27,1010,Suburban,979,13.334421,0
2022-12-26,1004,Suburban,1563,17.3386,0
2022-04-08,1003,Suburban,476,17.972345,0
2022-11-16,1008,Urban,731,19.300878,0
2023-10-12,1002,Suburban,1124,7.685227,0
2022-01-09,1006,Rural,1362,6.729971,1
2022-09-24,1001,Suburban,566,11.66908,0
2023-08-17,1010,Urban,438,13.909413,1
2023-07-13,1005,Suburban,1035,6.026114,0
2023-02-20,1004,Rural,880,18.465472,0
2023-02-13,1005,Rural,759,7.64222,0
2023-04-24,1007,Suburban,1100,21.004366,0
2023-04-13,1007,Rural,996,27.925366,0
2023-05-22,1002,Urban,1555,8.424723,1
2022-06-09,1010,Suburban,1146,16.4241,0
2022-02-15,1006,Suburban,2069,8.985131,1
2023-10-04,1010,Urban,1269,16.130108,1
2023-11-29,1004,Urban,842,22.828312,1
2023-01-18,1010,Urban,464,8.006595,0
2023-07-22,1006,Urban,576,4.437808,0
2022-10-25,1007,Suburban,518,16.384483,0
2022-04-07,1004,Suburban,231,23.597903,1
2022-02-08,1010,Rural,892,17.573005,0
2023-02-07,1001,Suburban,958,11.706104,1
2022-05-28,1005,Suburban,1122,9.406332,0
2022-11-17,1002,Suburban,1258,11.683333,0
2022-10-06,1003,Suburban,595,12.476488,0
2023-05-30,1009,Urban,493,42.119369,1
2022-11-04,1003,Rural,722,18.398349,0
2023-07-08,1004,Suburban,810,16.039251,0
2023-02-18,1002,Rural,375,12.482757,1
2022-02-05,1005,Urban,1140,6.367446,0
2022-08-28,1001,Suburban,1203,9.562943,0
2023-09-29,1006,Suburban,756,9.374331,1
2022-09-29,1005,Rural,1145,9.455803,1
2023-09-25,1009,Urban,764,33.045587,0
2022-04-03,1005,Rural,734,8.792453,0
2022-01-03,1009,Urban,489,28.58967,0
2022-05-31,1007,Urban,1562,24.501533,1
2022-04-07,1010,Suburban,766,16.4658,0
2023-03-27,1008,Rural,520,18.287555,1
2023-05-15,1010,Suburban,504,16.676874,0
2023-01-25,1003,Suburban,1186,16.366271,0
2022-06-22,1004,Rural,974,23.905473,1
2023-06-25,1004,Rural,947,12.8504,0
2022-07-03,1001,Urban,1590,14.78568,0
2023-06-09,1002,Suburban,1128,8.301887,0
2023-03-22,1006,Rural,930,5.39733,0
2023-04-10,1007,Rural,707,18.302826,0
2022-07-08,1009,Urban,992,21.548942,0
2022-10-30,1001,Urban,1921,13.968081,0
2022-09-26,1004,Urban,2238,16.175951,1
2022-10-23,1004,Urban,1307,14.072829,0
2022-11-08,1010,Suburban,611,15.669642,0
2023-05-31,1008,Urban,2168,16.14433,1
2022-01-23,1003,Suburban,495,13.151476,0
2022-05-18,1001,Urban,2139,11.23082,1
2023-03-14,1005,Urban,1614,9.196222,1
2023-02-14,1009,Urban,724,44.096886,1
2022-08-09,1003,Rural,557,18.119287,0
2023-07-09,1003,Suburban,1585,12.035048,1
2023-05-22,1010,Urban,1573,11.44996,1
2023-07-31,1006,Rural,745,5.037706,0
2022-09-05,1010,Rural,1008,12.323268,0
2023-04-25,1003,Suburban,827,13.910532,0
2023-10-27,1001,Suburban,934,12.960741,0
2022-07-27,1003,Urban,1293,15.790205,0
2022-10-31,1005,Urban,619,8.995,0
2023-08-21,1005,Urban,1130,6.267047,0
2023-03-10,1002,Suburban,1510,12.927678,1
2023-09-06,1002,Rural,1035,9.117232,0
2022-12-21,1001,Urban,979,11.921797,1
2023-07-06,1010,Urban,1188,8.291808,1
2022-10-07,1010,Rural,546,17.392549,0
2023-08-18,1010,Suburban,1249,13.367182,1
2023-11-23,1010,Rural,996,8.333618,0
2022-05-13,1001,Urban,1497,8.553543,0
2022-10-25,1008,Urban,516,10.477411,0
2022-04-28,1006,Urban,1217,7.128808,0
2023-10-06,1005,Rural,665,11.048343,0
2022-03-16,1004,Suburban,1630,20.939509,0
2022-12-03,1002,Rural,1033,12.356861,0
2022-09-26,1006,Rural,836,4.09126,0
2022-04-16,1009,Suburban,621,41.750579,1
2022-01-06,1004,Rural,1004,16.459472,0
2022-03-31,1008,Urban,1436,15.536967,0
2022-08-08,1008,Rural,760,12.699211,0
2022-11-11,1007,Urban,1852,26.595187,1
2023-07-15,1007,Urban,2234,19.135154,1
2022-04-01,1007,Urban,754,23.055977,0
2022-11-03,1004,Suburban,1030,21.346463,1
2023-05-15,1006,Suburban,821,9.838077,0
2023-10-21,1006,Rural,510,7.840402,0
2022-12-20,1008,Rural,694,14.537732,1
2023-01-20,1007,Urban,1223,24.254837,0
2022-03-12,1003,Urban,1148,13.831181,0
2023-07-04,1008,Rural,749,15.972681,0
2022-04-29,1003,Rural,839,10.884178,0
2023-09-06,1009,Urban,2036,32.8849,1
2022-10-22,1008,Rural,1591,16.590345,1
2023-05-02,1005,Rural,964,10.232912,0
2022-08-02,1004,Suburban,1651,24.156933,1
2023-09-17,1009,Suburban,1223,30.097578,0
2023-07-16,1007,Suburban,501,23.689485,0
2023-10-12,1009,Rural,867,35.724713,1
2023-08-03,1006,Suburban,861,5.496866,0
2023-03-27,1008,Suburban,729,10.280389,0
2022-09-09,1010,Suburban,1451,13.356483,1
2022-09-02,1003,Rural,945,13.943878,0
2023-11-07,1005,Rural,1016,8.848473,0
2023-11-22,1010,Urban,614,10.84227,0
2022-01-06,1001,Suburban,593,11.914529,0
2023-07-17,1005,Urban,1742,5.460396,0
2022-01-25,1006,Urban,1139,7.539224,0
2023-07-19,1006,Urban,1324,9.791838,1
2022-01-16,1007,Urban,904,16.69289,1
2023-11-23,1006,Rural,784,8.407576,0
2022-06-19,1001,Urban,1952,8.61737,1
2022-06-09,1003,Urban,1036,18.217,1
2022-11-08,1010,Rural,761,13.031938,0
2022-10-16,1008,Urban,1371,13.57355,0
2022-02-28,1002,Urban,1478,12.388781,0
2022-01-29,1004,Urban,1479,21.407292,0
2022-09-15,1005,Suburban,940,6.700338,0
2023-06-16,1010,Urban,1122,9.986469,0
2022-06-28,1003,Rural,1222,14.175014,1
2023-03-07,1004,Urban,1557,13.083466,0
2023-10-22,1001,Rural,1447,12.810898,1
2023-03-03,1005,Rural,1521,6.979083,1
2022-04-12,1008,Urban,249,14.612203,0
2023-02-21,1007,Suburban,1309,27.728281,0
2022-05-07,1006,Suburban,1109,6.561268,0
2022-08-29,1010,Urban,1424,13.913577,1
2022-01-19,1006,Urban,1257,4.312737,0
2022-02-13,1004,Urban,1302,17.530098,0
2023-10-12,1010,Suburban,1224,13.150199,0
2022-11-03,1005,Rural,294,6.169612,0
2022-03-02,1005,Suburban,953,11.562058,1
2022-05-11,1010,Suburban,1343,10.199872,1
2023-06-23,1001,Rural,735,10.262685,0
2023-08-02,1006,Urban,772,7.577264,0
2022-10-14,1008,Urban,654,18.850254,0
2023-11-17,1010,Urban,1010,14.966652,0
2022-04-03,1005,Suburban,452,11.530557,0
2022-10-17,1009,Urban,1101,40.675233,0
2022-03-04,1005,Urban,1148,9.512986,0
2022-04-02,1008,Urban,1260,16.060846,0
2023-08-15,1008,Suburban,962,10.216062,0
2022-07-23,1005,Rural,1480,8.815853,1
2022-08-08,1001,Suburban,1377,8.311769,0
2023-11-11,1008,Urban,1160,13.396147,0
2022-02-06,1005,Urban,1051,7.270614,0
2023-05-24,1007,Urban,687,15.311098,0
2023-11-07,1002,Urban,1779,7.964705,1
2023-06-29,1007,Urban,820,16.804098,1
2023-07-09,1005,Urban,533,5.445833,0
2022-10-24,1007,Urban,1100,22.185859,0
2023-01-27,1009,Suburban,272,38.099015,0
2023-10-13,1007,Urban,175,19.578049,0
2022-01-12,1006,Rural,244,6.473465,0
2023-10-01,1008,Rural,1245,12.138518,0
2023-01-10,1005,Suburban,703,7.329616,1
2023-03-19,1004,Rural,1388,23.082523,0
2022-03-12,1010,Suburban,576,16.721352,0
2022-02-26,1006,Urban,2307,9.42034,1
2023-11-10,1010,Suburban,1603,16.822752,1
2022-03-29,1009,Urban,1266,34.19641,1
2023-07-13,1009,Rural,1174,40.69413,1
2022-01-08,1001,Urban,2200,9.147603,1
2022-01-22,1007,Urban,718,25.15432,0
2023-08-30,1002,Urban,1030,13.939955,0
2022-12-26,1001,Suburban,1284,14.608326,0
2022-12-03,1010,Urban,1679,14.470822,0
2022-06-13,1005,Rural,338,5.630641,0
2023-02-23,1005,Suburban,1005,10.242457,0
2022-09-07,1008,Rural,487,15.170135,0
2023-03-21,1001,Suburban,1068,8.662481,1
2022-05-12,1002,Urban,1398,12.366232,0
2022-11-21,1001,Urban,1168,10.370135,0
2022-04-28,1006,Urban,1316,6.850731,0
2023-02-15,1004,Rural,408,23.093514,0
2023-02-14,1010,Rural,675,11.429925,0
2023-05-17,1005,Urban,933,9.633938,1
2022-12-22,1010,Suburban,722,8.090034,0
2022-06-28,1008,Urban,813,14.464312,1
2022-12-23,1005,Suburban,307,5.100776,1
2023-10-08,1003,Rural,206,16.475903,0
2022-07-04,1003,Suburban,1137,12.61676,0
2022-02-19,1004,Rural,1180,22.864454,0
2023-08-27,1008,Rural,738,19.444282,0
2022-04-17,1004,Urban,1061,16.736996,0
2023-12-01,1005,Suburban,656,5.824438,0
2022-03-23,1007,Urban,1993,26.410698,1
2023-07-26,1001,Rural,579,10.333347,0
2022-11-24,1002,Urban,525,7.130591,0
2022-10-19,1005,Urban,1378,9.926686,0
2023-04-15,1002,Urban,794,12.087097,0
2023-02-24,1010,Urban,900,12.409074,0
2023-01-01,1007,Suburban,1054,16.409778,0
2023-01-16,1005,Rural,820,11.910515,1
2022-04-05,1008,Urban,515,13.262964,0
2022-09-09,1004,Rural,692,13.90266,0
2023-04-07,1006,Suburban,729,6.073139,0
2022-11-26,1010,Urban,1293,15.553968,0
2022-12-22,1007,Urban,1137,17.731104,0
2023-10-31,1006,Suburban,1292,6.371701,0
2022-01-06,1007,Suburban,834,15.041507,0
2022-06-20,1005,Suburban,1038,11.515401,0
2022-03-17,1005,Urban,1807,7.141735,0
2023-02-18,1006,Suburban,848,7.005453,0
2023-03-25,1006,Rural,1544,7.677781,1
2022-03-27,1009,Urban,2208,39.750998,1
2023-08-18,1006,Suburban,218,8.429158,0
2022-08-31,1004,Urban,1508,16.611194,0
2022-07-04,1002,Urban,1686,7.505855,0
2022-04-25,1002,Urban,1718,12.50802,0
2023-11-10,1009,Suburban,984,38.709536,0
2022-08-19,1001,Suburban,581,10.034622,0
2022-10-03,1005,Urban,1345,8.623693,0
2022-04-12,1007,Urban,996,26.470252,0
2023-01-26,1001,Urban,2168,9.429621,1
2022-01-25,1002,Suburban,1501,7.520845,1
2023-06-10,1001,Suburban,1042,9.219852,0
2023-10-15,1001,Urban,1787,10.973918,1
2022-03-06,1010,Suburban,579,17.771668,0
2022-10-21,1008,Urban,1188,16.525963,0
2023-08-17,1004,Suburban,947,13.214461,0
2023-07-22,1002,Urban,930,12.784553,0
2022-07-10,1004,Urban,974,14.491004,0
2022-08-14,1009,Rural,822,37.53338,0
2023-11-20,1006,Urban,1297,9.855491,0
2023-06-18,1009,Suburban,1331,25.793357,0
2022-01-25,1002,Urban,1617,10.71084,1
2022-05-19,1002,Rural,920,7.353831,0
2022-03-18,1007,Urban,1017,21.223578,1
2023-04-29,1010,Suburban,801,12.716662,0
2022-07-23,1005,Urban,1825,5.324803,1
2023-11-26,1002,Suburban,690,11.369292,0
2022-04-02,1007,Rural,1246,25.978802,1
2023-03-29,1001,Suburban,840,11.544414,1
2022-09-02,1010,Urban,1063,12.843538,0
2022-04-16,1006,Rural,826,6.055096,0
2022-12-24,1007,Rural,813,15.311929,0
2022-06-02,1009,Rural,1396,40.624321,1
2022-06-06,1001,Suburban,1430,14.649796,1
2023-07-02,1008,Rural,1194,19.217705,0
2023-06-25,1003,Suburban,651,13.620978,0
2022-03-27,1010,Suburban,779,17.668745,0
2023-07-10,1001,Urban,616,13.155958,1
2023-05-17,1004,Urban,1359,23.185542,0
2022-05-06,1002,Urban,509,7.059433,0
2022-10-05,1010,Urban,1194,8.303802,0
2023-07-19,1009,Urban,1364,40.979127,1
2023-03-29,1001,Rural,1038,10.018518,0
2023-04-02,1001,Suburban,939,8.298069,0
2022-07-03,1003,Suburban,1786,12.366896,1
2022-07-23,1007,Urban,921,21.00608,0
2022-08-18,1009,Rural,82,44.971365,1
2022-07-31,1009,Rural,717,43.107026,0
2022-08-20,1004,Suburban,748,24.400747,0
2023-11-14,1010,Suburban,729,9.44693,1
2022-05-05,1008,Rural,235,11.952535,0
2023-08-17,1010,Rural,716,8.150739,0
2023-09-10,1002,Urban,962,8.204126,1
2022-04-07,1006,Suburban,1828,4.568435,1
2022-05-16,1008,Rural,872,15.917878,0
2023-03-22,1002,Rural,1430,12.648748,1
2023-04-01,1003,Urban,1170,17.3137,0
2022-07-26,1009,Urban,1178,30.98255,0
2023-02-04,1007,Urban,784,15.386734,0
2022-07-04,1009,Urban,877,39.559678,0
2022-07-10,1001,Suburban,1046,14.859338,0
2023-02-01,1001,Suburban,876,11.63197,0
2023-04-13,1001,Urban,2144,9.304066,1
2022-01-22,1001,Urban,1024,14.224645,0
2022-11-26,1004,Suburban,657,12.656491,0
2022-06-26,1007,Suburban,1180,16.03674,0
2022-09-04,1003,Suburban,513,12.974142,0
2023-08-22,1003,Rural,848,17.524235,1
2022-05-18,1006,Urban,1391,8.674961,1
2022-10-11,1002,Urban,1409,6.12614,0
2022-09-27,1009,Suburban,1452,30.381865,0
2022-02-18,1005,Urban,1055,8.297058,0
2022-08-16,1005,Rural,906,10.893467,0
2022-04-08,1001,Urban,913,11.627727,0
2022-06-28,1003,Suburban,1785,12.203236,1
2022-12-13,1010,Suburban,908,10.706,0
2023-01-30,1010,Urban,1622,8.075006,1
2022-02-14,1005,Suburban,1157,10.620752,0
2023-01-31,1003,Urban,1423,12.116643,0
2022-05-23,1009,Rural,322,35.576905,1
2022-11-29,1003,Suburban,1662,16.038744,1
2023-01-03,1002,Urban,1444,6.948104,1
2023-10-24,1004,Urban,1169,22.408913,0
2022-03-21,1002,Suburban,599,13.366231,0
2023-07-29,1008,Suburban,894,19.62994,0
2023-10-14,1003,Suburban,624,12.711089,0
2022-09-15,1007,Suburban,969,20.43993,0
2023-10-18,1007,Urban,919,15.341526,0
2023-08-25,1009,Urban,1694,39.800785,1
2023-10-24,1010,Rural,727,14.052603,0
2023-03-13,1003,Urban,1248,18.866517,0
2022-01-29,1008,Suburban,801,15.480875,0
2023-07-23,1001,Suburban,971,11.887667,0
2022-11-26,1009,Rural,1502,20.915871,1
2022-11-03,1006,Suburban,706,5.880888,0
2023-11-18,1004,Suburban,1580,20.762049,0
2022-06-11,1001,Suburban,1083,13.472025,0
2022-06-29,1003,Urban,1291,18.723554,0
2022-04-10,1008,Urban,766,17.413518,1
2022-10-27,1007,Suburban,819,29.538945,0
2023-05-03,1004,Suburban,516,18.346496,1
2023-03-26,1006,Urban,50,6.231493,0
2022-02-23,1008,Urban,1161,12.046575,0
2022-12-15,1009,Urban,1447,43.53281,0
2023-02-05,1002,Suburban,1689,6.741675,1
2023-02-02,1001,Rural,777,11.756715,1
2022-05-08,1006,Suburban,1136,8.083108,0
2023-02-15,1007,Suburban,852,27.953225,1
2022-02-24,1010,Suburban,816,16.341006,0
2023-03-30,1005,Urban,1105,5.455582,0
2022-12-01,1009,Rural,1042,39.96913,0
2022-04-20,1005,Urban,594,8.153983,0
2023-04-28,1001,Suburban,888,13.833854,0
2022-08-28,1005,Suburban,1347,5.229265,1
2023-05-07,1009,Suburban,474,25.177644,0
2022-01-15,1005,Urban,915,11.57379,0
2022-09-26,1003,Urban,1180,17.565947,0
2023-08-07,1009,Suburban,1193,22.415983,0
2023-07-13,1010,Urban,819,12.365668,0
2023-08-27,1008,Urban,2091,18.394059,1
2023-05-12,1008,Urban,1250,13.93529,0
2022-01-14,1004,Rural,828,12.985452,1
2022-02-21,1003,Urban,1146,13.073536,1
2022-11-04,1004,Rural,591,16.664467,0
2023-11-19,1006,Urban,1363,5.483817,0
2022-03-26,1009,Suburban,593,37.327247,0
2023-11-16,1003,Suburban,672,10.73197,0
2022-03-23,1005,Urban,1045,7.368385,0
2023-01-07,1004,Suburban,1389,14.892415,0
2023-06-23,1001,Urban,1394,9.247296,0
2023-03-16,1007,Urban,1366,24.266189,0
2022-05-08,1006,Rural,475,9.850834,0
2023-03-14,1001,Urban,389,14.189729,0
2023-05-19,1002,Urban,1002,10.464039,0
2022-10-18,1003,Urban,1017,18.393097,1
2022-09-27,1001,Rural,787,10.98994,1
2022-06-16,1004,Urban,1644,18.409964,1
2023-03-13,1010,Suburban,1791,12.257869,1
2023-02-13,1010,Urban,987,15.727058,0
2022-06-15,1007,Suburban,371,19.120141,0
2023-02-19,1001,Suburban,1796,10.387384,1
2022-10-27,1008,Suburban,869,17.938228,0
2023-11-06,1002,Rural,1122,7.859877,1
2023-09-08,1004,Urban,1602,23.518137,1
2022-12-01,1009,Suburban,1004,37.508691,0
2022-11-04,1005,Urban,899,9.250913,0
2022-09-02,1004,Suburban,1087,16.702335,1
2023-02-18,1001,Urban,1475,12.519601,1
2023-09-04,1003,Urban,1775,10.756863,1
2022-11-19,1008,Urban,1929,13.297341,0
2022-11-24,1006,Suburban,1013,6.522591,1
2023-05-11,1008,Suburban,926,12.122773,0
2023-07-29,1004,Urban,1760,18.651022,0
2022-05-15,1003,Urban,1127,10.92175,1
2022-01-18,1010,Urban,1914,10.918741,1
2023-01-08,1003,Suburban,590,15.943655,0
2022-10-01,1009,Rural,1061,32.995059,1
2022-01-18,1005,Urban,2094,10.018995,1
2023-01-26,1007,Suburban,156,27.87886,0
2023-04-16,1009,Urban,1362,30.118499,0
2022-12-21,1010,Urban,1926,13.912403,1
2022-01-16,1004,Urban,1602,13.236371,0
2023-01-03,1005,Urban,1450,10.867396,0
2022-05-22,1004,Suburban,669,18.741002,0
2022-08-18,1007,Suburban,723,20.179453,0
2023-11-28,1005,Rural,50,9.600759,0
2022-03-16,1006,Suburban,1059,4.110622,0
2023-07-29,1007,Suburban,1217,19.336675,0
2022-01-28,1001,Suburban,635,10.323062,0
2022-03-12,1010,Rural,753,10.311688,0
2022-03-10,1001,Urban,1230,8.930316,0
2022-05-09,1009,Rural,531,26.199107,0
2023-04-20,1002,Urban,1540,8.413745,0
2022-01-24,1005,Urban,1894,8.419896,1
2022-01-14,1006,Suburban,1500,8.304066,1
2022-09-15,1007,Urban,1478,25.118079,1
2023-08-15,1009,Suburban,1560,27.113482,1
2022-11-16,1007,Urban,1551,18.926682,1
2023-02-03,1005,Suburban,1032,11.561673,0
2023-09-16,1009,Urban,474,35.503196,0
2023-09-30,1007,Suburban,972,19.423877,1
2022-03-29,1006,Urban,1207,4.709346,0
2022-10-20,1001,Urban,941,8.709234,0
2023-01-02,1005,Urban,877,6.767138,1
2022-05-22,1008,Urban,2501,13.986398,1
2022-02-10,1005,Rural,355,11.436555,0
2023-05-29,1010,Suburban,651,16.362992,0
2023-02-11,1001,Urban,1703,13.255638,0
2023-06-07,1010,Rural,1208,13.725945,0
2022-02-07,1003,Urban,1326,13.469527,1
2023-11-19,1003,Suburban,1814,11.740112,1
2022-06-30,1006,Rural,300,8.899931,0
2023-08-17,1006,Suburban,1895,7.137781,1
2023-05-02,1001,Suburban,989,8.022605,0
2022-08-04,1002,Urban,1407,11.075405,1
2023-03-03,1009,Rural,970,32.764175,1
2022-07-04,1004,Urban,1381,14.968478,0
2022-06-06,1002,Urban,683,10.873125,0
2023-09-05,1004,Urban,1203,19.101915,0
2023-10-11,1008,Suburban,1099,15.7498,0
2023-01-04,1007,Urban,1603,29.948757,0
2022-03-28,1007,Suburban,1073,22.027837,0
2022-03-15,1004,Rural,1334,22.35376,1
2022-03-09,1010,Suburban,789,13.233578,0
2023-04-18,1003,Urban,1486,10.107832,1
2023-05-13,1007,Rural,910,21.654898,1
2023-04-23,1003,Rural,2328,10.175876,1
2022-02-05,1001,Rural,1201,9.795748,0
2022-08-15,1007,Urban,722,28.024581,0
2022-11-17,1010,Urban,940,11.347068,0
2022-11-24,1006,Suburban,672,7.519048,1
2022-05-03,1006,Suburban,1025,6.162615,0
2022-06-25,1001,Rural,613,8.170999,0
2022-12-05,1007,Rural,733,21.954739,0
2023-04-19,1008,Urban,837,19.35401,0
2022-06-02,1006,Suburban,754,9.283741,0
2023-12-01,1007,Suburban,817,24.962923,0
2023-08-05,1010,Suburban,1037,17.943879,0
2022-06-27,1002,Rural,1084,13.611223,1
2022-04-02,1002,Suburban,1173,6.338173,0
2023-06-07,1007,Urban,1566,24.121901,1
2022-03-07,1005,Rural,675,10.022025,1
2023-02-03,1004,Rural,899,19.368719,0
2022-08-19,1005,Suburban,902,5.623221,0
2023-10-15,1007,Urban,953,20.422861,0
2023-05-16,1002,Urban,916,10.596984,0
2022-08-01,1002,Suburban,991,8.984306,0
2023-01-31,1002,Urban,2055,8.658818,1
2022-08-02,1002,Rural,862,13.5193,1
2022-02-16,1005,Urban,902,6.293492,0
2023-02-17,1009,Urban,931,37.681313,0
2022-02-25,1008,Urban,1662,14.267157,1
2022-01-12,1003,Urban,1173,13.114381,0
2023-06-03,1003,Urban,1513,10.57277,1
2023-10-22,1006,Urban,1285,4.48355,1
2022-05-02,1006,Urban,732,5.942975,0
2022-01-03,1002,Rural,848,9.333904,1
2022-07-07,1007,Urban,822,29.157244,0
2023-05-22,1009,Rural,780,21.221024,1
2023-06-03,1010,Urban,1152,8.449885,1
2023-07-01,1007,Suburban,2088,24.177676,1
2023-06-11,1001,Rural,891,9.939168,0
2023-03-31,1002,Suburban,800,7.350385,0
2022-08-06,1007,Suburban,1393,21.349334,1
2022-04-24,1007,Suburban,1572,17.996127,1
2023-11-28,1001,Suburban,1312,8.329725,1
2023-03-19,1007,Suburban,886,25.528616,0
2022-01-23,1005,Rural,1021,9.395183,1
2022-12-27,1006,Suburban,904,7.499063,0
2022-02-17,1008,Suburban,1566,11.725782,1
2022-08-11,1010,Suburban,804,15.963013,0
2022-11-21,1006,Suburban,1384,8.850494,1
2023-03-11,1005,Rural,938,7.66233,1
2022-10-01,1008,Suburban,1552,17.854383,0
2023-09-15,1007,Rural,966,20.097313,1
2023-05-08,1005,Suburban,889,7.194888,0
2022-12-08,1005,Urban,1694,5.80899,0
2023-11-27,1002,Urban,1262,9.929794,0
2023-09-21,1002,Urban,1053,12.635698,0
2023-08-29,1004,Urban,1755,14.192136,0
2022-08-18,1007,Suburban,1155,29.276421,0
2023-06-19,1004,Suburban,732,15.067825,0
2022-06-29,1010,Rural,1061,12.578364,1
2022-03-04,1006,Urban,1848,7.386773,1
2022-12-27,1005,Suburban,1715,9.100909,0
2022-08-21,1007,Urban,930,21.930219,0
2023-05-08,1010,Rural,806,9.910094,0
2023-05-27,1007,Urban,1120,18.39659,0
2023-01-10,1010,Urban,1840,17.446748,0
2022-04-25,1001,Urban,1416,14.387088,0
2022-03-24,1007,Urban,1033,23.145843,0
2022-12-26,1007,Suburban,1043,26.462611,0
2023-04-02,1001,Rural,997,13.1204,0
2022-04-14,1009,Rural,981,29.407738,0
2023-03-19,1005,Suburban,1597,8.834015,0
2022-03-18,1009,Urban,631,41.290427,0
2022-09-06,1005,Suburban,985,9.271656,0
2022-01-02,1005,Suburban,1590,10.952878,1
2023-03-03,1008,Urban,2644,12.965423,1
2023-07-03,1008,Rural,520,11.794459,0
2023-05-14,1008,Urban,1740,17.505937,0
2022-07-11,1002,Urban,1010,10.557267,0
2023-08-20,1001,Urban,2204,8.484901,0
2022-02-09,1009,Suburban,374,24.570139,1
2022-07-01,1009,Suburban,2120,25.422735,1
2023-09-13,1008,Urban,1406,12.247376,0
2022-12-17,1009,Urban,1179,23.911088,0
2023-03-03,1007,Urban,938,22.83604,0
2023-06-20,1003,Rural,1470,12.063068,1
2023-07-27,1003,Suburban,1175,10.084149,0
2023-11-19,1001,Rural,1757,14.6511,1
2022-06-15,1009,Urban,1130,33.802913,0
2023-09-05,1010,Urban,1154,15.649809,0
2023-07-25,1010,Urban,1162,13.566437,1
2022-10-26,1002,Urban,1271,9.150162,0
2022-08-23,1002,Rural,830,8.836997,0
2022-02-12,1002,Urban,1459,10.721906,0
2023-08-26,1002,Urban,1590,6.727035,0
2022-04-02,1009,Rural,781,36.072796,0
2023-10-29,1003,Rural,840,11.229346,0
2023-10-21,1005,Rural,877,5.495949,0
2022-03-03,1005,Urban,300,10.804593,0
2022-11-30,1007,Rural,1171,18.944545,0
2023-02-13,1004,Urban,1957,18.465701,1
2022-11-08,1008,Rural,939,20.013665,1
2022-04-22,1009,Rural,1276,36.740006,1
2022-08-14,1001,Urban,558,14.679937,1
2023-03-04,1003,Urban,1010,18.569694,0
2023-02-08,1004,Urban,815,13.809597,0
2023-06-25,1004,Rural,860,16.080114,0
2023-10-13,1008,Urban,1643,18.240603,0
2022-06-23,1005,Rural,592,5.098358,0
2022-02-20,1009,Suburban,490,40.663695,0
2022-06-07,1007,Urban,1241,16.745038,0
2023-02-28,1005,Rural,670,9.51854,0
2022-11-13,1008,Urban,1522,17.477167,0
2023-08-04,1001,Rural,1604,14.462084,1
2022-10-10,1008,Urban,1229,10.593405,0
2023-09-11,1003,Rural,1033,13.700373,1
2023-06-04,1001,Urban,978,8.594809,0
2022-02-11,1005,Urban,907,9.991018,0
2022-01-21,1010,Suburban,1587,12.6418,1
2022-06-01,1004,Suburban,1015,22.455951,1
2022-11-26,1009,Suburban,1101,27.064566,0
2023-03-01,1001,Suburban,737,8.529827,0
2022-12-31,1010,Suburban,174,8.964659,1
2022-12-16,1007,Suburban,714,25.381936,0
2022-05-03,1008,Suburban,852,17.638487,0
2023-02-15,1004,Suburban,771,23.647098,1
2022-07-18,1001,Urban,1016,14.583907,1
2022-12-29,1007,Rural,1015,23.995808,0
2022-01-01,1001,Urban,1672,10.741087,0
2022-01-14,1007,Urban,870,17.422571,0
2023-03-12,1008,Suburban,1074,12.234424,0
2023-08-31,1008,Rural,695,13.944861,0
2022-09-11,1003,Urban,1969,10.501327,0
2023-01-12,1010,Rural,516,13.245694,0
2022-02-21,1009,Urban,1905,27.718235,1
2022-03-08,1006,Urban,580,4.430823,0
2023-08-31,1006,Urban,900,4.476758,0
2022-07-29,1001,Urban,1635,12.434414,1
2022-12-06,1008,Urban,1635,21.701208,0
2022-12-26,1002,Urban,906,10.3076,0
2023-03-08,1008,Urban,810,14.554443,0
2023-03-25,1009,Suburban,1432,33.450292,0
2022-07-13,1001,Urban,1894,13.061007,1
2023-09-17,1004,Rural,1630,21.633533,1
2023-07-05,1004,Rural,1198,14.550025,1
2023-05-04,1010,Urban,1328,11.606855,1
2022-08-12,1007,Suburban,859,29.92499,0
2023-09-24,1007,Urban,1218,22.065564,0
2023-03-25,1007,Suburban,1021,22.275862,0
2022-06-17,1002,Urban,1146,7.412149,0
2022-03-17,1006,Urban,1458,4.590917,1
2022-09-08,1006,Rural,992,6.778092,1
2023-05-30,1004,Suburban,813,22.727314,0
2022-07-04,1001,Suburban,1267,14.694481,1
2022-03-13,1004,Rural,425,16.460982,1
2023-09-19,1004,Suburban,1223,23.305821,0
2023-05-10,1009,Urban,2059,28.074961,0
2022-03-14,1003,Urban,556,14.945173,0
2023-07-11,1005,Urban,1370,6.888445,0
2023-03-09,1001,Suburban,1023,12.70308,0
2022-11-14,1004,Rural,988,22.565395,0
2023-06-17,1002,Urban,1707,11.820547,1
2023-04-13,1006,Urban,1044,5.904779,0
2022-07-16,1004,Suburban,535,14.649406,0
2023-03-03,1007,Suburban,1923,26.529586,1
2023-04-10,1001,Urban,1493,8.850546,0
2023-05-05,1005,Suburban,338,5.631055,0
2023-06-08,1003,Urban,1223,16.012309,0
2022-04-16,1009,Suburban,1117,33.275592,0
2022-01-22,1009,Urban,1231,24.573552,1
2023-06-17,1007,Suburban,953,29.013853,1
2023-01-29,1001,Urban,1716,12.703128,0
2022-02-27,1006,Urban,2247,7.730631,1
2023-01-16,1006,Urban,1202,6.814867,0
2022-08-11,1006,Urban,1067,8.053819,0
2022-02-25,1009,Urban,1259,39.935345,1
2022-08-09,1008,Rural,870,13.516867,0
2023-03-10,1001,Urban,1455,13.547119,1
2023-07-08,1009,Urban,1586,29.937464,0
2023-04-03,1007,Urban,1282,16.11325,0
2023-02-13,1008,Suburban,1327,21.36432,0
2023-06-17,1007,Suburban,1025,21.698369,0
2022-11-30,1005,Suburban,1268,6.47307,0
2022-01-27,1007,Urban,931,17.168097,0
2022-08-08,1006,Urban,1967,5.855226,1
2023-10-02,1007,Urban,855,26.501709,0
2022-10-03,1004,Urban,1837,17.402187,0
2022-02-14,1006,Rural,915,7.272573,0
2022-10-28,1007,Suburban,960,22.018133,0
2023-08-30,1004,Suburban,872,17.07749,0
2023-08-19,1010,Urban,2509,9.404489,1
2022-07-24,1009,Urban,844,24.705046,0
2022-12-21,1005,Rural,454,6.081146,0
2023-05-05,1005,Urban,1140,9.134079,1
2022-11-25,1008,Rural,975,15.416068,0
2022-04-03,1006,Rural,852,4.411774,0
2022-07-24,1007,Urban,1534,25.419904,0
2023-08-12,1002,Rural,1289,8.673308,0
2023-08-13,1005,Urban,1148,10.89328,0
2022-12-07,1007,Urban,1244,15.617413,0
2023-11-23,1009,Suburban,1139,24.412429,1
2023-04-01,1005,Urban,1722,10.314493,0
2023-07-02,1004,Urban,1495,12.967559,0
2022-03-19,1005,Urban,1558,6.744873,0
2023-08-20,1010,Urban,880,8.217219,0
2023-04-17,1005,Suburban,852,11.634187,0
2023-10-08,1005,Rural,660,9.229233,0
2022-12-28,1006,Rural,916,6.806701,0
2023-11-16,1006,Urban,973,6.57941,0
2023-02-17,1003,Urban,937,10.71744,0
2022-02-23,1002,Suburban,73,11.041477,0
2023-08-04,1003,Urban,349,10.30906,0
2023-02-08,1007,Urban,860,27.950935,0
2022-11-21,1006,Urban,1560,4.097292,1
2023-01-29,1001,Suburban,1159,10.585732,0
2023-05-03,1008,Rural,977,19.784734,1
2022-10-03,1008,Urban,766,15.801271,0
2022-06-18,1005,Suburban,763,5.450798,0
2023-02-16,1009,Suburban,1599,22.396656,0
2022-08-10,1010,Urban,2323,15.545034,1
2023-08-26,1004,Urban,1406,23.647071,0
2023-05-20,1002,Rural,769,6.871246,0
2022-05-31,1005,Suburban,1386,6.606253,0
2023-04-30,1004,Rural,1338,14.472861,1
2022-04-07,1002,Urban,1030,6.603539,0
2023-08-11,1002,Suburban,1391,10.619515,1
2022-03-16,1003,Suburban,1374,11.554609,1
2022-08-30,1009,Urban,1705,21.165579,1
2022-04-23,1010,Urban,1593,8.993578,0
2023-09-23,1008,Urban,1838,10.167009,0
2022-07-27,1002,Rural,796,10.595044,0
2023-06-28,1007,Suburban,397,27.821913,0
2022-03-26,1003,Suburban,829,10.644395,0
2023-11-24,1002,Rural,910,9.030132,0
2023-05-09,1005,Urban,731,10.916804,0
2022-06-24,1005,Rural,1209,6.849345,0
2023-06-11,1004,Suburban,1007,13.90648,0
2023-02-18,1001,Urban,1131,9.984602,0
2023-09-07,1003,Rural,1043,10.201905,1
2023-11-22,1008,Urban,939,16.669304,1
2022-06-13,1010,Urban,1183,12.050189,0
2022-10-04,1006,Rural,1185,9.526992,0
2022-08-11,1005,Suburban,603,8.682164,0
2022-05-04,1003,Suburban,904,10.983052,0
2023-11-12,1003,Suburban,1179,11.692544,0
2022-01-15,1007,Urban,945,25.902355,0
2022-02-09,1005,Suburban,1457,11.407982,1
2022-09-24,1005,Rural,1498,6.37701,1
2022-06-11,1003,Urban,1296,14.854867,0
2022-07-18,1009,Urban,451,23.04252,0
2022-05-31,1004,Urban,919,19.05693,0
2023-06-16,1005,Suburban,1800,6.667747,1
2022-07-07,1008,Urban,1900,15.078953,1
2022-08-31,1002,Rural,965,8.771001,0
2022-01-12,1001,Suburban,868,11.045756,0
2023-05-19,1001,Rural,507,9.424267,0
2023-04-20,1002,Suburban,795,8.407735,0
2022-04-25,1005,Urban,377,8.659834,0
2022-03-07,1003,Urban,1233,12.027741,1
2022-02-11,1009,Suburban,2419,29.944896,1
2023-08-28,1001,Rural,591,11.549061,0
2023-06-02,1008,Urban,818,12.669151,0
2023-03-30,1008,Urban,541,21.31937,0
2022-11-07,1009,Urban,1422,32.798885,1
2023-07-16,1003,Urban,1518,12.407025,0
2023-03-29,1001,Suburban,2446,10.053222,1
2023-03-22,1010,Rural,1383,11.356447,1
2022-08-11,1002,Suburban,919,9.0771,0
2022-04-19,1010,Rural,742,12.190059,0
2023-04-30,1009,Rural,1321,21.144222,0
2022-12-12,1007,Urban,1860,21.548206,1
2023-09-22,1006,Urban,1658,4.957396,0
2022-04-05,1002,Urban,1377,8.967081,0
2022-11-22,1002,Urban,715,9.863001,0
2022-01-10,1006,Suburban,1310,9.711727,0
2023-09-20,1006,Suburban,781,7.856073,0
2023-06-12,1004,Urban,1528,23.254472,1
2022-04-06,1004,Urban,780,17.215034,0
2023-06-05,1002,Urban,2046,9.14765,1
2023-05-08,1007,Urban,1022,24.03471,0
2022-05-16,1005,Urban,1455,7.266592,1
2023-03-14,1009,Suburban,1548,30.716421,1
2023-02-05,1008,Rural,722,13.392028,0
2022-11-23,1008,Urban,1086,16.069219,0
2023-09-26,1004,Urban,869,19.653569,0
2022-02-03,1006,Rural,877,4.855491,0
2023-08-19,1004,Suburban,1024,24.307924,1
2023-08-09,1005,Rural,870,6.914542,0
2022-01-12,1007,Suburban,1156,21.267393,0
2023-05-07,1006,Rural,380,4.188026,0
2023-11-25,1002,Suburban,1240,12.91226,0
2023-05-23,1003,Urban,626,19.551006,1
2023-11-03,1010,Suburban,1435,15.641847,1
2023-02-26,1002,Urban,1592,10.670567,0
2022-11-13,1001,Urban,2025,14.00395,1
2022-08-03,1006,Urban,1245,6.794427,0
2022-01-28,1002,Suburban,395,9.474868,0
2023-07-12,1001,Suburban,677,14.770934,0
2023-04-20,1004,Urban,1293,20.811701,1
2023-06-23,1001,Urban,997,8.401277,0
2022-10-27,1004,Urban,975,14.3148,0
2023-07-07,1007,Rural,1335,15.10953,1
2022-04-29,1006,Urban,592,5.586798,0
2023-10-27,1004,Suburban,961,20.83049,0
2023-07-01,1003,Suburban,1572,10.051945,1
2022-08-23,1003,Rural,671,15.155987,0
2023-10-10,1005,Urban,1118,9.484213,0
2023-03-23,1008,Urban,1066,12.874082,0
2023-11-09,1010,Urban,1674,10.658813,1
2022-08-09,1007,Suburban,1121,20.37973,0
2023-01-19,1005,Suburban,765,8.65226,0
2022-05-08,1001,Suburban,933,12.035166,0
2022-04-24,1003,Suburban,1184,16.908937,0
2022-01-20,1005,Suburban,882,5.548304,1
2022-05-08,1002,Urban,851,12.341809,0
2023-08-22,1006,Suburban,724,9.725302,0
2022-02-26,1006,Urban,1667,7.823307,0
2023-03-12,1009,Urban,1269,36.233839,0
2022-04-06,1010,Suburban,1501,9.330131,1
2022-06-04,1010,Urban,2521,11.869359,1
2023-10-21,1002,Rural,1036,12.427622,1
2022-11-15,1005,Suburban,941,11.808114,0
2022-10-10,1009,Suburban,673,25.407949,1
2022-12-28,1007,Suburban,786,22.84315,0
2023-03-06,1005,Urban,1688,5.42426,1
2023-09-17,1004,Urban,593,20.464127,1
2023-07-29,1009,Suburban,2010,33.634029,1
2022-07-05,1009,Rural,591,23.724083,0
2023-01-17,1001,Rural,717,13.357662,0
2023-04-24,1002,Urban,781,6.038464,0
2022-08-25,1009,Rural,765,31.495698,1
2022-07-24,1004,Urban,557,21.408641,0
2022-11-18,1003,Urban,1255,18.408572,0
2023-01-30,1006,Suburban,550,7.252584,0
2022-08-18,1010,Urban,537,15.751968,0
2023-11-16,1007,Urban,1112,17.657535,0
2023-02-12,1008,Rural,669,10.035854,0
2022-02-09,1003,Suburban,990,10.722194,0
2023-04-01,1005,Suburban,1179,11.462721,0
2023-03-05,1003,Suburban,506,19.241337,0
2022-09-04,1008,Urban,1702,16.045723,0
2022-02-01,1009,Suburban,637,34.315426,0
2023-07-22,1009,Urban,1052,21.17061,0
2023-04-20,1009,Rural,641,26.850699,0
2023-02-26,1008,Urban,813,11.967422,0
2023-11-14,1001,Urban,1004,14.850029,0
2022-06-14,1005,Urban,916,9.093352,1
2023-06-04,1007,Urban,1149,23.026418,0
2022-06-23,1010,Rural,681,17.290654,1
2022-06-06,1004,Rural,175,20.486196,0
2023-01-14,1009,Urban,657,36.139234,0
2022-01-30,1008,Suburban,789,17.506416,0
2023-02-11,1006,Suburban,1605,7.539775,1
2023-09-29,1004,Rural,900,20.91985,0
2022-03-23,1008,Rural,948,19.265494,0
2023-08-26,1005,Rural,1097,5.240924,0
2023-06-27,1010,Suburban,1308,11.881516,0
2023-01-14,1003,Suburban,1202,12.891316,1
2022-05-19,1003,Urban,1501,14.04008,0
2022-02-25,1002,Suburban,691,10.199543,0
2022-08-19,1006,Suburban,650,5.099279,0
2023-07-24,1006,Rural,1094,9.762754,0
2023-01-01,1004,Urban,1981,14.592249,0
2023-02-17,1006,Urban,829,8.561871,0
2023-08-09,1010,Rural,1345,9.38048,1
2022-07-07,1004,Urban,1527,17.189073,0
2023-04-07,1006,Urban,1248,4.675575,0
2022-02-12,1007,Urban,1162,20.898775,0
2022-05-30,1006,Urban,608,5.932531,0
2023-01-25,1008,Urban,666,12.814904,0
2022-03-23,1002,Urban,544,8.206944,0
2023-01-07,1001,Suburban,596,9.493168,0
2022-12-03,1004,Urban,722,23.62924,0
2022-12-28,1009,Rural,672,27.215826,0
2023-02-04,1002,Urban,2029,10.478505,1
2022-03-15,1006,Rural,677,8.034307,0
2023-06-11,1010,Suburban,825,14.743598,0
2023-03-24,1006,Suburban,360,4.219997,1
2023-08-03,1008,Suburban,805,19.248373,0
2023-06-25,1005,Urban,1399,5.427263,0
2023-10-14,1001,Urban,2346,9.76052,1
2022-03-15,1002,Rural,302,13.437413,1
2022-12-11,1010,Rural,959,10.126573,0
2022-01-30,1003,Urban,1106,16.918993,1
2022-11-22,1002,Rural,1131,13.932456,1
2022-01-11,1001,Rural,1019,14.52093,1
2022-06-18,1009,Rural,783,39.462489,0
2023-09-10,1010,Urban,794,12.359691,1
2022-11-05,1004,Suburban,1132,14.463404,0
2022-04-11,1009,Urban,1883,26.150573,1
2022-07-04,1009,Suburban,1053,28.725872,0
2022-12-19,1007,Urban,1405,26.007014,0
2022-12-09,1005,Rural,1172,10.693878,0
2022-10-31,1004,Rural,732,13.646353,0
2022-07-23,1002,Suburban,1368,13.128906,0
2023-06-19,1009,Urban,1195,44.29555,0
2022-01-03,1008,Rural,626,19.437201,0
2023-02-20,1001,Urban,1822,9.150743,1
2023-09-23,1010,Urban,1959,9.25146,1
2022-06-21,1005,Urban,541,11.788416,1
2023-07-24,1003,Urban,1433,10.761564,1
2022-06-08,1009,Suburban,608,31.611045,0
2023-06-12,1002,Urban,1003,11.955392,0
2023-02-19,1003,Suburban,854,12.466569,0
2022-06-16,1001,Rural,965,14.892296,0
2022-04-14,1006,Rural,1250,7.918422,1
2023-03-24,1009,Urban,1119,36.06963,1
2022-09-09,1007,Urban,997,26.283092,1
2022-03-31,1008,Suburban,734,13.404327,0
2022-06-07,1002,Suburban,733,13.741954,1
2023-06-03,1009,Suburban,50,21.593089,1
2022-05-04,1007,Suburban,1380,29.905097,0
2022-08-19,1005,Urban,1072,6.844679,0
2022-07-04,1009,Urban,1315,37.366848,1
2022-05-12,1003,Suburban,864,11.486912,0
2022-09-25,1008,Urban,1332,20.288303,0
2023-07-26,1001,Urban,1214,10.524701,1
2022-08-31,1006,Rural,664,5.433722,0
2022-05-18,1005,Suburban,152,6.975268,0
2023-11-21,1001,Suburban,1221,12.192655,0
2022-01-18,1001,Rural,657,10.131077,0
2022-06-27,1002,Urban,398,6.911762,0
2023-08-10,1006,Rural,568,9.889625,0
2022-12-30,1009,Suburban,817,30.53044,0
2023-03-29,1006,Urban,850,4.583177,1
2022-04-22,1007,Rural,913,24.269701,0
2023-07-07,1005,Suburban,483,5.548601,0
2022-09-25,1008,Urban,781,16.092802,0
2023-08-13,1009,Urban,863,28.307515,0
2022-05-07,1001,Urban,1596,10.70174,0
2022-10-08,1010,Urban,1494,8.830276,1
2022-01-04,1010,Suburban,558,11.68245,0
2023-07-24,1006,Urban,741,8.07563,0
2023-01-18,1003,Urban,1074,17.240419,0
2022-06-12,1009,Rural,1268,32.953284,1
2022-11-21,1006,Suburban,1157,6.794091,0
2022-05-05,1008,Suburban,1381,16.670023,1
2022-01-02,1004,Suburban,1523,20.892962,0
2023-06-16,1009,Suburban,1055,37.381981,0
2022-10-23,1001,Suburban,1008,13.717467,1
2022-09-06,1010,Urban,1067,11.34509,0
2023-03-21,1003,Urban,772,13.963352,0
2022-01-30,1005,Suburban,1014,9.428052,0
2022-11-23,1008,Suburban,996,16.849193,0
2022-02-25,1004,Rural,1455,19.133316,0
2023-10-06,1002,Rural,350,10.450907,0
2022-06-22,1006,Urban,1326,6.187593,0
2023-08-08,1009,Suburban,693,41.029144,0
2022-03-27,1007,Urban,1487,19.880787,0
2022-06-24,1010,Suburban,817,10.975119,0
2023-11-02,1006,Urban,1058,8.587004,0
2022-02-14,1002,Urban,1343,6.746714,0
2022-06-18,1003,Rural,1083,16.271914,1
2023-11-06,1002,Suburban,1221,13.014767,1
2022-03-06,1003,Urban,849,12.303436,1
2023-02-19,1008,Rural,774,20.613496,0
2023-07-12,1004,Urban,637,24.643002,0
2022-03-17,1006,Urban,1721,8.951443,1
2022-06-05,1010,Urban,1650,9.361599,1
2023-07-10,1004,Rural,631,16.904511,0
2022-11-26,1008,Suburban,1510,17.866775,0
2022-01-29,1005,Urban,919,6.667019,0
2023-09-10,1008,Urban,1228,21.870447,1
2023-02-05,1010,Urban,1319,16.297627,0
2023-05-11,1007,Urban,1245,24.790495,0
2022-01-12,1008,Suburban,551,21.046106,0
2022-06-10,1002,Urban,1298,6.710695,1
2023-08-13,1006,Rural,438,8.103397,0
2023-09-06,1004,Urban,1370,13.307068,0
2022-05-03,1003,Suburban,456,15.952529,0
2023-02-07,1004,Suburban,1248,23.268365,0
2023-03-18,1008,Urban,677,10.364962,0
2023-01-09,1002,Suburban,829,6.695236,0
2022-08-06,1004,Urban,1094,16.893253,0
2022-10-11,1002,Suburban,992,11.945795,0
2023-06-22,1009,Urban,1534,23.657876,1
2023-02-09,1003,Urban,1183,12.02059,0
2023-02-06,1006,Suburban,822,6.350767,0
2022-12-25,1002,Urban,1913,8.912419,0
2023-10-07,1009,Urban,2391,40.155556,0
2023-06-16,1003,Suburban,1449,10.200223,0
2023-10-17,1001,Urban,1811,14.446188,0
2023-05-03,1010,Suburban,781,17.986289,0
2023-04-16,1009,Urban,1039,40.575697,0
2023-04-23,1001,Suburban,1589,8.84132,1
2023-01-10,1001,Suburban,796,11.092041,0
2023-05-14,1002,Urban,1461,10.833372,0
2022-06-16,1010,Suburban,641,10.702301,0
2023-01-09,1002,Rural,408,9.022966,0
2022-10-21,1002,Urban,698,12.780932,0
2023-09-21,1003,Rural,517,18.794107,0
2023-03-08,1002,Urban,1468,13.357291,0
2022-06-17,1007,Suburban,997,19.593519,0
2023-04-23,1009,Rural,805,38.664965,0
2022-03-16,1008,Urban,679,12.187638,0
2022-12-15,1001,Rural,903,14.412398,1
2023-01-18,1006,Suburban,912,7.961436,0
2022-07-17,1003,Urban,1700,19.279915,1
2022-04-26,1004,Urban,1325,18.433931,1
2022-09-10,1004,Suburban,309,19.202306,0
2022-09-27,1004,Suburban,743,16.739928,0
2023-03-31,1006,Urban,1104,6.409762,0
2023-01-31,1004,Rural,490,19.987411,0
2022-08-16,1003,Suburban,1229,13.200957,0
2023-11-04,1006,Urban,2321,9.156153,1
2022-10-03,1004,Rural,555,16.483097,0
2023-02-23,1002,Urban,1501,11.380317,1
2022-10-10,1007,Urban,1652,29.784395,0
2022-09-25,1003,Rural,1299,10.900938,1
2022-02-05,1004,Rural,1526,20.904854,1
2022-10-01,1001,Urban,1351,12.285999,1
2022-07-20,1009,Urban,480,37.195976,0
2022-04-03,1002,Suburban,325,9.596524,0
2023-03-24,1007,Urban,1900,17.167034,0
2023-04-16,1005,Urban,1314,11.029453,1
2022-10-11,1004,Urban,1784,22.372226,1
2023-08-20,1004,Suburban,1226,19.319867,0
2022-01-11,1002,Rural,672,11.267323,1
2022-02-13,1005,Urban,1500,10.435832,0
2023-04-23,1002,Rural,1295,8.640486,1
2022-06-25,1010,Rural,1848,11.21908,1
2023-02-18,1003,Suburban,1149,13.799973,0
2022-04-11,1006,Urban,1305,8.541272,0
2023-09-19,1003,Rural,587,12.805199,0
2022-12-04,1001,Suburban,1940,9.072639,1
2022-02-14,1001,Urban,564,9.890734,0
2023-08-17,1010,Urban,1692,10.978714,1
2022-07-14,1006,Rural,403,8.564825,0
2023-08-20,1001,Urban,1291,13.44564,0
2022-12-15,1003,Suburban,1725,16.652052,1
2022-10-08,1008,Rural,862,13.895823,1
2022-04-24,1003,Urban,1350,19.702259,0
2022-09-05,1001,Suburban,1040,9.010608,0
2023-01-02,1010,Suburban,1321,9.448214,0
2023-04-19,1007,Rural,1006,25.19231,1
2022-05-02,1008,Suburban,734,10.281378,0
2023-07-31,1003,Rural,743,13.230155,0
2022-12-14,1010,Suburban,736,16.212194,0
2022-03-26,1005,Suburban,1284,7.120926,1
2022-07-27,1001,Urban,2103,11.200782,1
2023-01-27,1005,Suburban,1122,7.91488,0
2022-06-11,1010,Suburban,839,10.081128,0
2022-09-07,1010,Suburban,962,11.564711,0
2023-01-10,1002,Rural,676,11.822684,0
2023-02-10,1006,Urban,1552,4.666984,0
2022-01-09,1002,Urban,1575,10.740695,1
2023-04-30,1006,Suburban,2156,8.527364,1
2023-05-01,1009,Urban,891,31.9759,0
2023-09-13,1010,Suburban,1385,17.069803,1
2023-09-28,1006,Suburban,949,5.280064,0
2022-12-19,1009,Urban,761,41.264884,0
2022-12-05,1002,Suburban,1748,10.604232,0
2022-06-30,1006,Urban,1642,5.644578,0
2023-10-13,1005,Suburban,769,10.880442,0
2022-02-24,1009,Urban,942,20.608903,0
2023-06-23,1008,Rural,845,18.719934,0
2023-10-16,1009,Rural,786,27.543977,1
2023-01-16,1010,Suburban,851,17.387943,0
2022-09-07,1010,Urban,1207,15.331259,0
2023-02-05,1006,Rural,940,6.912235,0
2022-11-18,1003,Rural,524,17.861856,0
2022-05-13,1006,Suburban,1417,6.796001,1
2023-05-04,1003,Urban,1148,10.837363,0
2023-11-20,1010,Suburban,1225,12.083099,1
2022-11-19,1002,Rural,950,10.176156,1
2023-05-19,1004,Rural,929,16.524845,0
2023-02-23,1008,Urban,552,13.385955,1
2022-04-18,1005,Suburban,774,9.132654,0
2022-03-12,1009,Urban,1594,38.157223,0
2023-07-21,1002,Rural,1114,7.622964,0
2022-12-10,1008,Urban,1114,14.041556,1
2023-01-13,1010,Urban,1420,9.437804,0
2022-01-18,1004,Urban,1391,22.782662,0
2022-09-04,1005,Urban,2185,7.042754,1
2023-08-05,1001,Suburban,1133,8.283694,0
2022-01-08,1009,Suburban,963,32.009629,0
2022-11-06,1005,Rural,1641,10.552844,1
2023-06-26,1006,Urban,1508,6.792453,1
2022-02-02,1006,Rural,923,9.979288,1
2022-03-02,1007,Rural,521,24.047436,0
2023-05-16,1008,Urban,1075,20.098608,0
2022-09-09,1008,Urban,1623,13.577094,1
2022-01-18,1004,Suburban,1348,17.220698,1
2023-06-28,1004,Urban,1327,14.204865,1
2023-09-10,1010,Suburban,1021,15.058409,0
2022-08-25,1003,Rural,867,16.357583,1
2023-09-14,1003,Suburban,577,19.287948,0
2023-01-13,1008,Urban,996,18.472192,0
2023-05-09,1003,Urban,1664,16.011304,0
2022-05-13,1004,Suburban,874,14.795221,0
2023-09-04,1005,Urban,1765,5.739553,1
2022-04-15,1001,Urban,655,8.340553,0
2022-06-04,1002,Suburban,693,9.310696,0
2022-11-22,1002,Urban,1844,8.290805,0
2022-01-17,1009,Urban,822,42.232807,0
2023-05-24,1010,Urban,716,8.749618,1
2023-03-24,1002,Rural,878,9.269242,0
2022-06-02,1005,Suburban,1148,6.996503,0
2022-03-09,1001,Suburban,950,10.314502,0
2023-02-13,1006,Suburban,874,8.287126,0
2023-01-04,1001,Urban,1261,14.864858,0
2023-01-03,1004,Rural,349,19.244447,0
2022-09-22,1008,Urban,710,21.100357,0
2022-08-14,1006,Urban,1346,8.09658,1
2022-06-04,1004,Suburban,1163,19.90938,0
2022-10-18,1005,Suburban,1347,7.235664,0
2023-04-16,1004,Urban,1143,20.814416,0
2022-05-20,1007,Rural,753,26.03936,1
2022-04-03,1003,Urban,2211,17.205861,1
2022-12-01,1002,Urban,1083,13.076325,0
2022-01-19,1004,Urban,630,18.524403,0
2023-02-16,1001,Urban,1741,14.411073,1
2022-01-08,1001,Suburban,663,13.382107,0
2022-03-28,1009,Urban,1198,38.481429,0
2023-02-09,1004,Urban,1711,17.395278,1
2023-09-10,1005,Suburban,1406,7.757109,1
2022-12-26,1006,Urban,1256,5.804778,0
2023-05-18,1007,Urban,793,28.66818,0
2023-08-24,1007,Urban,1538,23.311109,1
2022-07-27,1008,Rural,808,13.253625,0
2023-08-25,1007,Urban,945,25.106407,1
2023-03-04,1006,Suburban,1021,9.041889,0
2022-01-19,1003,Rural,273,11.984954,1
2023-03-14,1010,Suburban,1261,12.932613,0
2022-08-17,1009,Suburban,1217,26.388121,1
2022-11-19,1010,Urban,1362,9.590535,0
2022-03-26,1002,Suburban,1055,13.30756,0
2022-02-17,1005,Urban,1415,11.678902,0
2022-01-18,1005,Suburban,803,8.769355,0
2023-08-30,1009,Urban,1018,33.926243,0
2022-10-15,1004,Suburban,1332,17.290042,1
2022-07-05,1010,Urban,1041,17.723564,1
2023-04-21,1003,Suburban,339,10.661074,0
2023-04-23,1009,Suburban,1136,30.392705,1
2022-05-16,1009,Urban,1029,43.134112,0
2022-03-15,1002,Suburban,913,6.322151,0
2022-12-15,1010,Suburban,499,13.122913,0
2023-09-03,1002,Urban,1292,6.715609,0
2022-01-13,1007,Urban,1867,27.01441,1
2023-08-18,1006,Urban,1512,4.306572,0
2022-12-12,1007,Suburban,1274,17.004013,0
2023-11-10,1007,Urban,1397,29.923173,0
2023-07-30,1010,Suburban,772,16.36836,0
2022-06-09,1010,Suburban,1222,11.665374,1
2023-05-15,1010,Rural,595,17.060171,0
2023-01-18,1001,Urban,1758,13.670029,0
2022-09-25,1001,Urban,191,8.860096,0
2023-04-18,1001,Suburban,1104,11.521786,0
2023-10-09,1009,Rural,437,28.789124,0
2023-05-04,1008,Suburban,1234,17.952293,0
2023-10-20,1001,Urban,1338,13.676546,0
2022-07-13,1005,Urban,1128,8.158319,0
2022-10-23,1005,Suburban,1128,11.654869,0
2022-09-29,1006,Urban,956,8.276789,0
2023-01-19,1003,Urban,892,16.884677,0
2022-01-26,1002,Urban,1216,11.060512,0
2023-09-11,1008,Suburban,756,21.823611,0
2023-10-19,1008,Urban,2389,17.693939,1
2022-04-15,1003,Suburban,1023,14.723349,0
2023-02-21,1007,Urban,1951,28.430358,1
2023-07-13,1009,Urban,760,41.066809,0
2022-01-15,1007,Rural,1093,22.997886,1
2023-09-28,1004,Suburban,647,14.57706,0
2022-02-23,1010,Urban,879,11.099527,0
2023-03-22,1005,Urban,1559,6.292355,0
2022-05-31,1003,Rural,567,19.665054,1
2023-03-21,1003,Suburban,1441,18.886725,1
2023-08-04,1005,Rural,1146,7.327649,0
2022-06-19,1006,Urban,1762,7.384704,1
2023-11-20,1002,Rural,824,9.026324,0
2023-11-19,1009,Suburban,703,41.667717,0
2023-11-05,1010,Urban,1659,9.234224,1
2022-02-19,1009,Rural,1017,38.648171,0
2023-03-27,1004,Suburban,1203,24.5177,0
2023-10-03,1008,Urban,977,16.289083,0
2022-06-11,1010,Urban,1070,17.559333,0
2023-10-31,1001,Rural,624,9.073238,0
2022-01-23,1010,Rural,502,9.411591,1
2023-08-05,1007,Urban,1956,16.809201,0
2023-07-09,1004,Urban,2178,23.523266,0
2022-08-28,1006,Suburban,1430,5.327834,0
2022-08-23,1010,Rural,593,10.551195,0
2022-03-24,1005,Urban,1377,6.842397,0
2023-11-29,1008,Rural,657,18.859581,0
2023-07-25,1001,Suburban,805,9.543121,0
2023-01-13,1002,Urban,1021,10.6355,0
2023-09-20,1006,Urban,1111,7.019205,0
2022-11-26,1010,Suburban,552,16.107052,0
2022-12-13,1005,Rural,751,10.809843,0
2023-07-10,1010,Suburban,1690,16.060742,1
2022-04-19,1003,Rural,593,13.127959,1
2023-01-13,1006,Suburban,385,6.604561,0
2022-08-19,1007,Urban,1729,26.611806,0
2023-01-28,1002,Rural,763,11.459046,0
2023-05-19,1003,Suburban,989,13.636697,0
2023-07-27,1004,Suburban,1234,24.091316,0
2022-07-11,1008,Urban,835,16.548456,0
2022-05-04,1002,Suburban,1328,13.568097,0
2022-07-07,1001,Urban,1130,13.692011,0
2022-04-21,1004,Rural,50,22.117441,0
2022-12-30,1009,Urban,1145,32.387163,0
2022-03-31,1005,Rural,456,8.34358,0
2022-02-05,1005,Suburban,1191,5.982162,0
2022-11-18,1005,Urban,1243,10.021057,0
2023-03-29,1003,Rural,494,14.978205,0
2022-04-09,1003,Urban,1367,19.054459,0
2022-11-03,1009,Urban,1554,26.156123,0
2022-02-25,1002,Urban,711,12.998078,0
2023-10-07,1008,Suburban,1128,12.329611,0
2022-05-06,1010,Urban,1033,13.12031,0
2022-11-04,1007,Rural,954,26.701225,1
2023-08-28,1007,Suburban,773,20.342925,0
2023-11-18,1007,Rural,1007,21.038518,1
2022-07-24,1009,Urban,519,30.404505,0
2022-05-17,1001,Urban,1028,11.775053,0
2023-05-28,1001,Urban,1537,14.19957,1
2022-04-03,1009,Urban,1183,28.675761,0
2022-08-20,1003,Suburban,1005,13.632196,0
2022-02-26,1009,Urban,1403,32.740448,1
2022-01-20,1004,Suburban,789,20.773481,1
2022-08-27,1007,Rural,1555,29.621731,1
2022-01-11,1006,Suburban,562,5.773533,0
2022-12-19,1002,Rural,554,6.435331,0
2022-07-16,1004,Urban,783,15.161794,0
2022-06-17,1006,Suburban,980,8.521161,0
2022-11-26,1005,Suburban,978,7.272194,1
2022-03-09,1005,Urban,1453,7.565891,0
2023-10-26,1004,Urban,1730,14.258248,0
2023-11-13,1002,Rural,50,12.631383,1
2022-05-06,1009,Urban,629,22.522809,1
2023-08-21,1002,Urban,1730,10.391093,1
2023-07-26,1004,Urban,796,14.211964,0
2022-07-19,1007,Suburban,762,15.8014,0
2022-09-17,1002,Urban,1919,9.794172,0
2022-04-12,1001,Urban,1082,8.315467,0
2022-12-25,1004,Urban,915,22.192647,0
2022-06-09,1009,Rural,515,22.981691,1
2023-08-19,1008,Urban,1457,15.418839,0
2023-08-11,1009,Urban,1302,42.401827,0
2022-12-19,1002,Urban,1555,12.381374,1
2023-07-16,1009,Urban,1090,44.5893,1
2023-03-29,1008,Rural,850,11.901119,1
2022-12-12,1001,Rural,362,11.357588,0
2022-02-10,1001,Urban,814,9.244364,0
2022-11-02,1007,Urban,1315,25.044706,1
2022-06-03,1007,Rural,813,17.687411,0
2022-08-17,1010,Suburban,1573,16.404531,1
2022-03-22,1010,Urban,2257,14.833104,1
2023-03-26,1007,Rural,555,17.494706,0
2022-04-02,1007,Suburban,612,19.904568,0
2022-05-23,1005,Suburban,706,10.988505,0
2022-10-26,1005,Suburban,1494,9.652258,1
2022-12-30,1003,Urban,798,12.61227,1
2022-07-25,1001,Suburban,467,10.698389,1
2022-02-20,1010,Urban,1594,8.686791,1
2022-03-02,1010,Rural,1098,16.096385,1
2022-03-09,1006,Rural,707,6.660891,0
2022-02-18,1002,Urban,866,8.242659,0
2023-10-03,1009,Urban,1466,21.322343,1
2022-05-23,1003,Urban,1822,10.302256,1
2022-01-01,1005,Urban,1769,9.057957,0
2023-09-26,1005,Rural,1436,7.091375,1
2023-10-06,1010,Suburban,1144,14.82397,0
2023-03-25,1006,Rural,869,5.998735,0
2022-10-23,1002,Rural,581,11.34273,0
2023-10-01,1004,Rural,839,14.850464,1
2023-02-03,1010,Suburban,820,17.580093,0
2023-07-23,1002,Urban,1375,9.73955,0
2023-06-03,1001,Urban,1176,10.258603,0
2022-11-07,1007,Urban,680,29.122356,0
2022-11-09,1007,Urban,1248,28.64295,0
2023-02-05,1003,Rural,670,15.62985,0
2022-02-10,1007,Rural,857,16.443104,0
2023-03-15,1010,Suburban,1495,14.091549,0
2022-10-18,1008,Suburban,1049,16.608256,1
2022-05-18,1003,Urban,1426,10.130287,0
2022-04-26,1004,Urban,1473,16.222382,1
2022-10-16,1003,Suburban,488,14.763388,0
2023-06-28,1002,Urban,1669,10.881245,1
2023-01-12,1007,Urban,1316,24.483162,0
2022-03-03,1005,Rural,722,9.78701,0
2023-11-29,1004,Urban,785,21.798812,0
2022-10-30,1001,Suburban,1075,11.817737,0
2023-08-13,1010,Suburban,895,11.653856,0
2023-02-20,1008,Urban,1229,15.271259,0
2023-10-26,1001,Urban,1075,13.865653,0
2022-08-17,1003,Urban,1003,16.565864,0
2023-03-17,1001,Urban,1030,10.820812,0
2023-06-08,1001,Urban,2053,12.999548,1
2023-06-14,1002,Suburban,1294,13.651144,0
2023-04-18,1005,Suburban,772,10.345009,0
2022-03-31,1003,Urban,1038,18.410579,0
2023-10-31,1001,Suburban,1303,11.65193,1
2022-01-30,1004,Rural,1196,15.460155,0
2023-01-06,1009,Urban,1178,21.418283,0
2023-11-22,1009,Rural,977,42.222981,0
2023-08-02,1007,Suburban,1007,19.509068,0
2022-12-11,1006,Urban,1708,9.51295,1
2022-12-12,1007,Urban,1622,17.184092,1
2022-12-18,1004,Suburban,1672,20.641687,0
2022-01-08,1009,Suburban,1256,26.743102,1
2023-02-02,1009,Suburban,768,33.410279,0
2022-01-21,1006,Urban,1869,8.035706,0
2023-06-23,1003,Urban,529,16.531972,0
2022-04-27,1002,Urban,2576,9.917397,1
2022-07-22,1010,Suburban,118,14.158205,0
2023-10-07,1007,Suburban,986,24.13794,0
2023-09-26,1006,Urban,1662,7.426457,1
2023-10-09,1005,Rural,544,9.482545,0
2023-06-21,1007,Suburban,801,27.341099,0
2023-05-22,1001,Urban,608,10.586001,0
2022-11-20,1009,Urban,1685,26.560314,0
2022-07-30,1001,Suburban,1281,8.838862,0
2023-01-29,1001,Urban,2080,11.477615,1
2022-10-07,1010,Suburban,1849,11.543752,1
2023-05-03,1005,Suburban,894,10.274087,0
2022-08-26,1010,Rural,627,11.975948,0
2023-06-27,1005,Rural,564,6.583204,0
2023-01-23,1009,Suburban,612,28.452033,0
2022-09-19,1008,Rural,1096,12.933003,0
2023-11-11,1006,Rural,201,5.210498,0
2023-11-06,1008,Suburban,1093,19.322667,1
2022-01-17,1003,Suburban,984,11.241348,0
2023-02-21,1010,Urban,958,10.261077,1
2022-04-28,1004,Urban,637,16.261823,0
2022-07-30,1004,Urban,1316,24.160859,0
2023-08-28,1010,Suburban,1209,14.208183,1
2023-05-20,1003,Suburban,1093,13.899615,0
2022-06-06,1010,Urban,1801,13.500595,1
2022-01-20,1006,Suburban,1179,8.892131,0
2022-05-18,1006,Suburban,927,9.134836,0
2022-02-05,1005,Rural,1062,8.269562,0
2023-05-08,1009,Suburban,633,44.345805,0
2023-07-27,1010,Urban,1270,11.954545,0
2023-08-10,1003,Urban,724,10.359753,0
2022-03-09,1007,Urban,241,15.427149,0
2023-01-19,1010,Rural,875,12.010312,0
2022-03-04,1007,Urban,1420,25.000268,0
2023-06-23,1008,Urban,1783,12.642254,0
2023-11-14,1003,Urban,1600,10.279462,0
2022-07-24,1008,Urban,1464,21.40015,0
2022-05-23,1004,Urban,1146,18.236955,0
2023-06-13,1002,Rural,1843,6.531787,1
2022-02-27,1004,Urban,1150,22.875655,0
2022-12-04,1004,Suburban,1424,13.803564,0
2022-10-23,1009,Suburban,906,36.705599,0
2022-12-21,1001,Suburban,832,14.954691,0
2022-12-06,1003,Urban,1779,13.167361,1
2023-02-19,1008,Rural,1199,10.550232,0
2023-08-14,1009,Urban,818,30.923808,0
2023-09-05,1007,Rural,728,16.951038,0
2023-01-07,1005,Suburban,730,7.672377,0
2022-09-01,1003,Suburban,991,13.281853,0
2023-04-06,1010,Urban,1750,15.319983,1
2022-06-20,1006,Urban,1901,7.490401,1
2022-10-16,1001,Rural,844,10.984304,1
2023-06-25,1008,Suburban,986,10.696972,0
2022-04-29,1008,Rural,942,10.470164,0
2023-04-19,1007,Suburban,1272,17.802631,0
2022-08-23,1009,Rural,621,31.923551,0
2022-12-06,1009,Suburban,773,35.865821,0
2023-02-28,1008,Urban,1499,14.079627,0
2022-05-31,1004,Urban,1161,13.340441,0
2022-01-30,1006,Urban,1030,6.775262,0
2022-09-04,1003,Urban,466,10.790697,0
2022-04-22,1002,Urban,637,6.818905,0
2023-05-27,1008,Suburban,1033,17.01993,0
2022-11-10,1006,Urban,1175,7.883032,0
2022-03-13,1005,Urban,681,9.764488,0
2022-02-25,1007,Suburban,816,16.070691,0
2022-12-03,1007,Urban,1888,23.917102,1
2022-07-10,1004,Suburban,1159,18.840656,1
2023-07-03,1002,Urban,1438,8.621598,0
2022-06-30,1010,Suburban,1173,13.562035,1
2022-11-16,1007,Urban,854,15.76517,0
2023-08-28,1001,Rural,408,9.31345,0
2023-01-07,1006,Suburban,774,4.987336,1
2022-01-05,1003,Rural,624,16.761966,0
2023-07-04,1002,Urban,2145,6.093644,1
2022-04-02,1001,Suburban,2272,8.746866,1
2022-06-26,1008,Suburban,1039,16.025034,1
2023-04-20,1008,Urban,1588,11.732378,1
2023-06-10,1001,Suburban,1603,10.225497,1
2023-09-25,1008,Suburban,1208,15.020735,1
2023-05-03,1001,Rural,666,14.419228,0
2022-09-01,1007,Suburban,1399,23.836679,1
2022-03-14,1001,Suburban,787,10.521625,0
2022-12-14,1002,Rural,1297,8.032173,0
2023-04-19,1004,Urban,1868,13.574537,1
2022-01-17,1001,Rural,1014,14.923869,0
2022-07-13,1001,Suburban,810,8.146642,0
2022-11-09,1005,Suburban,393,5.138493,0
2022-11-29,1001,Suburban,1202,11.206335,0
2023-09-28,1001,Urban,1015,9.300543,0
2023-01-12,1010,Suburban,844,13.350522,0
2023-03-26,1002,Rural,368,6.727572,0
2023-03-20,1009,Rural,1100,42.335077,1
2023-02-17,1007,Suburban,1365,24.538492,0
2023-09-05,1009,Suburban,564,24.961495,0
2022-05-31,1005,Suburban,897,10.603649,0
2023-06-24,1008,Urban,1307,16.929007,0
2022-09-11,1001,Suburban,794,14.35588,0
2022-11-29,1005,Rural,877,10.625943,1
2022-11-05,1002,Urban,1514,9.897477,1
2022-08-03,1003,Suburban,778,14.262603,0
2023-04-03,1001,Suburban,546,13.874759,1
2022-12-10,1003,Rural,668,13.408617,0
2023-06-06,1006,Urban,1604,4.23519,1
2022-04-22,1003,Suburban,747,11.673034,0
2022-08-31,1002,Urban,1831,10.026936,0
2023-11-19,1010,Urban,1412,10.675338,0
2022-10-11,1002,Urban,1454,6.992575,1
2022-03-05,1004,Urban,1305,18.297519,1
2023-01-28,1002,Urban,710,10.439312,0
2022-04-17,1006,Rural,765,5.95557,0
2022-02-15,1006,Suburban,282,7.408223,1
2022-06-25,1003,Suburban,1301,18.197124,0
2022-12-15,1002,Urban,1380,12.828134,0
2023-08-30,1007,Suburban,824,15.404212,0
2022-03-04,1009,Suburban,1331,23.868134,0
2022-08-21,1007,Urban,670,16.537034,0
2023-11-10,1006,Suburban,1159,7.028863,1
2022-03-09,1002,Suburban,1351,9.27992,0
2022-11-25,1007,Urban,948,18.351178,0
2022-06-26,1008,Suburban,1699,19.439076,1
2023-11-20,1001,Urban,1191,13.69997,1
2023-04-17,1003,Urban,1197,12.594842,0
2023-03-30,1001,Rural,771,9.028221,0
2022-11-16,1005,Urban,1186,5.385068,0
2022-01-17,1004,Rural,1204,21.426684,1
2023-08-17,1009,Urban,2423,31.708394,1
2022-08-26,1010,Urban,1046,11.372942,1
2022-05-13,1008,Suburban,993,17.125287,1
2023-10-01,1003,Suburban,491,11.191311,0
2022-09-10,1003,Suburban,1263,15.254966,1
2023-05-24,1008,Urban,1360,13.734581,0
2023-09-25,1007,Rural,823,22.842964,0
2022-09-06,1005,Suburban,1146,5.566443,0
2022-01-31,1007,Rural,1043,15.657414,1
2022-12-12,1006,Suburban,682,8.551575,0
2022-01-25,1006,Rural,485,9.761749,0
2022-08-18,1004,Suburban,1374,17.975879,0
2022-02-27,1003,Urban,1559,14.392248,0
2023-08-20,1001,Urban,1737,14.932811,1
2023-02-09,1007,Rural,888,19.53177,0
2023-06-12,1009,Urban,1890,21.394205,1
2022-05-31,1002,Urban,1056,10.628614,0
2023-09-06,1004,Urban,865,16.723446,0
2023-09-22,1004,Urban,541,12.457981,0
2022-01-31,1006,Urban,1178,4.851757,0
2023-03-15,1003,Suburban,1456,19.649851,0
2023-11-15,1008,Suburban,1232,20.046665,1
2022-01-29,1009,Rural,797,30.109692,0
2022-05-28,1001,Suburban,1603,9.468192,0
2023-08-14,1005,Urban,1020,6.176849,0
2022-11-21,1001,Suburban,1225,14.686688,0
2023-09-24,1001,Suburban,1626,13.943587,0
2022-03-14,1006,Suburban,997,5.125376,0
2022-02-23,1008,Urban,951,14.729547,0
2023-08-19,1002,Suburban,976,6.019097,0
2023-04-27,1008,Suburban,1190,17.011873,0
2023-06-24,1010,Suburban,1148,11.974962,0
2023-02-02,1009,Suburban,838,30.278512,0
2022-04-04,1002,Urban,1475,12.700165,0
2022-01-21,1003,Rural,1283,10.785028,1
2023-09-11,1008,Urban,1883,20.566369,1
2023-08-26,1006,Suburban,2117,9.442348,1
2023-11-02,1003,Urban,1967,11.417121,1
2022-07-18,1006,Rural,1150,5.90064,1
2022-10-25,1001,Suburban,1169,9.450094,0
2023-10-27,1009,Urban,1784,42.688501,1
2023-06-15,1005,Urban,1051,7.628721,1
2022-08-30,1003,Urban,1444,14.951503,1
2023-10-10,1003,Rural,1040,17.210088,0
2023-10-25,1005,Urban,536,5.590766,0
2022-01-07,1008,Urban,1554,11.049596,0
2022-07-05,1007,Urban,1294,17.271185,1
2023-01-28,1005,Urban,2037,10.076404,1
2022-06-13,1003,Rural,553,10.216881,0
2023-09-27,1001,Suburban,968,12.436911,0
2022-05-01,1004,Urban,2202,21.202147,1
2023-08-16,1002,Suburban,1198,10.621082,0
2022-09-03,1005,Rural,1304,11.927187,1
2022-01-02,1005,Suburban,1169,10.795446,1
2022-10-22,1003,Suburban,595,11.14487,0
2022-11-09,1001,Urban,910,13.561039,1
2022-02-13,1009,Suburban,1149,24.734284,1
2022-07-26,1006,Urban,1354,7.509291,1
2022-06-12,1010,Urban,1389,8.554703,0
2023-09-16,1004,Suburban,823,19.320403,0
2022-05-15,1005,Urban,2028,9.541965,1
2022-10-04,1007,Suburban,940,17.974043,0
2023-11-24,1005,Urban,1525,10.685707,0
2023-05-12,1009,Suburban,803,40.130295,0
2023-09-07,1010,Urban,2010,13.281875,1
2023-06-24,1009,Rural,1153,22.851492,1
2022-05-05,1001,Suburban,1172,10.782139,0
2023-02-07,1010,Rural,657,10.967354,0
2023-07-11,1005,Suburban,1480,6.016712,1
2023-02-18,1006,Urban,1244,5.56557,1
2022-06-14,1007,Rural,961,23.505582,0
2023-05-03,1006,Urban,542,4.958362,0
2022-07-30,1009,Suburban,1860,24.61773,1
2023-10-20,1006,Suburban,706,9.415473,0
2022-08-04,1003,Urban,1234,16.093668,1
2023-05-20,1007,Suburban,1676,19.729913,1
2023-05-06,1006,Suburban,1096,6.034297,0
2022-10-13,1006,Suburban,676,8.266037,0
2022-05-31,1009,Suburban,1328,40.506308,0
2022-03-15,1006,Urban,1667,4.837758,0
2023-09-12,1008,Urban,1525,15.127599,0
2022-06-22,1004,Urban,1277,23.387614,0
2022-04-07,1009,Urban,1542,43.050604,0
2023-02-09,1004,Suburban,994,15.751941,1
2023-06-06,1003,Urban,1007,18.60808,0
2022-10-25,1003,Urban,1876,10.378367,1
2023-07-08,1009,Suburban,1064,33.780821,0
2022-12-07,1009,Suburban,222,31.220637,0
2023-01-17,1002,Suburban,1676,11.257447,1
2023-11-11,1010,Rural,732,14.781575,0
2023-11-14,1007,Suburban,1071,26.326024,0
2023-02-21,1002,Urban,1004,11.671012,0
2023-07-11,1008,Urban,2051,20.470589,1
2022-12-16,1010,Suburban,706,14.935077,0
2023-05-10,1004,Rural,1056,21.98752,1
2023-09-07,1010,Urban,1401,16.745002,0
2022-10-21,1009,Urban,1126,33.984575,0
2023-01-20,1001,Rural,550,12.177876,0
2022-10-26,1007,Suburban,1090,25.977247,1
2023-01-10,1010,Suburban,1459,8.296414,1
2023-11-08,1002,Urban,1049,7.953723,0
2022-08-07,1005,Urban,1313,5.50825,0
2022-12-04,1005,Urban,1550,9.192762,0
2022-05-01,1007,Urban,1229,21.837083,1
2023-11-03,1002,Suburban,971,8.93899,1
2023-06-30,1004,Urban,1004,13.316668,0
2023-07-28,1004,Suburban,1133,20.705353,1
2023-03-03,1008,Urban,1540,12.214946,0
2022-05-27,1002,Suburban,1063,12.809668,0
2023-06-04,1009,Urban,1149,33.935707,0
2022-01-08,1004,Rural,333,17.803661,1
2023-01-20,1005,Suburban,1055,11.981047,0
2022-07-04,1003,Suburban,877,17.7237,0
2022-12-19,1006,Suburban,1110,7.83828,0
2023-09-01,1006,Urban,1094,4.650445,1
2022-06-23,1006,Suburban,322,5.948499,0
2022-06-13,1003,Urban,866,12.713401,0
2022-06-07,1001,Urban,1830,10.899815,0
2023-03-20,1002,Urban,890,6.865752,0
2022-07-22,1005,Rural,900,9.606365,0
2022-10-21,1008,Rural,624,19.410433,0
2022-07-16,1004,Urban,50,14.620128,0
2022-07-05,1008,Rural,1016,10.900874,0
2022-06-21,1005,Urban,338,7.928226,0
2023-02-22,1008,Urban,658,17.533678,0
2023-09-03,1005,Urban,1569,8.561414,0
2022-10-17,1002,Suburban,1160,11.883297,0
2023-10-03,1001,Rural,622,8.274079,1
2022-02-10,1004,Suburban,1016,18.443327,1
2022-09-09,1004,Rural,513,16.684729,1
2023-01-10,1008,Urban,924,21.213064,0
2022-08-11,1003,Urban,1028,17.225682,1
2022-11-14,1009,Suburban,1174,43.490458,1
2022-05-07,1006,Suburban,1587,6.26766,0
2023-02-11,1007,Urban,931,16.571814,0
2022-09-16,1006,Suburban,1371,9.291044,0
2023-03-08,1004,Rural,818,17.629795,0
2023-01-08,1003,Suburban,1234,18.461988,0
2023-03-19,1010,Urban,1851,8.479592,0
2023-04-08,1001,Suburban,50,10.828201,0
2022-07-12,1008,Suburban,1001,20.56689,0
2022-06-11,1002,Suburban,1138,9.34295,0
2022-05-22,1007,Urban,840,29.35777,0
2022-09-19,1010,Rural,870,11.659231,0
2023-07-21,1008,Suburban,902,16.786812,0
2023-09-10,1006,Suburban,1168,8.479676,1
2022-03-06,1010,Suburban,1398,8.949366,1
2023-06-11,1002,Suburban,834,12.095118,0
2023-10-18,1001,Urban,1656,13.729803,0
2023-08-10,1006,Suburban,1508,7.976711,1
2023-04-25,1003,Suburban,985,14.273892,0
2022-04-10,1008,Suburban,50,10.001394,0
2023-05-17,1002,Urban,1138,8.4173,0
2023-04-08,1008,Suburban,974,10.999169,0
2023-03-29,1003,Urban,1329,16.490322,0
2023-10-05,1004,Suburban,1227,13.033977,0
2023-06-15,1005,Rural,401,5.059278,0
2023-01-28,1009,Urban,1960,24.81844,1
2022-11-29,1005,Urban,1730,8.850644,0
2022-11-05,1005,Suburban,1887,5.63282,1
2023-08-08,1007,Urban,2653,28.167861,1
2022-12-28,1005,Urban,1902,6.125484,1
2023-11-15,1003,Rural,914,13.181054,1
2023-07-11,1010,Urban,987,15.971699,0
2023-10-09,1001,Urban,1164,11.906303,0
2023-02-11,1003,Urban,1198,16.782028,0
2023-07-22,1006,Suburban,1967,6.810778,1
2023-04-24,1006,Rural,849,4.853908,0
2023-04-14,1008,Rural,586,16.560307,0
2022-07-14,1001,Rural,1100,12.891667,1
2023-11-11,1004,Suburban,904,18.043385,0
2023-06-25,1003,Urban,961,14.140335,1
2022-07-01,1001,Suburban,792,10.968882,0
2022-06-11,1007,Urban,1633,20.028362,0
2022-03-06,1006,Urban,1481,7.531431,0
2022-02-25,1010,Urban,569,16.942993,0
2022-08-19,1005,Urban,665,6.290207,0
2023-10-27,1001,Urban,1142,8.71214,0
2022-02-17,1010,Rural,839,16.658816,0
2023-06-07,1010,Rural,396,17.315293,0
2022-07-10,1010,Suburban,936,13.261277,0
2023-06-05,1001,Suburban,1127,13.700777,0
2022-09-18,1005,Suburban,510,5.8984,0
2022-03-06,1006,Rural,339,6.85126,0
2023-02-18,1003,Suburban,1272,19.108945,1
2023-02-13,1004,Rural,918,17.592723,0
2023-05-08,1002,Suburban,352,11.057851,1
2023-11-30,1006,Suburban,606,6.662137,0
2022-02-10,1004,Urban,1269,12.049995,0
2022-04-04,1003,Rural,1126,13.008936,1
2022-04-24,1009,Urban,1154,41.931334,1
2023-02-19,1008,Suburban,1172,18.969648,1
2022-02-16,1001,Urban,102,10.98173,0
2023-06-27,1008,Suburban,983,13.611405,0
2023-03-06,1006,Suburban,1034,5.838117,0
2022-07-16,1004,Suburban,2038,17.932394,1
2022-06-20,1007,Urban,1887,21.742723,1
2023-06-12,1005,Urban,572,6.81147,1
2022-12-18,1003,Urban,836,11.822764,0
2023-11-24,1002,Suburban,1076,6.839505,1
2022-05-20,1004,Rural,1565,13.334411,1
2023-09-23,1005,Urban,1683,10.189882,0
2022-05-10,1003,Rural,689,12.559969,0
2023-03-02,1003,Suburban,1450,17.553648,1
2022-09-13,1003,Rural,1409,10.793863,1
2022-01-31,1009,Suburban,479,23.596355,0
2023-01-09,1010,Suburban,1646,10.106195,1
2022-05-08,1002,Suburban,1103,12.427749,0
2023-03-10,1003,Urban,1237,14.100217,0
2022-04-02,1004,Urban,601,22.211019,0
2022-12-24,1008,Urban,1499,15.493313,1
2023-02-14,1005,Suburban,648,11.606996,0
2023-01-15,1007,Urban,1851,23.340908,0
2022-03-06,1007,Urban,2543,20.235399,1
2023-11-28,1006,Suburban,527,8.488819,0
2022-04-23,1001,Suburban,2498,14.15368,1
2023-11-24,1002,Urban,1454,9.657531,0
2022-03-01,1007,Suburban,1622,25.266037,1
2023-04-11,1006,Urban,1041,4.017218,1
2023-09-06,1006,Urban,1282,8.789957,0
2023-11-12,1002,Suburban,2426,12.441509,1
2023-07-07,1006,Rural,1147,8.506592,0
2022-01-13,1007,Suburban,1350,28.496863,0
2022-09-19,1003,Urban,1418,18.670969,0
2023-01-03,1001,Urban,1198,14.074016,0
2023-09-14,1006,Rural,613,4.61674,0
2022-12-17,1008,Urban,1356,16.318249,1
2023-11-30,1001,Rural,449,13.823538,0
2022-10-02,1004,Suburban,657,20.878349,0
2023-10-27,1008,Suburban,1276,17.560512,0
2022-03-14,1003,Urban,1401,17.150692,0
2022-10-09,1004,Urban,1728,24.552814,1
2023-11-29,1003,Urban,1164,13.075593,0
2022-09-26,1009,Suburban,1831,37.786903,1
2023-05-25,1006,Suburban,762,8.967899,0
2023-01-05,1007,Urban,813,24.08629,1
2023-04-27,1006,Suburban,1215,9.703162,0
2023-02-25,1003,Urban,1584,15.973417,1
2023-08-22,1003,Urban,1312,16.807856,1
2022-07-17,1002,Urban,1014,11.365531,0
2022-01-09,1006,Urban,2315,4.608223,0
2023-01-04,1003,Rural,666,14.55049,0
2022-01-06,1008,Suburban,1275,14.300469,1
2023-03-26,1003,Suburban,1255,17.063703,0
2022-09-29,1007,Suburban,888,25.150414,0
2023-05-30,1001,Urban,1265,8.896439,1
2023-01-09,1005,Urban,511,6.524952,0
2023-08-10,1006,Urban,2249,6.58809,1
2022-04-10,1008,Suburban,661,19.873512,0
2022-09-04,1001,Urban,1470,11.642203,0
2023-03-23,1004,Suburban,1242,14.468605,1
2023-07-15,1010,Urban,891,8.347935,0
2022-10-30,1008,Urban,843,16.404067,1
2022-04-28,1008,Urban,624,14.152133,0
2022-12-15,1010,Suburban,1168,8.040304,0
2023-04-06,1008,Rural,974,14.898928,1
2023-04-01,1007,Suburban,1554,24.542711,0
2022-12-25,1008,Suburban,670,16.396935,1
2022-08-31,1001,Urban,479,12.434406,0
2022-08-13,1002,Suburban,1364,10.269072,0
2023-09-05,1009,Suburban,1517,26.205897,1
2022-05-16,1010,Suburban,741,12.799329,0
2022-05-02,1003,Rural,487,16.714874,0
2022-11-15,1007,Suburban,1136,27.435019,0
2023-04-01,1008,Suburban,1472,15.059467,0
2023-05-29,1008,Suburban,1049,16.642335,1
2023-10-31,1010,Rural,412,12.812647,0
2022-03-01,1009,Suburban,1538,33.414243,0
2023-03-24,1004,Rural,990,15.601021,0
2022-04-10,1001,Urban,886,10.328636,0
2023-03-10,1001,Suburban,1422,13.205744,1
2022-10-02,1007,Urban,1453,25.847815,0
2023-09-15,1008,Rural,739,14.060643,0
2022-03-15,1007,Urban,590,26.138806,1
2022-03-07,1001,Urban,743,10.112693,0
2023-02-05,1004,Urban,1366,12.372164,1
2023-06-15,1001,Urban,2035,14.067373,1
2022-08-06,1001,Urban,1196,14.745596,0
2022-12-27,1006,Urban,1574,6.375916,0
2023-09-15,1009,Urban,972,36.221784,0
2022-10-21,1010,Rural,1057,9.949839,1
2022-06-14,1009,Rural,707,24.602068,0
2022-12-08,1007,Rural,462,24.59202,0
2023-05-21,1001,Suburban,1193,9.613523,1
2023-10-06,1003,Suburban,1225,10.863468,1
2023-05-29,1002,Urban,1133,9.512916,0
2023-04-24,1004,Urban,709,18.665312,0
2022-12-01,1008,Suburban,1928,21.797885,1
2022-11-26,1006,Urban,779,8.398553,0
2022-03-15,1006,Suburban,384,7.189018,0
2023-06-15,1002,Suburban,718,10.836506,0
2022-12-01,1005,Suburban,274,5.034087,1
2022-06-25,1006,Suburban,880,9.475233,0
2022-07-08,1008,Rural,1196,21.36361,0
2023-11-12,1003,Suburban,629,10.884517,0
2023-10-15,1001,Urban,1470,8.993554,1
2023-05-28,1010,Suburban,800,15.654962,0
2022-05-26,1007,Urban,644,15.677824,0
2023-06-13,1009,Rural,913,30.900928,0
2022-11-12,1007,Suburban,1642,29.568665,1
2023-11-05,1010,Urban,1517,17.784315,0
2022-09-13,1001,Rural,1450,13.604014,1
2023-02-07,1008,Suburban,572,21.335981,0
2022-03-24,1001,Suburban,1087,12.116747,0
2022-12-24,1009,Rural,870,33.887322,0
2022-05-18,1009,Urban,971,29.725736,0
2023-02-12,1010,Suburban,1328,15.860882,0
2023-01-26,1006,Urban,1038,8.894431,1
2022-01-17,1002,Rural,742,11.059848,0
2023-07-15,1010,Urban,1423,13.281704,0
2023-09-01,1004,Suburban,1346,15.557648,1
2022-12-30,1006,Suburban,745,6.693027,0
2023-01-24,1007,Urban,657,22.978615,0
2022-05-05,1003,Urban,1126,10.099509,0
2022-10-31,1003,Urban,1522,13.473304,0
2022-02-03,1008,Suburban,1792,20.53791,1
2022-06-21,1005,Urban,1284,8.003573,0
2022-06-21,1001,Urban,931,10.26604,0
2022-01-23,1006,Rural,1004,9.293896,0
2022-11-15,1004,Rural,1558,14.949669,1
2022-07-31,1008,Rural,1303,16.988794,1
2023-07-06,1010,Suburban,591,9.75158,0
2022-03-13,1008,Urban,1399,14.685562,1
2022-02-23,1006,Suburban,1323,8.849903,0
2022-09-29,1003,Rural,638,14.194713,1
2023-08-14,1007,Urban,628,23.633217,0
2023-04-22,1005,Suburban,1378,7.875491,0
2023-01-04,1002,Rural,643,7.240165,0
2022-06-10,1009,Suburban,892,35.925891,0
2022-08-13,1006,Rural,1530,9.492097,1
2022-04-03,1006,Suburban,1604,8.598848,0
2023-03-17,1007,Suburban,592,16.016639,0
2022-09-15,1005,Urban,2001,10.585046,1
2023-08-29,1008,Suburban,427,13.25351,0
2023-06-01,1004,Urban,1849,12.541302,1
2022-11-07,1003,Urban,166,18.003967,0
2022-03-19,1010,Rural,1712,15.951222,1
2022-05-11,1009,Suburban,1093,26.670354,0
2022-08-11,1006,Urban,1144,7.610688,0
2023-02-01,1006,Suburban,889,4.608523,0
2023-06-14,1003,Suburban,1702,19.978052,1
2022-12-27,1006,Suburban,972,8.263773,0
2023-07-18,1005,Suburban,1352,7.584674,1
2022-07-01,1003,Urban,1315,14.388066,0
2023-10-03,1006,Rural,630,6.095712,0
2023-10-16,1007,Rural,1182,29.023273,1
2022-06-08,1005,Urban,971,9.73286,0
2022-04-04,1003,Urban,858,17.496636,0
2023-06-18,1005,Rural,500,7.920872,0
2022-08-17,1005,Urban,836,6.758649,0
2023-08-01,1010,Suburban,647,13.987461,0
2022-04-15,1008,Rural,1682,11.717181,1
2023-11-05,1008,Rural,638,15.799383,0
2022-06-13,1005,Suburban,688,10.723838,0
2022-06-11,1007,Suburban,930,27.309139,0
2023-02-11,1005,Rural,208,8.520501,0
2023-10-29,1001,Urban,891,10.268958,0
2022-10-08,1004,Urban,756,24.130309,0
2022-02-17,1006,Suburban,1283,4.088413,0
2023-03-08,1003,Rural,823,14.547926,0
2023-10-22,1006,Urban,1690,7.377771,1
2023-02-08,1006,Suburban,1192,9.846324,0
2022-10-26,1007,Urban,894,25.199105,1
2022-12-30,1004,Rural,1102,13.413421,1
2023-07-09,1004,Suburban,1312,21.506945,0
2023-01-02,1002,Suburban,736,6.535803,0
2022-02-26,1007,Urban,1266,23.708991,0
2022-07-31,1005,Suburban,1226,8.588178,0
2022-02-17,1008,Suburban,988,17.323548,0
2023-07-19,1001,Suburban,1485,12.785736,0
2023-02-15,1002,Rural,670,10.500207,0
2022-11-08,1009,Urban,664,20.856741,0
2022-04-01,1001,Suburban,1067,13.964227,0
2022-08-13,1005,Suburban,1316,11.654614,0
2023-09-08,1010,Rural,651,15.259774,0
2023-10-09,1010,Rural,1107,12.818612,0
2023-10-02,1006,Urban,1104,6.442606,0
2022-11-07,1005,Urban,727,8.708504,0
2022-05-03,1001,Rural,1781,9.949566,1
2023-09-12,1002,Urban,944,9.147549,0
2023-04-18,1001,Urban,1095,12.256299,0
2023-10-28,1003,Suburban,1207,16.997126,1
2023-01-26,1010,Urban,798,13.556765,0
2023-05-02,1003,Suburban,1000,19.878936,0
2022-09-25,1002,Suburban,953,12.351262,0
2022-04-09,1006,Urban,1813,9.763806,1
2022-12-23,1002,Urban,1087,7.663321,0
2023-07-19,1007,Rural,802,16.017212,0
2023-01-25,1002,Urban,980,10.800325,0
2022-01-28,1010,Urban,1639,13.934679,1
2023-08-26,1002,Rural,1588,10.302189,1
2022-08-25,1007,Urban,1124,23.408837,0
2023-11-09,1007,Suburban,765,27.334685,0
2022-05-11,1009,Suburban,1616,30.473543,1
2023-09-25,1008,Urban,2888,20.665619,1
2022-03-23,1006,Suburban,1731,4.530645,1
2022-06-27,1005,Urban,1216,11.353615,0
2023-11-10,1008,Urban,669,18.048138,0
2022-09-17,1010,Suburban,954,17.173371,0
2023-10-11,1003,Suburban,975,13.824414,0
2023-03-26,1007,Suburban,621,29.587765,0
2022-07-09,1007,Urban,1177,29.696547,0
2022-01-29,1002,Suburban,1900,13.086955,1
2023-02-09,1004,Urban,1441,19.264927,1
2023-09-24,1010,Rural,1072,11.328626,1
2022-05-15,1009,Rural,1243,22.29595,1
2022-09-20,1007,Suburban,1490,29.170484,0
2022-02-09,1003,Urban,1176,18.359876,0
2022-09-29,1004,Suburban,970,13.894932,0
2022-05-09,1002,Urban,1053,12.4153,0
2023-05-11,1001,Rural,432,10.905528,0
2023-11-04,1005,Rural,1529,8.886573,0
2023-06-17,1009,Suburban,1581,23.156852,1
2023-10-30,1008,Suburban,972,20.978112,0
2022-02-20,1003,Suburban,1428,15.556287,0
2022-11-09,1001,Suburban,993,10.141451,1
2022-11-16,1009,Rural,687,39.337318,0
2022-06-08,1001,Urban,1008,14.832447,0
2023-10-19,1008,Suburban,1114,20.737442,1
2022-05-11,1004,Urban,1415,13.56807,0
2023-02-06,1007,Suburban,1727,15.388553,1
2022-11-23,1002,Suburban,1462,12.996085,1
2023-08-29,1010,Suburban,1073,16.77521,0
2022-10-13,1004,Urban,1220,24.25664,0
2022-08-18,1006,Urban,1062,5.139157,0
2023-03-21,1005,Suburban,722,10.696176,1
2023-02-23,1010,Suburban,604,13.470799,0
2022-06-24,1008,Suburban,755,12.437332,0
2022-03-31,1005,Urban,1201,7.863377,0
2023-09-13,1010,Suburban,747,10.828333,0
2023-03-01,1005,Suburban,1056,11.810511,0
2023-04-08,1002,Rural,767,11.658089,1
2022-06-28,1002,Suburban,1065,10.315866,0
2023-10-16,1001,Urban,288,13.592771,0
2022-05-26,1004,Urban,1065,16.608703,0
2022-08-06,1003,Rural,728,12.030209,0
2023-01-21,1005,Urban,1179,6.525165,1
2023-08-30,1002,Rural,599,10.690152,0
2023-01-05,1005,Urban,782,10.56776,0
2022-06-20,1006,Urban,1957,9.343876,1
2023-09-19,1005,Rural,985,9.899255,0
2023-11-14,1007,Urban,1556,25.760742,0
2022-05-11,1002,Suburban,803,11.019492,0
2022-03-13,1010,Suburban,1343,12.89568,0
2023-11-17,1001,Suburban,1058,8.040133,0
2022-12-20,1004,Urban,1279,23.374368,0
2023-01-10,1001,Suburban,1649,9.567699,1
2023-05-23,1008,Urban,1478,12.125752,1
2022-12-22,1005,Urban,1952,9.860802,1
2023-04-06,1005,Urban,1935,11.839518,1
2022-04-29,1009,Urban,904,29.339958,0
2023-02-25,1009,Suburban,1076,21.360815,0
2022-09-12,1005,Suburban,1018,10.46864,0
2022-03-25,1007,Suburban,962,15.826884,0
2022-12-26,1007,Urban,1306,20.481816,0
2022-06-06,1005,Urban,1481,9.70261,1
2022-05-18,1008,Suburban,841,18.630989,0
2022-10-13,1010,Urban,1178,9.442444,0
2023-08-31,1004,Urban,1259,13.176438,0
2022-07-11,1001,Urban,926,13.457559,0
2023-07-17,1001,Urban,2340,13.660135,0
2023-01-21,1010,Suburban,845,10.818298,0
2022-05-18,1009,Urban,1901,28.156287,1
2023-08-30,1008,Urban,1410,20.009155,0
2022-12-22,1003,Suburban,1027,18.750143,1
2023-10-09,1003,Suburban,617,13.557546,1
2022-03-25,1004,Urban,1482,15.762739,0
2022-06-09,1003,Urban,623,10.502724,0
2022-10-30,1005,Urban,2275,9.886025,1
2022-09-22,1007,Rural,1313,23.146891,1
2022-09-26,1010,Urban,589,14.717784,0
2022-07-29,1008,Suburban,1662,11.233623,1
2023-10-04,1001,Rural,867,8.980948,0
2022-03-05,1002,Urban,1437,13.623376,0
2022-08-17,1003,Urban,683,19.381529,0
2022-07-25,1002,Suburban,1166,11.772624,0
2023-01-15,1001,Suburban,915,10.011963,0
2023-01-04,1002,Urban,2172,9.054276,1
2022-12-14,1004,Urban,1130,20.851976,1
2022-07-07,1004,Suburban,1142,13.807648,0
2022-06-19,1006,Suburban,321,6.072589,0
2023-09-12,1002,Urban,1687,6.998612,1
2022-12-18,1007,Suburban,2434,24.809581,1
2022-09-28,1009,Suburban,1150,37.065479,1
2022-03-31,1001,Rural,810,9.114838,0
2022-09-27,1006,Suburban,901,6.082696,0
2023-10-23,1004,Suburban,1412,16.626125,0
2022-03-07,1004,Urban,1233,14.192037,0
2022-05-12,1009,Urban,1226,26.542059,0
2023-04-05,1006,Urban,1673,6.343896,0
2023-11-24,1008,Urban,1513,15.443595,0
2023-08-14,1009,Rural,1115,40.162712,0
2023-09-16,1007,Rural,381,16.397341,0
2022-01-28,1010,Rural,1048,9.930138,1
2022-05-03,1006,Rural,775,5.330504,1
2023-06-11,1008,Urban,1478,13.32092,0
2023-10-09,1007,Suburban,727,26.801717,0
2022-10-12,1006,Rural,1124,5.739489,1
2023-09-06,1006,Suburban,604,9.247548,0
2022-06-02,1007,Urban,1454,16.770191,1
2022-07-09,1004,Rural,669,17.794505,1
2023-10-19,1001,Urban,1959,13.966773,1
2022-06-10,1001,Suburban,1313,12.257573,1
2023-04-23,1010,Suburban,1827,16.408207,0
2022-11-18,1001,Suburban,1008,13.947057,0
2022-01-05,1004,Urban,742,20.750737,0
2023-09-03,1004,Suburban,1010,13.588141,0
2022-01-15,1006,Suburban,1390,4.814698,0
2022-03-23,1004,Urban,931,12.945968,0
2022-06-16,1004,Suburban,1880,20.381213,1
2022-11-03,1003,Urban,286,18.826098,0
2022-01-30,1010,Urban,1522,14.248171,0
2022-10-02,1009,Suburban,1338,24.419744,0
2023-05-11,1009,Suburban,355,20.163689,0
2023-07-30,1009,Suburban,1679,26.610424,0
2023-11-25,1005,Urban,1154,10.699392,1
2022-11-25,1003,Rural,759,14.676319,0
2023-02-25,1010,Urban,632,10.069988,0
2022-03-06,1009,Rural,197,40.820927,0
2022-09-01,1007,Suburban,1634,23.856356,0
2022-07-14,1008,Rural,571,11.713174,0
2023-07-12,1004,Urban,713,21.726849,0
2022-06-08,1004,Suburban,1502,18.228427,1
2022-01-10,1005,Suburban,1093,10.734674,0
2022-10-18,1007,Rural,573,15.167189,0
2023-09-08,1003,Rural,1355,17.33936,1
2022-01-20,1006,Urban,1370,6.271068,1
2023-03-17,1004,Urban,546,18.805695,0
2023-03-12,1003,Suburban,597,18.732802,0
2022-07-10,1006,Rural,1131,5.382511,0
2023-04-26,1001,Urban,1806,10.488768,1
2022-09-16,1009,Rural,1039,27.932204,1
2022-03-26,1005,Suburban,579,5.892908,1
2023-11-16,1007,Urban,837,19.500163,1
2023-02-23,1002,Suburban,675,9.592852,0
2022-02-01,1008,Suburban,1512,11.627309,0
2022-12-03,1007,Suburban,1315,24.156607,1
2023-02-24,1008,Urban,1150,17.07551,1
2023-01-10,1010,Rural,853,9.47724,1
2022-07-21,1003,Suburban,801,11.64214,1
2023-06-11,1006,Urban,1253,4.112623,0
2023-05-17,1009,Urban,761,25.627755,0
2022-03-13,1007,Rural,1246,28.592348,1
2022-10-11,1007,Suburban,1218,22.770058,1
2023-04-02,1008,Urban,3183,17.904131,1
2023-06-24,1006,Suburban,1262,9.248887,1
2022-11-21,1001,Suburban,644,11.845677,0
2023-05-23,1008,Rural,1334,21.803584,1
2022-10-24,1003,Suburban,1084,14.211614,1
2022-09-25,1007,Urban,1283,15.16832,0
2022-05-23,1002,Rural,612,7.204827,0
2023-07-02,1007,Rural,2046,29.615844,1
2023-10-09,1006,Urban,1664,6.827467,1
2022-11-25,1003,Suburban,1128,15.078629,0
2023-11-22,1008,Urban,1036,14.034232,0
2022-03-03,1007,Rural,658,22.393802,0
2022-12-16,1001,Urban,1304,11.744305,0
2022-07-02,1010,Urban,1244,16.722852,0
2022-08-29,1006,Suburban,1529,4.009319,1
2022-06-15,1007,Urban,852,15.788756,0
2023-05-19,1002,Rural,486,11.780196,0
2023-07-15,1009,Rural,1528,24.468457,1
2023-04-01,1007,Rural,674,21.500673,0
2022-05-20,1004,Rural,378,12.820876,0
2022-11-03,1009,Urban,811,29.266549,0
2023-02-19,1007,Urban,914,22.376303,0
2022-03-26,1006,Rural,770,5.281638,1
2023-02-13,1010,Suburban,723,10.59843,0
2023-02-12,1001,Suburban,1677,11.99813,1
2022-11-18,1001,Urban,610,14.952504,0
2022-02-12,1008,Suburban,948,20.833167,0
2022-08-19,1006,Urban,1772,4.227428,1
2023-11-04,1006,Urban,1379,7.081061,0
2022-05-28,1004,Urban,1473,16.517937,0
2022-10-21,1008,Suburban,875,15.23243,0
2022-01-16,1001,Rural,743,14.998505,0
2022-05-06,1001,Rural,1246,13.721334,1
2023-05-09,1007,Rural,870,19.405561,1
2022-04-15,1001,Suburban,451,9.854137,0
2023-04-29,1002,Rural,709,12.103284,0
2022-09-03,1005,Urban,1283,10.504391,0
2022-11-20,1004,Suburban,1357,12.492946,1
2023-10-03,1008,Urban,787,19.678839,0
2023-09-08,1009,Rural,761,33.258962,0
2022-01-08,1008,Rural,558,20.028888,0
2023-04-08,1009,Rural,874,20.749625,1
2023-11-23,1008,Suburban,783,17.95841,0
2022-08-18,1004,Urban,1674,16.691111,0
2022-07-18,1005,Rural,1035,7.184192,1
2023-09-12,1001,Urban,1286,8.258344,0
2022-06-28,1005,Suburban,873,5.994737,0
2022-06-24,1001,Urban,1425,8.601007,0
2023-11-30,1002,Urban,719,10.31413,0
2023-11-02,1006,Urban,1047,8.622297,0
2022-08-20,1010,Urban,1502,8.665836,0
2022-04-06,1010,Urban,484,10.111637,1
2023-01-05,1010,Urban,817,11.324124,0
2023-08-30,1003,Suburban,287,10.075725,0
2022-10-16,1005,Rural,1150,5.263909,0
2023-09-09,1004,Suburban,1712,12.690743,1
2022-12-08,1002,Rural,621,6.016939,0
2022-04-27,1001,Suburban,801,12.574255,0
2023-08-16,1003,Suburban,1280,15.679481,1
2023-07-18,1010,Urban,1653,13.264155,1
2022-10-24,1005,Urban,738,8.906859,0
2022-04-13,1010,Urban,954,11.599458,0
2023-10-30,1007,Urban,1121,26.231827,0
2023-02-13,1008,Urban,803,14.70612,0
2022-06-08,1010,Urban,868,9.907174,1
2023-04-02,1007,Urban,2018,26.455984,0
2022-12-18,1005,Urban,996,8.33081,0
2023-09-04,1009,Urban,840,29.170117,0
2022-07-11,1003,Rural,541,17.689821,0
2023-05-16,1010,Suburban,1137,10.562499,1
2023-08-03,1001,Suburban,911,14.208331,1
2022-09-19,1007,Rural,401,23.00234,0
2022-02-21,1002,Urban,872,9.082546,1
2022-02-10,1002,Rural,987,13.428718,0
2022-03-05,1010,Urban,988,14.706487,1
2023-01-09,1001,Suburban,1104,11.727834,0
2023-06-23,1009,Suburban,1215,27.46607,0
2022-03-23,1004,Urban,1281,15.680753,0
2023-10-17,1004,Rural,960,21.03036,0
2023-10-30,1003,Suburban,944,13.267878,0
2022-06-05,1001,Suburban,1463,10.229468,0
2023-10-19,1007,Urban,1553,21.493519,1
2022-05-23,1005,Urban,1106,11.250933,1
2023-11-25,1008,Rural,824,11.422589,1
2022-10-17,1004,Urban,1194,24.92135,0
2023-03-23,1004,Urban,1397,15.757777,0
2022-06-01,1001,Suburban,685,8.275186,1
2022-03-15,1010,Suburban,1791,13.661798,1
2022-05-25,1009,Urban,1797,21.797041,0
2022-09-27,1009,Urban,684,21.567913,0
2022-03-24,1009,Suburban,1706,20.017345,1
2022-10-06,1007,Rural,380,19.835597,0
2022-04-20,1009,Rural,657,31.654024,0
2022-10-14,1008,Urban,1360,12.399455,0
2023-10-14,1005,Rural,1378,8.790584,1
2022-06-04,1009,Rural,419,38.198933,0
2022-07-28,1005,Suburban,1356,9.5092,1
2023-05-10,1008,Urban,2070,11.342757,1
2022-08-19,1004,Urban,2491,22.499664,1
2023-08-18,1007,Urban,1513,24.406733,0
2023-01-30,1002,Suburban,638,6.994395,0
2022-07-09,1010,Rural,739,17.266525,0
2022-04-04,1007,Rural,1183,27.245823,1
2023-01-16,1002,Suburban,550,9.187278,1
2022-07-29,1002,Urban,803,8.351055,0
2022-04-21,1007,Suburban,1432,22.538229,1
2023-09-24,1010,Urban,968,13.770583,0
2023-06-05,1003,Suburban,1591,17.828435,1
2023-07-13,1009,Urban,361,32.389134,0
2023-10-19,1006,Rural,985,5.309809,0
2023-08-27,1009,Rural,1249,43.435166,0
2022-11-06,1010,Rural,925,9.542073,1
2023-07-08,1001,Suburban,1188,10.523752,0
2023-06-03,1008,Suburban,704,20.491593,0
2023-06-27,1006,Urban,578,8.349986,0
2023-03-17,1005,Urban,669,5.454319,0
2022-04-24,1005,Suburban,1565,10.02029,0
2022-04-29,1001,Suburban,828,10.136543,0
2023-07-22,1008,Rural,574,10.803278,0
2022-05-04,1008,Urban,867,10.893703,0
2023-09-29,1003,Urban,1922,16.878424,1
2022-07-07,1005,Urban,2012,10.305092,1
2022-04-09,1004,Urban,2376,16.436367,1
2023-05-22,1004,Suburban,1334,17.603439,1
2022-07-07,1005,Rural,1048,10.839975,0
2022-09-26,1003,Urban,1013,19.248633,0
2022-07-17,1002,Suburban,1835,6.727391,1
2022-09-14,1002,Urban,1161,12.349148,0
2023-06-04,1002,Urban,1901,10.687123,1
2022-10-17,1004,Rural,642,16.431909,0
2022-05-21,1002,Suburban,1652,8.386742,0
2023-09-05,1007,Rural,1143,16.502874,1
2022-10-13,1004,Rural,588,18.511133,0
2022-08-23,1002,Suburban,1038,9.133156,0
2022-10-24,1008,Urban,1348,15.791641,0
2023-02-20,1003,Urban,948,12.454134,0
2022-10-07,1008,Suburban,939,19.231829,1
2022-03-17,1005,Rural,1676,7.157295,1
2022-11-24,1010,Rural,735,16.562142,0
2022-05-03,1010,Urban,1339,10.504363,0
2022-05-16,1009,Rural,657,36.386345,0
2023-04-30,1003,Urban,1430,11.162015,0
2023-05-24,1007,Urban,1472,24.910616,0
2022-10-30,1001,Suburban,1434,8.106378,0
2023-03-06,1007,Suburban,1177,25.230781,0
2023-05-01,1008,Suburban,990,11.281929,0
2022-04-23,1006,Suburban,50,7.936483,0
2022-01-14,1005,Suburban,1717,5.162576,1
2023-04-11,1003,Urban,885,14.161281,1
2023-09-15,1008,Rural,1184,16.713681,1
2022-04-25,1001,Urban,1132,11.816759,0
2023-05-15,1005,Suburban,931,7.806819,0
2022-08-02,1006,Suburban,1127,6.810745,1
2023-10-05,1010,Suburban,1088,9.05089,0
2023-05-01,1001,Suburban,282,14.505829,0
2023-09-21,1005,Urban,772,9.229318,0
2022-03-25,1001,Suburban,1038,8.710918,1
2023-05-17,1004,Rural,1421,13.067168,1
2022-11-09,1010,Urban,1313,14.428424,0
2023-03-10,1010,Urban,1295,15.978943,1
2022-10-01,1004,Urban,1838,15.84839,1
2022-04-05,1009,Urban,666,38.019311,0
2022-07-03,1004,Urban,2280,20.679925,1
2022-06-08,1002,Urban,1484,7.211453,1
2022-03-17,1001,Suburban,1042,9.822799,1
2023-06-04,1010,Urban,1582,15.931573,0
2022-06-02,1003,Urban,932,15.328628,0
2023-10-01,1005,Rural,463,7.572641,0
2022-11-23,1007,Suburban,897,22.631927,0
2023-04-24,1009,Urban,1413,33.117702,0
2023-11-06,1002,Suburban,975,6.131844,0
2022-01-31,1001,Urban,989,11.818375,0
2023-08-22,1003,Urban,796,17.500574,0
2023-06-02,1003,Suburban,698,16.943715,0
2022-08-31,1002,Urban,825,12.424212,0
2022-01-23,1006,Suburban,730,4.729629,1
2022-10-17,1009,Urban,1146,32.781868,0
2023-02-18,1003,Suburban,1255,16.912249,1
2023-10-11,1008,Rural,1774,17.999965,1
2022-07-12,1005,Urban,1240,10.974592,0
2022-10-10,1003,Suburban,1171,18.065322,1
2023-10-11,1003,Suburban,516,16.78941,0
2023-11-05,1003,Suburban,1425,15.506411,1
2023-01-19,1008,Suburban,750,13.298965,0
2023-05-21,1008,Suburban,990,20.288989,1
2022-06-15,1007,Urban,929,22.44701,0
2022-06-12,1009,Suburban,1704,29.483508,1
2023-03-30,1007,Suburban,680,16.867298,0
2023-02-08,1007,Suburban,481,21.479997,0
2022-06-08,1002,Suburban,917,8.15889,1
2022-09-13,1007,Suburban,1416,21.514162,1
2022-10-20,1004,Suburban,1128,20.918227,0
2022-02-24,1002,Suburban,1307,6.058698,0
2023-10-30,1010,Urban,312,16.49969,0
2022-04-26,1001,Suburban,1025,13.407953,0
2022-07-10,1010,Urban,1676,10.287582,1
2023-03-11,1006,Urban,993,5.924165,0
2023-07-10,1008,Rural,912,11.826697,0
2022-11-02,1006,Urban,1067,8.570228,0
2023-07-14,1007,Suburban,825,18.020088,1
2022-09-21,1007,Urban,818,23.993264,0
2022-07-09,1002,Suburban,1057,11.06256,0
2023-02-16,1006,Suburban,117,7.469384,0
2022-10-22,1007,Suburban,1790,17.483101,0
2023-04-26,1004,Urban,1279,20.243975,0
2022-07-23,1002,Suburban,1103,9.445575,0
2023-01-29,1010,Urban,1683,12.119917,1
2022-02-26,1001,Suburban,1081,13.055975,0
2023-07-01,1002,Suburban,1612,13.618011,0
2022-12-29,1006,Rural,1009,5.701518,0
2023-02-16,1008,Urban,1311,18.65837,0
2022-10-29,1008,Suburban,1303,15.497914,0
2023-01-26,1002,Rural,941,7.077608,0
2023-07-03,1007,Urban,610,27.657623,0
2022-10-08,1007,Rural,1193,27.227289,1
2023-04-26,1007,Suburban,924,22.0663,0
2023-02-27,1008,Suburban,894,19.400331,1
2022-04-01,1009,Rural,543,23.638794,0
2023-06-26,1007,Suburban,342,18.42953,0
2022-07-26,1005,Rural,806,5.408978,0
2022-03-15,1002,Rural,645,10.78686,0
2023-05-26,1007,Suburban,746,17.505629,0
2022-08-19,1008,Urban,1329,11.274513,0
2023-02-19,1006,Urban,1148,6.462194,0
2022-01-30,1009,Urban,1248,33.603179,0
2022-03-11,1001,Rural,1007,14.459292,1
2022-04-18,1003,Urban,944,13.326868,0
2022-04-13,1006,Suburban,558,4.34954,0
2023-07-13,1009,Urban,1107,30.150464,0
2023-02-08,1009,Urban,50,20.609637,0
2023-01-03,1002,Suburban,1690,11.246966,1
2022-01-14,1006,Suburban,835,4.400485,0
2023-06-22,1006,Suburban,385,8.603257,0
2023-10-03,1009,Urban,1012,25.36461,1
2022-04-26,1006,Rural,293,6.881356,1
2023-02-23,1004,Suburban,1560,20.097773,0
2023-04-16,1001,Urban,1543,10.656663,0
2023-02-26,1005,Urban,1742,6.743327,0
2023-05-16,1006,Suburban,567,9.290618,0
2023-09-08,1004,Suburban,884,23.514558,0
2022-08-30,1005,Suburban,1090,10.733355,0
2023-04-02,1008,Urban,498,11.485322,0
2023-08-14,1006,Suburban,804,8.926067,0
2023-09-15,1004,Suburban,465,23.22363,0
2022-03-16,1009,Urban,1139,44.807885,0
2023-11-27,1001,Urban,1909,13.229973,1
2023-06-06,1003,Urban,982,14.000956,0
2022-02-18,1003,Suburban,516,18.176951,0
2023-01-16,1002,Urban,1412,9.220355,0
2023-02-14,1009,Urban,1146,33.628441,0
2023-01-18,1009,Rural,649,43.806053,0
2023-05-28,1009,Suburban,2299,39.818492,1
2022-06-20,1004,Urban,2043,24.331246,1
2023-03-27,1005,Rural,369,6.900015,0
2022-11-22,1007,Rural,799,23.557511,0
2023-02-21,1003,Rural,750,17.809686,0
2022-03-30,1001,Urban,896,8.476608,0
2022-10-05,1006,Urban,1798,5.952664,0
2023-08-16,1010,Rural,418,10.275934,0
2023-09-26,1001,Urban,1709,10.674767,1
2023-11-21,1001,Rural,930,10.133492,1
2023-08-18,1004,Urban,1101,23.03822,0
2022-11-14,1006,Urban,1457,8.400912,1
2022-07-03,1002,Urban,976,6.272819,1
2022-07-02,1003,Suburban,1405,14.4204,0
2022-08-03,1009,Urban,564,20.776885,0
2023-03-18,1007,Urban,1248,22.038387,0
2023-01-31,1002,Rural,629,13.612044,0
2023-03-05,1003,Urban,1152,13.67088,0
2023-09-22,1006,Rural,1212,7.467992,1
2022-04-25,1005,Suburban,982,6.583447,0
2022-05-15,1010,Rural,979,13.123192,0
2023-10-03,1006,Rural,485,5.842578,0
2022-06-06,1009,Urban,1396,24.477264,0
2022-09-23,1001,Urban,1272,11.865671,0
2023-11-26,1002,Urban,846,8.382206,1
2022-05-04,1008,Urban,935,20.088947,0
2022-03-22,1010,Urban,852,11.155439,0
2022-01-04,1008,Suburban,953,21.210869,0
2022-11-22,1006,Rural,797,6.404784,0
2023-11-14,1003,Rural,719,19.329002,0
2023-11-27,1004,Urban,2277,17.579157,1
2023-08-29,1008,Urban,1172,10.759804,0
2022-05-01,1003,Suburban,1286,16.057874,0
2023-03-16,1004,Suburban,897,24.432348,0
2023-01-25,1004,Urban,1109,20.207447,1
2022-02-15,1008,Urban,2022,12.855193,1
2023-11-09,1010,Urban,1262,13.736592,0
2022-06-30,1005,Suburban,1599,10.156478,1
2022-03-27,1008,Suburban,1618,18.777696,0
2023-10-25,1004,Urban,1970,17.07542,0
2023-05-22,1007,Urban,1470,27.921616,0
2023-01-13,1004,Urban,1195,18.279196,0
2023-08-30,1002,Urban,696,7.857298,0
2022-10-19,1003,Rural,1027,17.150995,0
2022-04-19,1008,Urban,2412,11.321692,1
2022-01-09,1004,Rural,1219,16.176515,0
2023-05-15,1001,Urban,893,11.181951,0
2022-12-30,1004,Urban,795,22.596459,0
2022-09-12,1006,Urban,1308,6.23022,0
2022-11-19,1002,Rural,811,7.335566,1
2023-07-14,1007,Rural,981,29.580951,0
2022-11-08,1009,Urban,832,22.634969,0
2022-07-20,1006,Suburban,648,9.735897,0
2023-06-23,1009,Urban,1529,23.217809,0
2022-09-22,1005,Suburban,872,11.164769,0
2022-07-14,1002,Urban,2953,6.005252,1
2023-10-23,1007,Suburban,1465,20.235874,1
2023-02-21,1001,Suburban,1252,10.487286,1
2022-03-03,1010,Urban,1402,8.506772,0
2022-04-01,1010,Suburban,1151,9.516122,1
2023-08-03,1003,Urban,1515,14.058841,1
2023-07-02,1001,Urban,1017,9.150732,1
2023-03-09,1009,Suburban,1443,41.787869,1
2023-10-11,1002,Suburban,1343,11.773542,1
2023-11-22,1002,Rural,412,13.527781,0
2022-07-11,1006,Rural,984,4.654586,0
2022-09-09,1006,Rural,1172,9.660863,1
2023-04-03,1007,Rural,878,19.731049,1
2023-01-12,1003,Urban,823,15.150781,1
2023-06-22,1006,Suburban,997,6.423648,0
2022-11-28,1002,Urban,1663,11.028789,1
2023-01-01,1009,Suburban,877,44.599463,0
2023-10-23,1006,Urban,1680,9.10197,0
2022-09-27,1010,Urban,2352,15.535527,1
2023-06-18,1004,Urban,1702,18.603339,1
2022-10-15,1005,Urban,961,8.122432,0
2023-09-19,1009,Urban,1079,40.343402,1
2022-01-21,1001,Urban,544,10.542694,0
2022-01-19,1001,Urban,1778,9.652846,1
2022-06-10,1008,Urban,543,15.050395,0
2022-04-10,1003,Rural,940,15.985588,1
2022-07-04,1004,Urban,939,16.357132,0
2022-10-29,1003,Suburban,824,18.32183,0
2023-07-14,1008,Suburban,1277,18.896277,1
2023-08-07,1001,Suburban,598,10.93466,0
2023-07-11,1003,Urban,2106,12.08486,1
2023-01-31,1006,Suburban,889,7.250671,0
2022-05-01,1003,Suburban,1279,10.066904,0
2023-09-18,1003,Rural,770,10.011217,0
2023-05-12,1008,Urban,966,16.728672,0
2022-12-15,1010,Suburban,1800,9.615011,1
2022-11-28,1005,Rural,620,5.077492,0
2023-11-30,1001,Suburban,951,12.806049,1
2023-04-30,1001,Rural,919,14.343707,0
2023-05-05,1001,Suburban,834,10.760355,0
2022-05-03,1006,Urban,1104,4.702696,0
2023-05-06,1010,Urban,1700,14.132269,0
2022-02-05,1010,Suburban,814,17.097558,1
2022-07-22,1003,Suburban,161,16.518546,0
2022-12-01,1001,Rural,758,11.537019,1
2022-08-14,1009,Urban,647,21.191567,0
2022-05-09,1002,Urban,887,10.695888,0
2023-07-22,1010,Urban,939,17.868335,0
2022-07-19,1002,Suburban,630,9.184606,0
2022-12-06,1001,Suburban,818,12.781203,0
2022-02-21,1009,Urban,1487,27.471662,1
2023-04-02,1005,Rural,427,9.7652,0
2023-01-31,1008,Urban,206,15.717413,0
2023-09-08,1001,Urban,538,12.884123,0
2023-10-02,1002,Suburban,50,11.35802,0
2023-10-27,1003,Suburban,1127,15.446872,0
2022-01-21,1010,Urban,1626,8.930733,0
2022-02-05,1001,Urban,1334,12.218631,0
2023-03-08,1002,Urban,818,11.37464,0
2023-09-14,1008,Urban,1465,21.439788,0
2023-04-14,1008,Suburban,1507,19.938422,1
2022-11-28,1010,Urban,929,13.857797,0
2023-07-11,1002,Suburban,1221,12.519685,1
2022-09-07,1004,Rural,691,22.764436,0
2022-10-06,1003,Rural,1040,18.537304,1
2022-04-06,1005,Urban,1770,5.836192,0
2023-11-10,1009,Suburban,1194,41.974921,1
2023-03-20,1009,Urban,457,44.462602,0
2022-05-07,1009,Suburban,200,26.233368,0
2022-08-12,1006,Urban,1058,7.73922,0
2023-09-18,1010,Suburban,869,14.7181,0
2023-01-13,1001,Urban,1518,11.208867,0
2023-01-24,1004,Suburban,961,18.051517,1
2022-09-24,1008,Urban,1470,17.738256,0
2022-10-01,1004,Urban,1544,24.06302,0
2022-10-12,1006,Rural,583,8.787781,0
2023-12-01,1003,Suburban,565,11.22288,0
2023-10-17,1008,Urban,1065,16.947855,0
2022-12-06,1002,Urban,356,9.02259,0
2023-11-22,1001,Urban,955,12.70426,0
2022-01-08,1002,Suburban,1122,13.249493,0
2022-07-19,1009,Urban,1419,34.12105,1
2022-12-15,1005,Rural,477,10.888733,1
2023-06-04,1009,Suburban,645,31.666193,0
2022-09-14,1005,Urban,2085,11.03038,1
2022-07-20,1009,Urban,1465,33.737624,1
2023-03-02,1002,Urban,1317,7.670557,0
2022-11-28,1003,Suburban,1327,18.140657,0
2022-03-27,1009,Suburban,1204,42.904305,0
2023-09-24,1003,Urban,823,13.181601,0
2022-10-13,1001,Urban,1045,13.987504,0
2023-04-01,1008,Suburban,833,11.450787,0
2023-11-20,1007,Suburban,319,26.825357,0
2022-08-31,1002,Urban,1338,13.008578,0
2023-09-21,1007,Urban,1404,19.472465,0
2022-06-25,1008,Urban,1280,11.738233,1
2023-04-08,1005,Suburban,1706,10.972453,1
2023-09-17,1004,Suburban,617,24.442014,1
2023-05-26,1010,Suburban,1287,13.211252,0
2022-12-30,1009,Urban,456,30.09577,1
2022-12-09,1005,Suburban,944,7.20354,0
2023-06-08,1004,Suburban,1228,24.239638,0
2023-01-16,1009,Urban,688,22.714111,0
2023-05-18,1004,Suburban,735,24.687035,0
2023-06-25,1002,Rural,597,12.735701,1
2023-02-18,1006,Suburban,1842,9.631578,1
2023-11-29,1009,Urban,1421,22.234849,0
2023-09-02,1010,Urban,924,11.118969,0
2022-09-28,1008,Urban,1345,10.039307,0
2023-09-10,1008,Rural,1173,17.761501,1
2023-10-25,1007,Suburban,1209,18.113267,0
2022-03-27,1005,Urban,668,11.485685,1
2022-02-02,1001,Urban,2352,11.307946,1
2022-03-31,1003,Rural,412,19.045021,0
2022-10-21,1006,Urban,1613,7.564972,1
2022-12-15,1006,Suburban,807,9.124446,0
2023-07-31,1007,Urban,1272,18.443844,0
2022-12-06,1005,Rural,173,7.380071,0
2022-11-14,1006,Suburban,901,8.309958,0
2022-07-08,1003,Rural,467,16.924521,0
2023-08-20,1008,Rural,550,15.383043,0
2023-04-11,1009,Urban,1250,23.799326,0
2022-12-24,1010,Urban,1270,17.321189,0
2022-01-14,1006,Urban,1608,6.444888,0
2023-11-30,1005,Urban,1045,11.68172,0
2023-02-16,1005,Rural,638,8.449075,0
2022-05-17,1005,Rural,1351,10.457639,1
2022-11-28,1005,Suburban,801,9.465365,1
2022-05-07,1004,Urban,1365,23.802514,1
2022-02-20,1002,Rural,666,6.747321,1
2023-02-13,1006,Suburban,558,7.538642,0
2023-01-17,1002,Suburban,768,13.862791,0
2022-01-17,1001,Urban,2448,9.794934,1
2022-10-16,1008,Rural,588,17.604193,0
2023-03-15,1004,Urban,905,24.429142,0
2023-11-16,1010,Urban,194,10.651554,0
2023-10-14,1005,Suburban,839,5.840038,0
2022-12-07,1005,Urban,1360,11.205051,0
2022-06-08,1009,Rural,989,43.793911,0
2022-06-28,1010,Rural,696,16.992209,0
2022-01-09,1007,Suburban,1095,26.063001,0
2022-10-26,1004,Rural,726,13.283404,0
2023-03-18,1007,Suburban,1257,18.615992,0
2023-04-21,1002,Suburban,1053,10.572452,0
2022-06-13,1002,Suburban,489,9.078573,0
2022-04-18,1010,Suburban,831,14.275274,0
2022-06-23,1010,Urban,762,10.365633,0
2023-09-19,1004,Urban,1379,19.519905,0
2023-05-07,1007,Suburban,1098,25.738245,0
2022-02-18,1002,Urban,944,9.279124,0
2023-09-11,1006,Rural,704,6.160059,0
2023-06-16,1006,Suburban,660,6.390323,0
2022-05-12,1006,Rural,453,5.702808,0
2023-10-26,1002,Urban,2565,8.572747,1
2023-02-01,1004,Urban,965,18.248261,0
2022-01-27,1010,Suburban,814,15.292534,0
2023-04-27,1007,Suburban,1306,17.691562,0
2022-10-17,1003,Urban,773,10.946965,0
2022-01-23,1004,Rural,929,18.072101,0
2022-08-20,1008,Urban,2079,14.591955,1
2022-05-07,1009,Rural,1101,31.403599,0
2023-07-21,1003,Rural,978,18.023856,0
2023-07-16,1008,Suburban,1909,11.394684,0
2022-08-25,1004,Urban,1279,13.540972,0
2023-04-27,1005,Suburban,1232,11.028928,0
2023-01-08,1002,Urban,969,8.547978,0
2023-11-19,1001,Rural,1056,9.845597,0
2022-08-22,1001,Urban,1305,11.968378,0
2022-07-10,1003,Suburban,1014,14.366462,0
2022-12-27,1002,Rural,713,6.445624,0
2023-08-14,1005,Rural,605,10.652897,0
2022-12-10,1006,Rural,929,8.488425,1
2023-01-22,1003,Urban,1037,10.411813,0
2022-10-16,1002,Urban,1624,7.096758,0
2023-08-22,1007,Rural,624,26.707933,0
2023-11-10,1001,Rural,789,9.496905,0
2023-07-30,1001,Urban,2111,10.114977,0
2023-05-21,1001,Suburban,1370,8.659568,0
2022-01-25,1005,Suburban,841,6.409504,0
2022-08-27,1008,Suburban,301,21.241892,1
2023-07-29,1007,Suburban,1070,23.51972,0
2022-06-30,1001,Rural,694,11.946092,0
2023-02-20,1003,Rural,937,18.247144,0
2023-05-28,1009,Urban,1027,22.83107,0
2023-06-13,1008,Suburban,1284,20.439685,1
2023-01-11,1001,Suburban,731,10.441423,0
2022-05-08,1007,Urban,928,28.753706,0
2022-09-19,1001,Suburban,343,12.689405,0
2023-10-31,1003,Suburban,1360,10.324234,0
2023-07-29,1005,Urban,1215,8.954177,1
2022-10-13,1009,Suburban,50,21.619543,0
2023-06-29,1009,Suburban,1125,25.905065,0
2023-10-07,1001,Rural,651,8.384082,1
2023-09-03,1007,Rural,913,28.86113,0
2022-12-27,1003,Urban,1732,10.721477,1
2023-10-05,1006,Urban,1162,8.465488,0
2023-03-23,1005,Suburban,1460,11.38818,0
2022-01-02,1002,Rural,918,12.397937,0
2023-11-23,1003,Suburban,985,15.186129,0
2023-08-18,1008,Suburban,1187,21.233523,1
2022-10-13,1002,Suburban,561,6.234845,0
2022-04-08,1003,Suburban,1311,19.641848,1
2022-09-12,1006,Suburban,1168,4.166954,0
2023-01-17,1005,Rural,792,10.9232,0
2023-05-16,1009,Urban,961,42.462393,1
2022-02-19,1008,Urban,1646,21.064095,0
2022-11-27,1009,Urban,1226,40.952935,0
2023-02-07,1004,Urban,1052,15.29949,0
2023-03-10,1008,Suburban,573,14.735869,0
2022-04-20,1009,Suburban,1165,31.883301,0
2022-10-23,1001,Rural,1240,8.569399,0
2022-07-08,1004,Urban,854,12.444689,0
2023-03-29,1005,Urban,1798,9.653004,1
2023-01-13,1002,Suburban,969,8.344266,0
2022-11-15,1007,Rural,1045,18.78357,1
2022-01-22,1003,Urban,1143,10.811053,0
2023-07-24,1003,Rural,795,17.03634,0
2022-10-23,1003,Suburban,1328,19.782009,0
2022-08-02,1002,Suburban,1003,8.011288,0
2023-11-17,1002,Rural,846,8.79206,0
2022-11-18,1006,Suburban,1565,4.435239,0
2022-06-20,1009,Rural,895,29.079652,0
2023-02-24,1010,Suburban,1287,17.583877,0
2023-11-20,1002,Rural,674,9.721381,0
2022-03-23,1005,Urban,1107,7.71382,0
2022-11-11,1007,Rural,289,28.825186,0
2022-09-30,1008,Rural,683,20.727638,0
2022-02-09,1008,Urban,1199,18.873124,1
2022-01-10,1004,Urban,1889,22.610923,1
2022-08-23,1007,Urban,1187,19.479115,0
2022-07-22,1004,Urban,1110,19.002599,0
2023-11-20,1005,Urban,1188,10.029398,0
2022-06-14,1009,Urban,1461,40.8045,0
2022-12-01,1004,Suburban,416,14.197091,0
2023-02-06,1005,Urban,1072,9.543611,0
2022-03-20,1002,Urban,1559,7.982284,1
2022-01-25,1002,Suburban,1028,13.895341,1
2022-10-02,1007,Urban,1319,27.728196,1
2022-05-30,1005,Urban,1339,6.338021,0
2023-09-04,1001,Urban,786,11.192038,0
2023-10-26,1007,Urban,943,27.659632,0
2022-02-19,1001,Urban,731,9.05297,1
2023-06-08,1003,Urban,692,18.245363,0
2022-06-14,1001,Urban,1501,9.471193,0
2022-04-17,1001,Rural,1315,10.511854,0
2023-03-30,1004,Urban,1197,16.734293,0
2023-05-17,1004,Rural,643,20.366934,0
2023-03-16,1005,Rural,932,6.162462,0
2023-01-12,1002,Suburban,522,8.101466,0
2023-04-28,1007,Urban,1775,17.073904,0
2023-06-10,1006,Urban,1477,7.685286,0
2022-01-22,1001,Rural,1467,8.603436,1
2022-06-24,1002,Suburban,1391,10.151323,0
2023-02-14,1005,Urban,1556,6.034713,0
2022-06-26,1007,Urban,2650,29.907645,1
2022-04-28,1005,Urban,1283,6.306379,0
2022-08-22,1001,Urban,757,14.459654,0
2023-03-26,1001,Urban,1746,13.327206,1
2023-05-10,1004,Suburban,1220,13.008429,0
2022-04-26,1008,Urban,1600,11.763694,1
2022-10-10,1004,Suburban,631,21.457007,1
2023-02-04,1004,Urban,693,13.084543,0
2023-10-23,1009,Rural,612,28.215932,0
2022-01-20,1003,Suburban,996,19.8726,0
2022-09-05,1001,Rural,961,14.980911,1
2023-11-17,1003,Urban,1187,10.956702,0
2022-11-05,1005,Urban,617,8.523391,0
2022-01-30,1004,Rural,796,20.14184,0
2023-01-30,1009,Suburban,788,40.075411,0
2022-08-05,1001,Urban,1060,10.964229,0
2023-09-25,1008,Urban,1259,14.41763,0
2022-03-03,1008,Rural,667,15.469506,0
2022-03-10,1002,Suburban,1203,10.755099,1
2022-12-25,1007,Rural,992,22.64967,1
2023-11-12,1009,Suburban,1035,38.685844,0
2023-03-29,1001,Urban,861,9.515782,0
2022-11-21,1010,Suburban,950,17.125905,0
2022-10-13,1007,Urban,1480,18.747503,0
2023-04-13,1008,Rural,1479,16.044937,1
2022-12-23,1009,Rural,927,25.198721,0
2022-10-17,1001,Urban,1472,9.819959,0
2023-03-26,1004,Urban,2498,21.878312,1
2023-07-23,1001,Rural,1272,13.515527,0
2022-11-22,1010,Suburban,889,12.727643,0
2023-04-25,1001,Rural,1394,11.966177,1
2023-10-19,1007,Rural,1186,24.409708,1
2023-01-17,1003,Urban,784,11.041069,0
2022-11-03,1001,Rural,50,14.323317,0
2022-02-08,1006,Rural,1187,8.025369,0
2022-06-05,1004,Suburban,1209,14.283725,0
2022-11-11,1010,Suburban,668,17.30853,0
2022-01-06,1004,Suburban,466,17.597387,0
2023-02-10,1007,Suburban,487,25.77925,0
2022-08-26,1008,Urban,2342,11.905698,1
2023-06-26,1003,Suburban,501,16.667515,1
2022-05-09,1008,Urban,966,14.04579,0
2022-11-28,1005,Rural,840,5.599866,1
2022-02-25,1003,Urban,193,12.068517,0
2022-09-27,1006,Suburban,952,8.876725,0
2022-01-30,1002,Suburban,1156,10.748269,0
2023-07-01,1003,Suburban,1367,13.322467,0
2023-10-05,1009,Urban,881,28.125942,0
2023-11-28,1005,Urban,702,6.075747,0
2022-08-08,1007,Urban,1532,26.881561,1
2022-08-21,1009,Urban,1489,38.254161,1
2022-08-09,1005,Urban,1764,5.545173,0
2022-01-09,1001,Suburban,939,11.786346,0
2022-09-29,1009,Suburban,1795,43.949542,0
2022-02-05,1007,Rural,560,26.873787,0
2023-01-02,1006,Suburban,1353,6.892823,0
2023-01-05,1002,Suburban,717,7.908186,0
2023-04-08,1007,Urban,1326,29.050961,0
2023-04-29,1010,Rural,774,17.465767,0
2022-11-08,1006,Urban,1095,7.124666,0
2023-05-25,1002,Urban,1379,6.628502,1
2023-04-02,1003,Suburban,1377,13.092801,1
2023-05-04,1005,Urban,1543,5.689684,0
2023-05-19,1006,Suburban,853,9.36389,0
2022-05-21,1003,Urban,1728,15.224221,0
2023-06-23,1002,Suburban,1424,11.63948,1
2022-09-28,1006,Urban,1140,7.200242,0
2023-08-04,1009,Urban,1268,42.483585,0
2022-08-20,1003,Suburban,883,11.006026,0
2023-03-05,1003,Rural,633,15.215933,0
2023-06-07,1001,Urban,759,10.079977,0
2023-10-07,1001,Rural,760,12.861733,0
2022-11-12,1005,Suburban,1598,7.944648,0
2022-09-25,1009,Urban,1197,25.50903,0
2023-02-01,1009,Suburban,742,44.96223,0
2023-03-18,1005,Urban,1099,10.155917,0
2023-08-11,1001,Suburban,968,11.029519,1
2022-01-24,1001,Urban,2173,9.850588,1
2022-04-27,1009,Urban,1001,29.340761,1
2022-10-06,1001,Urban,1573,10.388754,0
2023-04-04,1010,Urban,1403,9.292879,0
2022-11-02,1002,Rural,426,11.01269,0
2023-06-24,1004,Urban,559,17.797892,0
2022-12-03,1001,Urban,1728,11.921994,1
2023-04-19,1005,Rural,775,5.659723,0
2023-08-27,1003,Urban,798,11.955479,0
2022-08-18,1005,Urban,885,6.207903,0
2022-05-27,1002,Suburban,501,10.028587,0
2022-09-19,1002,Suburban,1314,10.873974,0
2023-07-15,1005,Suburban,917,11.063998,0
2022-07-21,1007,Urban,862,16.136906,0
2022-11-24,1001,Urban,1202,14.422296,1
2023-10-16,1008,Rural,1107,19.940158,1
2022-03-12,1006,Urban,1541,6.229448,1
2022-11-03,1004,Suburban,657,12.273699,0
2023-03-14,1003,Rural,548,10.024629,0
2022-01-16,1010,Urban,1685,8.991197,1
2022-10-01,1003,Suburban,1103,17.454631,1
2022-08-13,1010,Urban,1016,11.55398,0
2022-01-16,1004,Urban,2889,12.534091,1
2023-04-05,1006,Rural,910,5.592153,1
2022-05-20,1001,Suburban,1094,9.396236,0
2022-12-14,1009,Urban,1848,21.935799,1
2022-01-23,1005,Urban,1548,5.663075,0
2023-03-23,1001,Urban,966,12.83785,0
2023-11-28,1006,Rural,765,4.987086,0
2023-06-22,1003,Suburban,1364,19.835811,0
2022-02-06,1010,Urban,756,12.494175,0
2022-03-25,1005,Rural,382,8.569041,1
2022-05-10,1004,Suburban,1008,12.090279,0
2022-08-02,1004,Suburban,740,13.83411,0
2023-04-11,1007,Suburban,159,27.833731,1
2022-11-07,1001,Suburban,746,12.209922,0
2023-04-15,1006,Urban,1076,7.158426,0
2023-09-12,1003,Suburban,374,10.023435,0
2023-10-25,1003,Rural,195,16.770522,0
2023-02-18,1010,Suburban,1608,11.088453,1
2022-01-18,1006,Suburban,1197,8.676266,0
2022-08-15,1005,Urban,913,8.53326,0
2023-11-22,1001,Urban,1399,11.849139,0
2022-04-08,1003,Suburban,1237,14.582336,0
2022-09-30,1003,Suburban,1343,18.42599,0
2022-12-13,1005,Urban,1655,8.375421,1
2022-02-05,1007,Urban,999,16.242005,0
2023-08-29,1004,Urban,379,18.610401,0
2022-03-03,1010,Rural,865,16.42998,1
2022-03-14,1006,Urban,1367,6.832392,0
2023-06-11,1004,Urban,1895,24.43122,1
2023-01-11,1001,Urban,1148,14.070072,0
2023-07-25,1002,Suburban,631,11.964918,0
2023-09-19,1008,Suburban,1328,20.289331,0
2022-02-03,1002,Urban,1996,11.320739,1
2023-03-20,1010,Suburban,882,17.428818,0
2022-11-21,1008,Urban,1108,15.295545,0
2022-01-07,1007,Rural,1652,20.165136,1
2023-11-09,1006,Urban,679,7.798325,0
2022-09-03,1007,Urban,1431,23.305603,0
2022-06-21,1007,Rural,1417,21.276778,0
2023-06-17,1001,Urban,1302,10.718376,0
2023-10-26,1009,Rural,944,22.658454,0
2022-12-31,1004,Suburban,1280,24.941649,0
2023-05-24,1009,Urban,1498,40.250233,0
2022-02-05,1002,Urban,1048,8.355786,0
2022-11-12,1009,Urban,1574,21.572715,0
2022-08-05,1010,Suburban,860,9.077028,0
2022-07-06,1007,Rural,599,25.217934,0
2022-11-04,1006,Suburban,386,5.013109,0
2023-11-24,1005,Suburban,601,6.901995,0
2022-02-14,1003,Rural,1227,15.357403,0
2022-04-14,1001,Rural,500,8.767477,0
2022-10-21,1003,Urban,1364,18.259615,0
2023-02-22,1010,Urban,835,13.847325,0
2023-06-16,1009,Rural,786,25.673261,1
2022-08-03,1007,Rural,844,24.750594,0
2022-01-22,1002,Urban,1461,11.076064,0
2023-05-13,1001,Urban,1006,14.442329,0
2022-09-02,1005,Urban,841,5.175917,1
2023-10-16,1009,Rural,535,43.183637,1
2022-10-28,1010,Urban,1110,10.22497,0
2023-07-18,1005,Rural,1264,10.283696,0
2023-07-08,1007,Urban,1144,25.15896,0
2023-06-04,1007,Rural,1060,25.829092,1
2023-01-01,1008,Urban,1295,16.003259,0
2023-05-06,1004,Rural,817,21.430484,0
2022-11-28,1002,Urban,760,11.119906,1
2023-01-25,1005,Rural,768,10.645132,0
2022-08-11,1009,Suburban,1785,22.408474,1
2022-01-16,1004,Rural,914,23.358748,0
2023-01-11,1001,Urban,1490,8.006595,0
2023-08-05,1004,Urban,1705,21.062406,1
2022-03-08,1004,Suburban,833,13.959168,0
2022-09-29,1002,Suburban,981,7.664461,0
2023-01-30,1008,Urban,1252,16.647963,0
2022-06-14,1008,Urban,780,11.582399,0
2023-06-26,1004,Suburban,796,14.243208,0
2023-09-09,1002,Suburban,1836,13.114185,1
2022-02-28,1003,Urban,1044,13.929203,0
2022-09-16,1003,Rural,610,17.804819,0
2022-06-16,1002,Suburban,882,11.847206,0
2022-10-11,1008,Suburban,667,14.20333,0
2022-09-20,1004,Suburban,510,13.949643,0
2023-03-23,1005,Suburban,646,9.523913,0
2022-12-25,1005,Urban,2476,8.697109,1
2022-08-15,1009,Rural,1439,26.592389,1
2022-05-16,1002,Urban,840,10.704249,0
2022-04-15,1004,Urban,1181,15.480138,0
2022-04-01,1005,Urban,715,7.906215,0
2022-01-15,1009,Urban,1588,26.7865,0
2022-03-07,1009,Suburban,998,20.097223,0
2022-08-10,1009,Rural,1170,24.764183,1
2022-05-26,1009,Rural,374,41.999831,0
2023-01-06,1009,Suburban,943,35.738408,0
2023-07-18,1009,Urban,1045,30.761098,0
2022-07-10,1005,Urban,938,9.93649,0
2023-06-14,1005,Rural,784,7.727941,0
2022-05-08,1005,Urban,953,5.388872,0
2023-06-10,1005,Suburban,492,9.754512,0
2022-05-04,1005,Urban,899,7.744885,1
2022-07-06,1005,Rural,1275,5.718089,1
2023-09-05,1004,Rural,1023,24.280811,0
2023-11-19,1007,Suburban,1407,18.346026,1
2022-08-11,1003,Rural,2017,19.715239,1
2022-10-24,1007,Rural,871,15.234747,1
2022-09-05,1003,Urban,1480,12.656788,1
2023-11-13,1009,Rural,609,43.862,0
2023-04-28,1002,Rural,896,13.752991,1
2022-08-21,1006,Suburban,2564,9.94696,1
2022-12-06,1004,Urban,808,23.827398,0
2023-06-23,1004,Suburban,583,21.205627,1
2023-03-01,1007,Rural,1179,28.096312,0
2023-06-12,1006,Rural,958,6.400497,1
2023-09-05,1010,Rural,576,15.42173,0
2022-08-14,1007,Suburban,740,21.478892,0
2022-01-09,1002,Suburban,424,12.841466,0
2022-08-13,1001,Suburban,1126,11.200464,0
2022-12-14,1008,Rural,810,16.322707,1
2022-12-28,1003,Urban,905,18.225046,0
2022-12-22,1001,Rural,531,12.37908,0
2022-05-15,1006,Urban,2177,8.100388,1
2023-06-03,1001,Rural,1480,11.720819,1
2023-02-22,1002,Suburban,1837,11.318222,1
2022-04-23,1007,Rural,653,24.800681,0
2023-10-28,1005,Rural,646,8.64629,0
2023-10-16,1007,Suburban,594,24.968747,0
2022-02-16,1010,Rural,1158,12.631615,1
2023-01-24,1004,Rural,1544,16.954753,1
2023-05-21,1005,Urban,904,8.661508,0
2022-03-17,1003,Urban,996,17.195069,0
2023-08-20,1005,Rural,677,11.190962,0
2022-06-09,1002,Urban,1715,7.187789,1
2022-09-07,1005,Suburban,1144,7.878543,0
2023-06-01,1005,Rural,704,10.381985,1
2022-10-25,1008,Urban,871,20.053039,0
2023-03-06,1008,Suburban,840,19.322245,0
2023-03-07,1001,Urban,514,12.374321,1
2023-03-11,1003,Suburban,1052,17.332657,0
2022-07-18,1007,Suburban,2333,29.372831,1
2023-01-04,1007,Urban,1182,16.189125,1
2023-10-19,1001,Rural,618,12.915631,0
2023-02-18,1010,Suburban,995,14.0561,1
2023-09-15,1008,Urban,1463,21.798869,0
2022-01-02,1002,Suburban,988,8.709695,0
2022-05-31,1004,Urban,956,18.769997,0
2022-06-28,1008,Urban,1309,17.066994,0
2022-03-11,1006,Suburban,1057,6.487345,0
2022-01-06,1009,Urban,934,40.757613,0
2023-08-15,1001,Suburban,1259,9.242214,0
2023-11-17,1008,Suburban,1816,12.276973,0
2022-11-20,1004,Urban,1883,20.18565,0
2022-10-18,1006,Suburban,1777,7.142684,1
2023-10-22,1010,Suburban,1712,10.630793,1
2022-06-18,1002,Rural,676,6.617095,0
2022-01-14,1005,Suburban,1047,11.912761,0
2022-07-16,1007,Urban,1458,23.417331,0
2023-05-28,1001,Suburban,1797,11.82651,1
2022-09-13,1004,Suburban,1171,16.88694,0
2023-07-28,1009,Rural,187,33.434459,0
2022-09-21,1001,Rural,362,9.806661,0
2023-02-01,1004,Urban,1784,13.309246,0
2023-04-12,1008,Urban,848,10.699019,0
2023-08-03,1003,Urban,648,14.353611,0
2023-09-23,1003,Urban,886,13.314459,0
2023-11-19,1008,Suburban,753,10.634271,1
2022-11-12,1010,Urban,1621,10.910661,0
2022-09-13,1010,Suburban,681,15.179374,0
2023-08-27,1008,Urban,1832,19.911461,1
2023-04-17,1007,Suburban,1188,18.659563,0
2022-10-26,1003,Urban,1584,13.214142,0
2023-07-21,1006,Suburban,1246,8.783231,1
2023-03-16,1008,Urban,1565,11.239123,0
2022-03-06,1001,Suburban,1539,8.899955,1
2022-09-01,1010,Urban,514,17.307039,0
2023-11-21,1002,Urban,908,7.770452,1
2022-10-18,1010,Urban,955,10.126683,1
2022-05-23,1007,Urban,938,16.224046,1
2023-04-04,1001,Suburban,1238,14.991108,0
2023-11-24,1009,Urban,1059,31.41883,0
2022-09-29,1006,Suburban,1263,9.374379,0
2022-10-23,1004,Suburban,761,13.487631,1
2022-12-22,1010,Urban,1379,11.746539,0
2023-01-06,1007,Suburban,625,29.024574,0
2023-09-11,1001,Rural,1035,8.243051,0
2022-08-05,1002,Urban,520,7.033599,0
2022-02-14,1003,Suburban,970,18.704161,0
2022-08-17,1003,Rural,1269,10.206725,1
2023-01-07,1001,Rural,745,14.575272,0
2022-05-09,1004,Urban,470,24.511837,0
2023-09-05,1003,Urban,1064,19.471953,0
2023-05-19,1007,Suburban,865,21.532433,1
2023-10-15,1004,Suburban,938,14.119012,0
2022-08-24,1010,Urban,525,14.148412,0
2022-06-17,1005,Rural,699,10.570181,1
2022-12-17,1009,Suburban,1230,42.127546,0
2022-10-08,1010,Rural,1395,14.353038,1
2022-02-21,1008,Suburban,730,21.462158,0
2023-02-15,1001,Suburban,942,12.547046,0
2023-03-25,1009,Suburban,645,37.640575,0
2023-11-11,1009,Urban,1363,32.047242,0
2023-08-05,1010,Suburban,715,13.654153,0
2023-06-10,1007,Suburban,1208,24.192233,0
2022-12-18,1003,Urban,1428,17.042616,0
2022-12-17,1008,Urban,1228,17.783466,1
2022-03-24,1010,Suburban,1292,10.416252,1
2022-10-06,1007,Urban,1434,19.293106,0
2022-03-04,1007,Urban,849,24.553351,0
2022-08-01,1003,Suburban,791,17.550499,0
2022-06-11,1010,Urban,1614,15.356917,0
2022-01-03,1004,Suburban,818,21.289499,0
2022-09-26,1010,Suburban,785,9.26663,0
2023-11-14,1001,Urban,1759,12.053174,0
2023-07-16,1010,Suburban,1627,13.957727,0
2023-02-07,1008,Urban,443,18.832806,1
2023-04-26,1007,Suburban,531,20.093899,0
2023-05-27,1003,Suburban,717,11.991574,0
2022-08-22,1010,Urban,1203,8.844126,0
2022-06-26,1007,Urban,2197,16.045994,1
2022-05-31,1009,Urban,1860,33.515643,1
2023-08-07,1010,Urban,735,15.236879,0
2022-01-10,1008,Urban,1220,13.296102,0
2022-04-10,1004,Rural,216,17.102825,0
2023-10-27,1001,Suburban,1206,14.783543,0
2022-06-03,1006,Rural,898,7.372425,0
2023-01-18,1001,Rural,590,14.194411,0
2023-08-11,1003,Urban,1292,13.892435,0
2023-06-05,1005,Urban,904,8.773406,0
2023-08-24,1006,Urban,1869,9.276763,0
2023-10-13,1003,Urban,1800,16.467337,1
2022-06-10,1003,Suburban,747,11.958135,1
2022-09-09,1009,Suburban,1960,39.793946,1
2022-07-09,1002,Suburban,754,12.810565,0
2023-09-21,1007,Urban,950,24.905635,0
2023-04-16,1005,Suburban,1115,8.464524,1
2023-10-01,1008,Suburban,698,14.371824,1
2023-07-09,1001,Rural,472,9.53592,0
2022-07-16,1007,Suburban,1044,22.48773,0
2022-11-11,1005,Urban,1405,6.185384,0
2023-09-14,1005,Urban,1085,7.081696,0
2022-04-04,1001,Suburban,382,9.179137,0
2023-05-12,1005,Urban,1047,9.4835,0
2022-05-10,1009,Rural,1009,22.605454,0
2023-10-19,1006,Suburban,974,4.189771,0
2022-04-24,1001,Suburban,1446,12.104436,0
2023-09-29,1009,Suburban,1282,37.87149,1
2023-03-20,1005,Suburban,328,11.260334,0
2022-10-29,1006,Suburban,1158,6.851021,0
2023-02-10,1004,Suburban,358,22.829358,0
2023-02-11,1009,Urban,1358,40.346889,0
2022-03-11,1010,Suburban,955,15.098943,0
2023-07-29,1009,Rural,658,44.366443,0
2022-06-20,1003,Urban,1272,17.720091,0
2022-05-13,1001,Rural,256,13.570361,0
2023-03-28,1009,Urban,795,42.626197,0
2022-08-05,1009,Suburban,1049,25.567854,0
2022-11-13,1009,Urban,1713,42.01623,1
2023-09-17,1003,Urban,997,14.669728,0
2022-12-15,1010,Suburban,1734,16.070678,1
2022-06-12,1007,Urban,1636,17.811223,1
2022-03-17,1007,Suburban,1303,17.660734,0
2023-04-25,1004,Suburban,686,16.994678,0
2022-12-21,1001,Suburban,1637,14.540122,1
2022-11-07,1001,Suburban,953,11.805135,0
2023-03-07,1004,Urban,1174,19.680088,0
2022-04-04,1001,Rural,498,12.790879,0
2022-02-23,1004,Rural,572,18.966745,0
2023-10-10,1001,Suburban,696,13.825429,0
2023-11-25,1008,Suburban,717,14.778796,0
2022-02-05,1002,Suburban,759,9.437001,1
2023-02-22,1008,Suburban,1124,20.492712,0
2023-04-11,1009,Urban,1030,25.95604,1
2022-12-24,1004,Suburban,1051,12.906951,0
2022-01-23,1005,Rural,1632,5.936044,1
2022-08-26,1003,Rural,1010,13.035614,0
2023-07-01,1009,Urban,1425,39.587197,0
2022-10-06,1001,Urban,936,14.962793,0
2022-11-16,1007,Urban,1097,21.351823,0
2022-05-04,1005,Suburban,1244,8.570587,0
2022-03-04,1003,Urban,1127,14.300723,0
2022-11-17,1005,Urban,1622,8.563845,1
2022-12-31,1002,Urban,785,9.249634,0
2022-07-19,1008,Urban,1197,17.301442,0
2022-05-13,1006,Suburban,1182,4.377288,1
2022-12-23,1003,Suburban,838,17.778686,0
2022-09-16,1009,Rural,257,37.719386,1
2022-03-06,1006,Suburban,631,6.02361,1
2023-08-01,1005,Suburban,649,11.723594,0
2023-05-22,1006,Urban,618,9.375522,0
2023-05-16,1006,Urban,1783,6.853981,1
2023-10-25,1007,Suburban,994,16.676533,0
2022-01-07,1009,Suburban,1450,26.438858,1
2023-10-18,1001,Rural,1073,8.509959,0
2022-11-06,1010,Urban,649,16.354296,0
2022-12-19,1004,Rural,735,18.680147,0
2022-03-31,1008,Urban,390,20.512224,0
2023-09-23,1009,Urban,2506,38.548623,1
2023-06-28,1002,Urban,1345,13.717195,0
2023-06-17,1001,Suburban,50,14.054159,0
2022-01-19,1006,Urban,733,5.675782,0
2022-10-06,1010,Urban,1813,15.06292,0
2023-10-24,1010,Rural,1208,11.453701,0
2022-05-22,1004,Suburban,974,17.873961,0
2022-07-11,1001,Suburban,542,10.766696,1
2023-06-26,1003,Urban,920,16.66265,0
2022-01-03,1004,Urban,1164,23.693531,0
2023-08-21,1003,Rural,926,14.84437,0
2023-07-18,1001,Rural,686,14.021926,0
2023-05-14,1008,Suburban,1391,18.717289,0
2022-03-01,1004,Rural,724,18.917454,0
2022-06-08,1010,Urban,712,15.331257,0
2023-08-05,1004,Urban,832,14.122867,0
2023-03-14,1001,Urban,978,9.727274,0
2023-10-12,1003,Rural,679,17.784277,0
2022-05-20,1008,Suburban,958,12.507951,0
2022-03-25,1009,Suburban,971,28.660483,0
2023-10-16,1005,Urban,1292,5.96179,0
2022-07-26,1004,Rural,562,19.108038,0
2023-04-11,1010,Rural,50,15.504368,1
2023-10-05,1004,Rural,574,21.476039,0
2023-04-29,1007,Suburban,1328,21.249544,0
2022-08-31,1003,Urban,1396,10.187807,0
2023-06-10,1010,Suburban,615,17.047427,0
2023-07-21,1003,Suburban,1582,14.377476,1
2023-11-03,1007,Urban,1054,28.233254,0
2023-03-03,1008,Urban,1689,15.149651,1
2023-04-13,1001,Rural,682,12.201286,0
2022-03-17,1009,Rural,1094,26.030038,1
2023-05-16,1007,Urban,651,25.201035,1
2023-06-09,1003,Urban,1561,14.080763,0
2023-02-15,1010,Urban,568,10.049168,0
2023-01-27,1007,Suburban,1381,21.416599,0
2023-07-24,1009,Rural,831,22.144222,0
2023-02-01,1008,Rural,788,17.378491,0
2023-03-09,1008,Suburban,1312,14.772488,0
2022-07-16,1002,Suburban,540,7.530062,1
2023-03-12,1001,Suburban,1880,9.473456,0
2022-01-10,1009,Urban,1857,22.842706,1
2023-09-24,1010,Urban,1160,11.624547,0
2022-10-12,1003,Suburban,748,16.003745,0
2022-09-04,1007,Suburban,854,21.773061,0
2022-11-07,1001,Urban,876,10.043609,0
2023-06-24,1002,Urban,1502,9.918704,0
2022-01-16,1007,Rural,1078,27.024706,1
2023-08-30,1009,Rural,645,32.158484,0
2023-08-01,1004,Urban,1471,21.014015,0
2023-09-07,1007,Urban,1325,26.333228,0
2022-05-21,1006,Suburban,1147,9.013573,0
2022-11-15,1009,Urban,492,20.31791,1
2022-08-26,1008,Suburban,1019,17.533353,0
2023-04-20,1008,Suburban,812,10.476571,0
2023-05-12,1009,Suburban,1738,34.487909,1
2023-09-10,1006,Urban,2363,5.110593,1
2022-10-09,1001,Urban,1467,9.858008,0
2022-02-06,1010,Suburban,861,17.366503,0
2022-08-17,1005,Suburban,1649,8.74323,1
2022-02-06,1003,Urban,1565,17.561373,1
2023-01-16,1003,Urban,885,11.537836,0
2023-10-12,1009,Urban,215,33.048307,0
2023-01-10,1006,Rural,824,4.436627,0
2023-09-05,1010,Urban,712,9.826843,0
2023-05-04,1007,Suburban,1576,29.657882,1
2022-09-02,1006,Urban,1399,4.049184,0
2022-07-25,1007,Rural,439,24.449049,0
2023-01-20,1001,Suburban,1257,14.860747,1
2022-08-31,1002,Urban,797,12.905379,1
2023-04-02,1005,Suburban,2608,6.551554,1
2023-10-18,1005,Urban,667,8.124731,1
2023-05-29,1009,Urban,2362,33.619253,1
2023-10-05,1010,Suburban,795,16.809189,0
2022-09-10,1008,Rural,1521,11.274256,1
2022-03-27,1010,Suburban,1385,8.201711,1
2022-09-27,1005,Suburban,698,9.942366,1
2023-05-27,1005,Urban,1548,7.993087,0
2023-07-29,1009,Suburban,1346,36.439128,0
2023-05-06,1001,Rural,529,11.53682,0
2022-05-25,1009,Suburban,788,26.410509,0
2023-02-10,1007,Rural,944,19.786325,0
2022-10-12,1010,Urban,1050,9.660181,0
2023-01-21,1004,Suburban,1783,13.652276,1
2023-01-10,1008,Rural,760,16.197266,0
2022-02-16,1003,Rural,1316,19.957816,1
2022-05-18,1004,Urban,1583,13.269136,0
2023-07-28,1003,Suburban,931,11.745289,0
2022-08-02,1008,Urban,1106,15.272866,0
2022-03-07,1001,Suburban,946,8.745441,0
2022-03-10,1002,Suburban,776,10.385009,0
2022-10-01,1006,Suburban,613,5.470812,0
2022-08-03,1010,Urban,1157,16.575277,0
2023-09-30,1003,Urban,1296,11.500129,0
2022-08-10,1001,Urban,1260,8.016377,0
2022-04-09,1009,Urban,1298,35.101341,0
2022-05-01,1003,Suburban,863,19.384279,0
2022-12-26,1007,Urban,1253,25.63622,0
2023-06-10,1008,Urban,980,20.573353,0
2023-11-11,1002,Urban,1458,9.005613,0
2023-11-15,1002,Rural,637,9.169783,0
2022-12-11,1003,Suburban,1002,14.971698,0
2022-11-05,1008,Suburban,583,15.473856,0
2022-09-27,1004,Urban,936,20.729845,1
2022-12-18,1003,Urban,2066,11.212768,1
2023-10-09,1001,Urban,769,10.281971,0
2023-09-10,1008,Rural,1104,18.31385,0
2023-03-04,1010,Urban,2027,9.382537,0
2022-04-12,1003,Suburban,220,17.301952,0
2022-04-05,1004,Rural,752,16.982216,1
2022-02-18,1002,Rural,936,11.715059,1
2023-04-27,1002,Suburban,336,8.370648,0
2023-09-26,1002,Urban,957,12.429883,0
2023-04-16,1001,Urban,570,10.999081,0
2023-08-12,1001,Urban,1578,14.569454,0
2022-11-19,1001,Rural,448,14.340531,0
2023-11-07,1002,Urban,1550,10.096259,0
2022-01-24,1008,Urban,1150,16.242725,0
2022-12-17,1007,Urban,1204,20.59932,0
2022-10-07,1002,Suburban,1121,12.701741,0
2023-03-21,1009,Urban,1064,28.81423,0
2022-03-19,1005,Urban,1357,11.583592,0
2022-01-31,1004,Urban,758,18.109031,0
2023-11-18,1005,Urban,2097,8.577991,0
2022-08-10,1006,Rural,1027,5.340987,0
2022-05-15,1006,Rural,436,9.630933,0
2023-02-01,1003,Urban,1010,12.111454,0
2023-11-27,1001,Rural,898,14.957475,1
2022-04-25,1006,Suburban,831,7.02261,0
2022-08-17,1004,Urban,1052,16.358916,0
2022-11-22,1006,Rural,1452,6.145567,1
2022-07-07,1006,Urban,733,9.852701,0
2022-06-04,1010,Urban,1014,8.056435,0
2022-04-19,1004,Urban,1471,22.35888,0
2023-09-28,1004,Urban,1035,24.165002,0
2022-04-19,1007,Urban,1786,27.079368,1
2023-03-29,1007,Urban,2015,18.080963,1
2022-08-25,1007,Urban,1919,19.298365,1
2022-02-22,1010,Rural,949,10.561379,0
2023-01-23,1007,Suburban,1293,17.310105,1
2022-12-21,1005,Rural,1127,5.01424,1
2022-01-02,1009,Rural,775,31.292677,0
2022-04-12,1001,Rural,285,12.454675,0
2023-01-31,1003,Urban,1416,12.084866,0
2022-07-01,1007,Suburban,360,25.030157,0
2023-08-15,1002,Suburban,844,8.146325,0
2023-04-26,1010,Suburban,1458,16.525334,1
2022-12-21,1005,Suburban,522,11.128661,0
2023-03-20,1001,Suburban,1712,14.217602,1
2023-03-23,1004,Rural,856,14.294113,1
2023-07-14,1001,Urban,1615,10.978629,0
2023-03-09,1006,Suburban,626,5.989002,0
2022-10-11,1010,Suburban,876,17.759589,0
2023-05-29,1004,Urban,255,19.620964,0
2023-08-03,1010,Urban,1330,14.036198,0
2022-04-27,1009,Urban,1224,31.095343,1
2022-12-03,1006,Urban,1812,6.557654,1
2023-04-20,1002,Urban,1103,13.133601,1
2022-10-27,1005,Suburban,908,9.28833,0
2022-06-03,1009,Rural,770,41.25414,0
2023-04-14,1004,Rural,787,14.158461,0
2022-12-21,1009,Urban,1709,21.335154,0
2022-12-03,1003,Suburban,1746,19.717995,1
2022-03-22,1002,Rural,956,6.376109,1
2022-09-15,1001,Urban,192,11.906873,0
2022-01-03,1007,Urban,1543,23.897679,0
2023-07-20,1007,Urban,1277,24.457184,0
2023-04-26,1006,Suburban,846,9.824256,0
2023-11-11,1003,Suburban,1367,15.556838,0
2022-08-11,1010,Urban,1076,11.747223,0
2023-11-07,1008,Rural,1407,12.044327,1
2022-02-20,1003,Urban,1923,17.592979,0
2022-01-11,1005,Suburban,628,5.460782,0
2023-07-04,1008,Rural,669,15.225609,0
2023-10-16,1005,Suburban,1377,6.65623,1
2022-04-28,1004,Suburban,1365,20.724341,0
2023-10-29,1006,Rural,323,7.065432,0
2023-02-10,1009,Rural,659,35.704899,0
2022-09-17,1004,Rural,1614,13.758171,1
2022-07-07,1002,Rural,582,9.561348,0
2022-09-16,1008,Rural,993,15.729856,0
2022-03-10,1007,Rural,798,24.584882,0
2022-07-29,1002,Urban,952,7.080351,0
2023-06-06,1009,Rural,742,35.644788,0
2022-12-17,1010,Urban,1087,10.881799,0
2023-10-24,1005,Urban,989,5.431682,0
2022-03-13,1003,Urban,1701,13.447932,0
2022-02-01,1005,Suburban,580,10.885424,0
2023-02-13,1008,Urban,1990,18.989362,1
2022-08-24,1006,Suburban,993,5.864323,0
2022-06-01,1004,Suburban,1217,23.989804,0
2023-03-28,1001,Suburban,617,10.608462,0
2023-02-24,1008,Urban,1488,17.238218,0
2022-07-09,1002,Rural,1068,6.883924,0
2023-04-13,1005,Suburban,1200,6.270978,0
2022-10-12,1004,Urban,402,16.762917,0
2022-01-20,1003,Suburban,1079,18.085102,1
2023-08-19,1004,Suburban,916,23.896701,0
2023-09-18,1007,Rural,1015,19.782633,1
2022-01-05,1007,Suburban,1407,26.551755,0
2023-08-16,1010,Rural,529,15.881218,0
2023-06-19,1004,Suburban,751,24.941071,0
2022-11-09,1004,Rural,415,16.821362,0
2022-02-22,1004,Urban,1376,22.927593,0
2023-02-16,1002,Urban,1452,7.368865,0
2022-03-26,1007,Suburban,666,19.441144,0
2022-06-13,1008,Rural,804,15.427962,0
2023-02-07,1005,Suburban,1037,7.146197,0
2023-07-14,1003,Suburban,1328,18.797002,0
2023-09-11,1006,Urban,562,5.680401,0
2022-08-11,1010,Rural,891,9.611639,0
2022-08-16,1007,Suburban,582,29.977835,0
2023-01-03,1001,Rural,513,10.579666,0
2023-03-23,1006,Rural,1519,4.843472,1
2023-03-16,1005,Urban,1553,6.497,0
2022-01-29,1007,Urban,1113,25.703186,0
2022-11-20,1007,Rural,980,18.162344,1
2022-05-03,1002,Suburban,1422,7.8877,1
2022-12-31,1007,Rural,938,27.367172,0
2022-09-20,1002,Urban,939,10.430597,0
2022-07-08,1008,Urban,2131,13.082866,1
2023-06-08,1006,Urban,2262,8.371051,1
2022-09-23,1010,Suburban,986,10.256494,0
2023-01-28,1001,Rural,1180,8.135928,1
2023-06-26,1004,Suburban,897,14.574983,0
2023-08-30,1007,Urban,1901,17.184888,1
2022-04-01,1010,Urban,771,14.56254,0
2023-11-21,1002,Urban,646,8.588556,0
2022-03-20,1002,Suburban,1129,13.443564,0
2022-09-10,1003,Suburban,506,18.849358,0
2023-01-13,1009,Suburban,907,23.554836,0
2023-06-23,1003,Suburban,733,11.601911,0
2022-04-12,1007,Suburban,989,18.153674,0
2022-11-24,1008,Urban,1184,15.071794,0
2023-03-31,1008,Urban,720,15.833474,0
2023-04-20,1005,Suburban,1026,6.427217,0
2023-11-27,1007,Suburban,1314,28.972034,1
2022-12-10,1001,Suburban,1471,8.185145,0
2023-11-01,1001,Urban,660,14.584845,0
2022-01-23,1007,Suburban,1849,27.947177,1
2023-05-11,1003,Urban,1439,11.666133,0
2022-09-27,1005,Urban,1560,10.087683,0
2022-08-24,1003,Urban,1942,19.934637,1
2022-10-19,1003,Suburban,847,11.243975,0
2022-01-29,1008,Urban,1535,16.045555,1
2023-02-28,1002,Rural,1744,6.128183,1
2022-04-25,1009,Suburban,1498,30.185854,0
2023-02-24,1003,Rural,836,17.05145,0
2023-11-09,1004,Rural,643,15.113159,0
2022-09-19,1006,Urban,1449,6.921623,0
2023-03-28,1010,Rural,677,9.009051,0
2022-04-27,1007,Urban,747,27.471384,0
2022-10-12,1005,Rural,486,11.574399,0
2023-04-08,1009,Urban,1864,29.033293,0
2023-01-04,1007,Rural,1146,22.772684,0
2022-01-11,1009,Suburban,970,29.81372,0
2023-10-31,1004,Urban,1237,13.380137,1
2022-02-20,1009,Suburban,1396,21.774891,0
2022-04-23,1010,Urban,874,11.025634,0
2022-02-06,1001,Urban,1084,13.852794,0
2022-06-23,1009,Suburban,1289,24.726156,0
2022-07-15,1005,Rural,830,11.418663,1
2023-02-08,1003,Urban,1691,13.012188,1
2023-04-22,1006,Urban,1606,8.119507,1
2023-05-04,1005,Rural,811,8.686803,0
2022-04-12,1006,Urban,1255,4.663339,0
2022-03-16,1007,Urban,1995,29.192238,1
2023-02-02,1004,Urban,1707,15.719611,1
2022-09-22,1004,Urban,1743,22.274917,1
2022-11-09,1008,Rural,918,16.130188,1
2022-09-29,1004,Urban,1249,15.793857,0
2022-03-13,1010,Urban,1339,13.561081,0
2022-11-16,1010,Suburban,988,14.70937,1
2023-03-27,1009,Suburban,303,34.433928,1
2023-05-22,1005,Rural,1161,8.298163,1
2023-01-12,1002,Rural,711,6.559684,0
2022-01-08,1007,Urban,1217,19.993823,0
2023-10-12,1003,Suburban,634,14.973745,0
2022-08-26,1006,Urban,1088,4.647918,0
2023-08-19,1005,Rural,1955,11.462748,1
2023-11-08,1007,Urban,1205,22.542994,0
2022-08-07,1010,Rural,688,8.368268,0
2022-04-07,1007,Urban,905,27.803316,0
2022-02-17,1008,Urban,1113,16.772675,0
2022-06-26,1008,Rural,1283,16.818755,1
2023-04-09,1005,Rural,785,5.799885,1
2023-06-25,1007,Suburban,598,22.685099,0
2022-11-13,1004,Suburban,632,13.697385,0
2022-06-19,1009,Urban,1534,22.463556,1
2023-02-20,1009,Suburban,1164,25.444908,1
2023-01-11,1005,Suburban,1444,7.40793,1
2023-04-18,1008,Suburban,745,15.399519,0
2023-01-26,1010,Rural,620,15.566343,0
2023-05-13,1006,Rural,140,8.811088,0
2022-07-15,1002,Urban,872,12.277258,1
2023-07-03,1001,Rural,947,10.634626,0
2023-03-01,1007,Urban,2162,15.722252,1
2023-05-13,1005,Rural,1265,8.042017,1
2022-11-06,1001,Rural,1399,9.85438,0
2023-11-23,1001,Urban,2311,10.775883,1
2022-01-07,1009,Urban,835,25.850888,0
2023-02-26,1010,Urban,1211,12.49196,1
2022-10-01,1009,Urban,1317,35.303517,1
2022-03-06,1006,Urban,1200,9.202777,0
2022-03-27,1004,Rural,1079,20.983504,1
2022-01-02,1007,Rural,760,19.179754,0
2022-08-04,1004,Urban,598,21.2559,0
2022-08-15,1004,Urban,509,22.433329,0
2023-03-16,1005,Suburban,812,9.803401,0
2023-02-08,1004,Suburban,1228,13.368318,0
2022-10-23,1001,Suburban,1860,14.076776,0
2023-10-23,1008,Rural,309,21.138325,0
2022-04-02,1009,Urban,1069,21.97979,0
2023-04-26,1002,Urban,1850,8.570571,1
2023-02-19,1002,Suburban,896,8.908185,0
2023-07-18,1007,Rural,800,17.563294,0
2023-05-26,1002,Urban,1380,11.679045,0
2022-06-03,1008,Rural,431,13.995564,0
2023-11-11,1006,Suburban,1789,6.440666,1
2023-04-04,1003,Urban,1777,15.572952,1
2022-02-09,1005,Urban,1026,10.637613,0
2023-01-17,1006,Urban,919,6.937299,0
2022-03-27,1010,Rural,931,9.181693,0
2023-11-12,1005,Suburban,1496,10.365639,0
2022-03-26,1002,Suburban,747,9.748004,0
2022-05-22,1010,Rural,1585,11.792763,1
2023-09-09,1010,Urban,1827,14.8176,0
2022-10-12,1010,Rural,285,17.414101,0
2023-01-25,1005,Urban,1330,6.626699,0
2022-05-04,1010,Suburban,867,15.10741,0
2023-03-21,1004,Urban,1411,19.593435,1
2022-05-10,1008,Suburban,1164,21.561923,0
2022-08-16,1009,Suburban,791,29.20504,0
2023-04-11,1008,Suburban,514,12.862509,0
2022-11-02,1008,Rural,929,11.492015,1
2022-03-26,1008,Suburban,1520,12.83492,0
2022-03-15,1003,Urban,1576,18.034916,0
2023-07-16,1009,Rural,1712,38.882946,1
2023-01-18,1006,Rural,833,7.243436,0
2022-05-31,1002,Urban,1676,7.983304,0
2022-03-28,1005,Urban,1757,7.734237,1
2023-01-21,1008,Suburban,534,14.306655,0
2023-05-31,1006,Urban,1815,9.167472,1
2023-08-14,1009,Rural,937,40.877309,0
2023-10-27,1002,Suburban,1214,8.772669,0
2023-09-11,1002,Urban,970,8.92661,0
2023-06-25,1006,Urban,848,6.908188,0
2022-11-29,1006,Rural,991,5.709105,1
2023-11-21,1005,Rural,807,8.098808,0
2023-09-28,1002,Urban,1011,11.200971,0
2023-04-01,1002,Rural,639,11.662507,0
2023-02-14,1009,Rural,750,26.602464,0
2023-04-08,1005,Suburban,1379,10.30483,0
2022-04-10,1007,Suburban,1157,16.939167,0
2023-02-24,1007,Urban,879,26.813478,0
2023-02-28,1005,Suburban,979,9.986334,1
2022-11-15,1009,Rural,1657,37.589096,1
2023-09-20,1001,Urban,1017,8.537878,0
2022-03-28,1002,Urban,972,9.411654,0
2023-10-13,1007,Suburban,1381,21.74565,0
2023-04-08,1008,Urban,1852,18.763963,0
2022-11-09,1002,Suburban,1240,12.683447,1
2023-11-15,1004,Rural,855,18.766647,0
2022-04-09,1002,Suburban,1240,9.958259,0
2022-08-21,1005,Suburban,1405,6.300835,0
2023-04-09,1003,Suburban,523,16.601728,0
2022-10-23,1001,Suburban,1736,9.641017,1
2023-10-21,1006,Urban,845,9.963838,0
2023-09-29,1003,Urban,1357,16.570222,1
2022-03-04,1001,Urban,905,12.488267,0
2023-04-07,1002,Urban,1612,12.627381,0
2022-03-14,1010,Suburban,1723,13.045621,1
2023-06-04,1006,Suburban,1188,8.569754,1
2022-08-22,1007,Urban,920,22.730014,0
2022-01-09,1004,Rural,1070,19.566419,0
2023-11-15,1007,Urban,882,24.837634,0
2022-05-11,1002,Urban,681,9.415383,0
2022-06-21,1004,Rural,403,13.41452,0
2022-06-13,1002,Rural,647,9.711224,0
2023-06-24,1004,Suburban,1413,12.568009,1
2023-08-11,1004,Suburban,1510,24.401649,0
2022-02-12,1004,Suburban,1004,23.924943,1
2023-02-11,1006,Urban,683,5.583504,0
2023-04-17,1003,Urban,1248,10.376754,1
2022-03-19,1008,Suburban,497,13.399592,0
2023-06-03,1004,Urban,1013,23.426539,0
2023-03-01,1004,Rural,430,24.473495,0
2023-09-12,1001,Rural,766,9.15479,0
2023-03-18,1004,Suburban,1438,23.346279,1
2022-04-13,1001,Suburban,1775,10.387119,1
2022-10-16,1007,Suburban,632,20.172465,0
2022-12-29,1007,Suburban,1415,29.366217,1
2022-12-27,1006,Suburban,1434,9.562475,0
2023-02-09,1007,Urban,1139,22.572164,0
2022-09-13,1007,Suburban,1100,29.39452,0
2022-04-17,1005,Urban,1684,5.241023,1
2022-01-11,1008,Urban,1512,19.68352,1
2022-04-23,1003,Rural,1057,19.775658,0
2023-09-14,1009,Rural,866,33.203304,0
2022-06-24,1004,Urban,1460,20.685346,0
2023-07-24,1009,Urban,444,23.896721,0
2023-11-08,1003,Suburban,1014,10.700117,1
2022-02-19,1010,Suburban,747,16.496894,1
2023-08-12,1003,Rural,1763,19.859712,1
2022-03-16,1006,Rural,721,9.735465,0
2023-07-24,1004,Rural,1274,21.198967,1
2022-03-12,1004,Rural,504,20.641342,0
2023-09-21,1004,Suburban,1589,19.645444,1
2022-12-18,1005,Urban,756,6.547532,0
2023-04-21,1001,Urban,1032,8.225305,0
2022-09-21,1003,Suburban,1452,17.69909,1
2022-09-07,1008,Suburban,973,16.86029,0
2023-01-10,1008,Urban,1422,20.809332,1
2022-06-23,1003,Suburban,489,15.480828,0
2022-10-23,1007,Rural,1741,24.719085,1
2023-05-03,1002,Urban,883,11.553181,0
2022-08-15,1001,Suburban,1211,10.740574,0
2022-12-01,1009,Urban,1586,33.973196,0
2022-01-30,1004,Suburban,1450,21.849704,1
2022-04-19,1010,Urban,992,14.514845,0
2022-03-04,1007,Urban,1720,27.391617,1
2022-03-03,1007,Urban,1243,19.120095,1
2023-01-06,1001,Urban,549,9.52012,1
2022-03-14,1001,Rural,334,10.680558,0
2022-08-12,1005,Urban,1557,9.131906,1
2023-02-02,1002,Urban,1026,7.662099,0
2023-09-16,1009,Urban,851,33.357758,0
2022-08-02,1005,Suburban,796,8.231061,1
2022-11-24,1002,Suburban,943,9.34753,0
2023-01-28,1006,Urban,1666,4.138479,1
2023-11-15,1008,Urban,1833,17.347187,1
2023-07-16,1008,Urban,831,20.479066,0
2023-05-02,1008,Rural,1446,20.888769,1
2022-01-20,1006,Suburban,563,6.682425,0
2023-03-10,1008,Suburban,660,17.784915,0
2022-11-13,1003,Urban,1372,14.799844,0
2023-08-07,1005,Urban,2085,11.102638,1
2023-07-22,1006,Suburban,1146,7.364331,0
2022-03-28,1008,Urban,1294,14.870784,1
2022-12-07,1007,Rural,514,19.508109,0
2023-10-05,1010,Urban,2355,10.988958,1
2022-05-17,1005,Urban,1095,7.698442,0
2022-09-18,1010,Urban,747,13.509952,0
2022-06-20,1007,Suburban,455,22.523046,0
2022-01-04,1006,Urban,653,9.44497,0
2022-04-06,1003,Suburban,766,16.272625,0
2022-02-21,1007,Rural,1233,25.185575,1
2023-08-14,1001,Urban,1031,13.344695,0
2022-06-01,1001,Urban,1799,10.470179,1
2022-07-17,1006,Urban,2255,8.696209,1
2023-02-23,1005,Rural,1457,11.246333,1
2022-12-21,1004,Urban,1986,24.123689,1
2023-05-12,1007,Urban,1069,24.945669,0
2023-06-06,1004,Urban,1193,22.561037,0
2023-08-14,1002,Urban,1072,8.377601,0
2022-07-06,1002,Urban,2561,8.364118,1
2022-03-08,1008,Suburban,810,10.191011,0
2022-09-16,1010,Suburban,1007,10.056067,0
2023-08-30,1005,Suburban,425,6.508308,0
2022-11-29,1005,Suburban,2477,6.598245,1
2023-04-18,1002,Suburban,887,12.677977,1
2022-06-08,1001,Urban,554,8.448037,0
2022-08-06,1004,Suburban,1079,21.205493,0
2022-09-30,1005,Urban,1619,7.899763,0
2022-07-12,1002,Urban,1339,13.267584,1
2023-01-10,1001,Suburban,715,9.288945,0
2022-09-08,1010,Rural,1694,10.276737,1
2023-10-03,1010,Rural,766,8.648988,0
2023-08-24,1001,Suburban,1024,13.495889,0
2023-03-05,1008,Suburban,1565,16.787698,0
2022-03-13,1008,Urban,1053,20.562187,0
2022-07-22,1002,Rural,841,6.812184,0
2022-04-23,1009,Rural,1066,25.958494,0
2023-02-06,1009,Rural,656,31.006111,1
2023-09-05,1009,Urban,1204,24.938933,0
2022-11-18,1003,Urban,992,15.666985,0
2022-09-02,1003,Urban,639,16.965014,0
2023-11-06,1007,Suburban,960,20.757011,0
2023-04-03,1007,Urban,1013,27.44255,0
2023-06-16,1007,Urban,950,25.477562,0
2022-04-14,1010,Urban,884,11.43505,0
2023-02-21,1008,Urban,1744,15.194707,0
2022-07-03,1009,Rural,715,31.710555,0
2023-05-29,1006,Suburban,1595,9.01538,1
2023-01-14,1009,Urban,965,25.855645,0
2023-08-07,1004,Suburban,857,13.784351,0
2023-03-01,1008,Urban,721,19.295325,0
2023-03-31,1006,Suburban,1114,9.440179,0
2022-07-22,1001,Suburban,935,9.958601,0
2022-02-28,1002,Urban,1444,8.941187,0
2023-02-23,1005,Suburban,596,6.28373,0
2023-02-23,1001,Urban,1381,13.196798,0
2022-06-26,1008,Urban,1216,12.214658,0
2023-05-23,1004,Rural,939,16.03321,0
2022-08-23,1001,Suburban,1122,8.226564,0
2022-07-04,1005,Rural,717,6.319042,0
2023-06-29,1010,Urban,1742,12.05298,1
2022-06-13,1010,Suburban,647,15.608557,0
2023-09-12,1010,Urban,1095,14.107765,1
2022-06-12,1001,Rural,807,8.672471,0
2023-08-25,1008,Urban,1186,18.329231,0
2023-01-31,1007,Suburban,1312,27.580651,1
2023-07-02,1002,Suburban,1102,6.408644,0
2023-09-07,1009,Urban,1161,24.245096,0
2022-08-11,1004,Rural,1312,18.441503,1
2023-04-04,1003,Suburban,1187,12.776474,0
2022-08-13,1006,Urban,1060,7.150912,0
2022-07-20,1002,Urban,1131,12.531176,0
2023-11-24,1010,Urban,1028,8.561648,1
2022-07-24,1009,Urban,467,27.752709,0
2023-11-26,1009,Rural,979,41.549488,1
2022-02-16,1006,Urban,1492,7.017503,0
2023-03-25,1003,Suburban,1286,14.733703,0
2022-11-12,1001,Rural,1052,9.741329,0
2022-03-21,1009,Rural,720,39.097634,0
2022-04-22,1001,Urban,652,8.368753,0
2023-08-13,1001,Suburban,823,8.8193,0
2023-10-14,1001,Urban,862,8.482125,0
2022-01-15,1008,Urban,1698,10.442736,1
2022-08-08,1004,Rural,932,22.023901,1
2022-01-28,1007,Urban,1162,16.29118,0
2022-02-23,1001,Urban,1531,12.550446,0
2022-05-11,1005,Rural,775,9.686684,1
2022-03-31,1005,Suburban,802,6.335257,1
2022-10-09,1002,Urban,596,13.815887,0
2023-02-13,1008,Suburban,810,16.576016,0
2023-02-22,1008,Urban,1138,19.759021,0
2023-07-14,1009,Urban,1336,34.658987,0
2023-01-26,1004,Rural,867,21.08814,1
2022-09-23,1002,Urban,1308,13.43357,0
2023-07-22,1001,Urban,976,10.340387,0
2023-04-19,1001,Urban,916,13.275312,1
2022-08-06,1004,Suburban,1482,23.198348,1
2023-08-19,1001,Rural,766,8.382536,0
2023-02-06,1007,Urban,827,27.960656,0
2022-01-04,1005,Urban,1335,7.048799,1
2022-07-31,1007,Suburban,1106,15.443733,0
2022-05-16,1007,Suburban,1082,26.068527,1
2022-11-18,1003,Urban,1198,15.344256,0
2022-06-09,1007,Urban,1164,16.953761,0
2022-07-25,1006,Urban,623,6.851103,0
2023-11-27,1006,Urban,929,5.24832,0
2022-08-11,1008,Rural,336,17.630863,0
2023-05-06,1007,Urban,815,29.583413,1
2022-01-21,1002,Urban,1178,11.501701,0
2023-07-04,1002,Urban,1537,7.111578,1
2023-06-13,1006,Rural,909,5.660601,0
2023-09-26,1007,Suburban,580,20.388665,0
2023-07-06,1004,Urban,1476,21.823541,0
2022-05-06,1008,Suburban,1812,12.005417,1
2022-03-31,1003,Rural,1554,10.01022,1
2022-03-20,1002,Suburban,1113,8.518297,1
2023-08-10,1006,Urban,1164,9.654229,0
2023-06-17,1005,Urban,1231,7.346471,0
2023-07-31,1002,Urban,457,11.047271,0
2022-05-14,1004,Urban,1668,13.718327,1
2022-03-24,1003,Suburban,1164,12.785921,0
2022-08-04,1009,Rural,1173,20.650605,1
2023-05-19,1010,Suburban,1144,17.524204,0
2022-06-23,1001,Urban,674,10.153644,0
2022-07-21,1009,Urban,1497,39.683562,0
2022-06-22,1004,Suburban,729,15.061023,1
2022-01-22,1004,Urban,1153,22.84333,0
2023-04-18,1005,Suburban,905,6.87408,0
2022-08-17,1009,Urban,1056,28.943992,0
2023-02-12,1008,Urban,1283,13.313718,1
2022-06-20,1003,Urban,973,12.347475,0
2022-04-11,1008,Urban,1619,21.386296,1
2023-02-05,1004,Rural,718,17.74247,1
2023-03-14,1010,Urban,1742,12.090335,0
2022-04-03,1003,Suburban,823,14.945323,0
2022-04-07,1005,Urban,924,6.023132,0
2023-01-01,1010,Urban,769,10.663208,0
2023-09-18,1004,Rural,491,23.525201,1
2023-08-07,1002,Rural,289,8.607813,0
2022-09-03,1006,Urban,1534,9.275601,0
2023-10-17,1002,Rural,873,13.862246,0
2022-06-16,1006,Urban,992,8.475312,0
2023-08-02,1005,Rural,282,9.27924,0
2022-05-25,1005,Suburban,944,11.494127,1
2023-10-29,1009,Urban,1286,21.882027,0
2023-06-06,1005,Urban,1870,5.122333,0
2023-04-18,1007,Urban,1241,16.148795,0
2022-01-11,1002,Suburban,1488,10.449156,1
2022-07-02,1001,Urban,1722,14.725681,0
2022-08-24,1010,Suburban,978,12.825383,0
2022-07-06,1004,Suburban,960,21.061176,0
2023-06-02,1002,Rural,1357,9.965139,1
2022-09-11,1006,Urban,2191,7.658879,1
2023-05-08,1005,Urban,1156,11.17585,0
2023-10-26,1008,Suburban,515,17.932753,0
2022-01-05,1005,Suburban,528,10.927654,0
2022-04-18,1008,Urban,1001,17.05708,0
2022-04-27,1007,Suburban,612,25.758597,0
2023-06-17,1003,Suburban,1577,17.716173,0
2023-02-05,1002,Urban,50,12.336027,0
2023-03-05,1007,Suburban,672,16.972402,0
2022-05-27,1008,Suburban,1454,10.550041,0
2022-06-22,1009,Rural,1069,32.12889,0
2023-06-16,1002,Rural,813,10.074789,0
2023-01-13,1008,Rural,827,14.328932,0
2022-12-19,1001,Suburban,940,8.731609,0
2023-08-06,1008,Urban,1244,12.576238,0
2022-03-16,1002,Urban,1100,13.32701,0
2023-11-13,1004,Urban,1285,22.892627,0
2023-01-21,1008,Suburban,1796,19.058857,1
2023-03-21,1003,Urban,1233,14.792706,1
2022-07-28,1008,Suburban,1006,19.821403,0
2023-05-26,1005,Urban,1170,11.18443,0
2022-03-05,1010,Urban,1596,15.01902,1
2023-04-26,1006,Rural,1199,8.627679,1
2022-08-15,1006,Rural,1156,6.027946,0
2023-06-03,1008,Suburban,546,10.134539,0
2023-04-03,1009,Rural,787,34.020526,1
2022-05-12,1005,Rural,609,5.918771,0
2022-05-17,1003,Urban,1271,15.819749,1
2022-06-03,1002,Suburban,413,8.830285,1
2022-12-27,1010,Suburban,601,10.961865,1
2022-05-20,1002,Urban,1045,10.992366,1
2022-05-18,1004,Suburban,1403,21.687718,1
2022-09-07,1003,Suburban,715,17.555884,0
2022-07-15,1001,Suburban,1937,13.016809,1
2023-08-14,1003,Suburban,859,15.644425,0
2022-12-17,1005,Urban,2335,10.19704,0
2022-12-26,1006,Urban,1107,8.369541,0
2022-09-11,1002,Rural,925,13.752847,0
2023-07-20,1008,Rural,833,13.738368,1
2023-07-15,1004,Rural,1087,22.964776,1
2022-02-18,1009,Suburban,1247,28.205268,1
2022-11-17,1007,Suburban,1862,16.420201,0
2023-07-03,1008,Suburban,1613,16.665191,1
2023-10-08,1005,Suburban,1074,7.006227,0
2022-01-27,1002,Urban,1122,10.932164,0
2022-02-13,1005,Urban,1794,9.328876,1
2023-07-26,1010,Urban,1045,16.299242,0
2023-11-05,1009,Urban,1207,27.125968,0
2022-08-07,1007,Urban,1214,22.319696,0
2023-07-29,1006,Suburban,1356,7.407827,1
2022-10-28,1009,Rural,831,36.369744,0
2023-03-04,1007,Urban,1685,24.033132,1
2022-02-11,1003,Urban,1357,18.558939,0
2023-11-05,1009,Suburban,1108,21.8751,1
2022-05-07,1003,Urban,335,18.32841,0
2022-09-06,1007,Urban,959,18.807151,0
2022-08-04,1002,Urban,1244,10.951415,0
2022-07-06,1001,Rural,304,9.630382,0
2022-12-11,1009,Suburban,1483,44.272404,1
2023-06-25,1010,Suburban,1156,15.168932,1
2023-02-22,1005,Urban,986,6.424212,0
2023-11-27,1010,Urban,1069,17.847208,0
2022-11-02,1007,Urban,2219,18.793891,0
2023-07-02,1002,Suburban,1784,13.303752,1
2023-05-24,1004,Urban,2553,20.285671,1
2022-06-29,1008,Urban,984,12.81121,0
2022-05-16,1005,Urban,1253,6.020652,0
2023-11-20,1006,Suburban,1194,5.80249,0
2023-10-15,1010,Suburban,1848,10.485048,0
2022-05-31,1004,Urban,1418,14.099512,0
2022-11-28,1009,Urban,421,23.00033,0
2023-03-29,1007,Urban,1943,20.917685,1
2023-03-21,1006,Suburban,870,7.248113,1
2022-12-25,1008,Urban,517,15.054933,0
2022-10-29,1002,Urban,1018,9.539671,0
2023-02-17,1010,Rural,726,17.626921,0
2023-06-30,1010,Suburban,310,15.569391,0
2023-07-24,1008,Urban,50,19.207353,0
2022-09-11,1005,Suburban,855,8.549759,0
2022-10-22,1004,Suburban,1629,18.034282,1
2022-10-30,1004,Suburban,1155,15.349102,0
2023-01-06,1009,Suburban,439,30.601366,0
2022-10-18,1003,Suburban,897,15.109286,0
2023-11-04,1009,Rural,867,23.569603,0
2022-12-19,1003,Urban,1258,10.929065,0
2022-09-29,1004,Suburban,1877,13.935595,1
2023-06-01,1010,Urban,797,12.726562,0
2023-06-21,1005,Rural,841,8.994953,0
2023-10-22,1006,Suburban,897,4.790654,1
2022-11-28,1008,Urban,2185,11.310717,1
2022-02-12,1004,Suburban,1205,21.728021,0
2022-05-24,1006,Suburban,1061,5.092421,0
2022-07-15,1009,Rural,800,28.304139,1
2022-07-09,1002,Urban,1053,11.139518,1
2022-05-02,1008,Suburban,1154,17.21593,0
2023-01-29,1008,Urban,1464,20.958143,1
2022-09-12,1003,Urban,549,12.329468,0
2022-12-18,1005,Urban,1203,9.426302,0
2023-06-07,1004,Suburban,837,15.56963,0
2022-03-24,1008,Suburban,937,19.063255,1
2022-09-17,1004,Suburban,1245,18.814819,0
2022-06-08,1004,Urban,1405,16.712859,0
2022-10-19,1005,Urban,984,6.852037,0
2023-02-04,1004,Urban,2004,16.830366,1
2023-03-11,1005,Urban,1888,5.864647,0
2023-08-07,1001,Urban,837,14.944357,0
2023-02-03,1010,Suburban,1863,13.098074,1
2022-03-23,1004,Urban,1041,12.999127,0
2023-09-15,1002,Urban,2246,10.751452,1
2023-11-13,1001,Urban,1615,9.920497,1
2022-06-29,1003,Urban,1105,19.503186,0
2023-04-16,1006,Urban,1294,8.164424,0
2022-12-18,1009,Urban,1664,32.809789,0
2022-01-12,1002,Suburban,1231,12.285519,0
2022-07-23,1003,Urban,1244,15.452871,0
2022-11-09,1007,Rural,764,27.976778,0
2022-12-11,1002,Urban,971,12.145709,0
2023-02-19,1001,Rural,1359,10.667611,1
2022-06-23,1007,Suburban,1329,17.123344,1
2023-10-15,1005,Suburban,946,5.205428,0
2022-06-09,1009,Urban,1961,33.294135,1
2022-01-12,1006,Urban,1223,6.613516,0
2022-11-09,1010,Urban,925,15.080754,0
2023-07-16,1008,Suburban,1227,18.565053,0
2022-01-27,1008,Urban,1282,19.872943,1
2022-07-12,1009,Urban,1851,40.973081,0
2023-07-11,1003,Suburban,720,17.480281,0
2022-08-17,1005,Rural,661,6.931358,0
2023-08-28,1009,Urban,341,32.432561,0
2023-04-07,1007,Urban,970,21.228053,0
2022-12-29,1008,Suburban,1318,14.320049,0
2022-04-05,1009,Urban,1582,31.232736,1
2022-03-30,1001,Urban,1607,14.945298,1
2023-02-01,1006,Rural,887,9.453402,0
2022-09-23,1004,Suburban,995,21.387217,1
2023-02-26,1010,Rural,814,9.829717,0
2023-06-03,1005,Urban,1542,11.175618,1
2022-07-07,1009,Suburban,792,29.647838,0
2023-11-18,1009,Urban,1590,30.909166,1
2023-08-10,1002,Suburban,996,10.10853,0
2022-10-01,1001,Urban,2101,11.646458,0
2023-03-05,1010,Suburban,1064,17.965273,1
2023-07-08,1010,Urban,1432,12.489317,0
2022-03-05,1009,Suburban,1818,38.6543,1
2023-03-17,1002,Rural,753,11.431261,0
2023-05-03,1009,Urban,1324,40.536281,1
2023-09-03,1004,Urban,585,14.69212,0
2022-10-08,1005,Urban,1035,6.423394,0
2023-08-19,1003,Suburban,1178,17.784871,0
2022-09-27,1008,Suburban,1229,10.768505,1
2022-03-30,1002,Suburban,1838,7.161476,1
2022-12-20,1001,Suburban,561,9.038467,0
2023-11-02,1003,Urban,1716,10.265318,1
2023-03-26,1004,Suburban,1011,18.88104,0
2022-01-31,1001,Urban,473,8.316986,0
2022-05-30,1010,Urban,812,15.570283,0
2022-12-03,1007,Suburban,580,27.709008,0
2022-02-05,1005,Urban,982,11.399173,0
2023-04-12,1005,Suburban,745,8.962371,0
2022-06-06,1010,Urban,794,8.580707,1
2023-04-05,1007,Urban,1303,26.253559,0
2023-11-18,1002,Urban,1601,7.3455,0
2022-07-03,1008,Urban,1070,16.374877,0
2022-12-03,1004,Urban,1074,24.659689,1
2022-07-03,1005,Suburban,1188,6.175081,0
2023-07-23,1010,Urban,1666,9.037513,0
2022-05-05,1005,Suburban,734,6.950935,0
2022-10-31,1007,Rural,931,21.14969,0
2022-11-20,1008,Urban,1067,20.584925,0
2022-10-15,1009,Suburban,1076,22.672256,0
2023-08-03,1004,Suburban,1207,22.724879,1
2022-12-09,1003,Rural,873,14.108338,0
2023-03-13,1002,Urban,1272,7.026722,1
2023-01-07,1010,Urban,911,16.441285,0
2023-06-12,1004,Rural,762,15.383952,1
2023-02-26,1002,Urban,1338,7.528743,0
2023-07-16,1008,Suburban,603,20.707549,0
2022-01-02,1002,Urban,1340,13.117857,0
2022-11-08,1008,Urban,1013,16.725899,1
2023-03-12,1005,Suburban,2051,5.867744,1
2022-05-14,1007,Urban,1253,25.623216,0
2022-07-05,1004,Rural,536,17.564179,0
2022-02-18,1001,Suburban,1019,8.346355,0
2022-11-16,1010,Urban,1629,14.898832,1
2023-10-19,1003,Urban,1930,13.022053,0
2022-02-24,1005,Suburban,950,8.941864,0
2022-03-12,1006,Urban,1447,8.343932,0
2023-07-15,1002,Suburban,1309,11.336466,0
2023-10-22,1010,Rural,1197,17.431547,1
2022-01-22,1010,Urban,800,14.469852,0
2022-04-24,1001,Urban,570,9.619684,1
2022-02-25,1002,Suburban,954,9.25149,0
2023-05-15,1004,Suburban,1214,15.635654,0
2022-06-23,1006,Urban,958,6.940623,1
2023-09-10,1010,Urban,1598,15.929816,0
2023-03-11,1010,Urban,2299,13.689001,1
2022-03-28,1006,Urban,1529,4.443641,1
2023-06-04,1004,Rural,1236,16.575709,1
2022-05-04,1001,Suburban,600,9.728628,0
2022-04-16,1001,Urban,2206,8.596705,1
2022-04-19,1008,Suburban,609,10.984503,0
2023-06-18,1004,Urban,1316,21.91605,0
2023-01-16,1008,Urban,1091,21.287372,0
2023-07-28,1001,Suburban,434,8.594714,0
2022-10-21,1006,Rural,717,6.888358,0
2022-05-15,1005,Suburban,1129,9.377372,1
2022-11-22,1002,Suburban,600,10.067731,0
2022-01-31,1005,Urban,1368,5.10642,0
2022-09-10,1002,Rural,439,12.378776,0
2022-12-01,1004,Urban,816,21.297309,0
2023-09-17,1003,Urban,1617,18.946463,0
2023-10-08,1010,Urban,1577,10.927422,0
2022-09-03,1002,Rural,314,7.817485,1
2023-09-20,1001,Urban,949,14.194064,0
2022-04-02,1008,Urban,777,16.589501,0
2023-07-23,1003,Suburban,621,13.43233,0
2023-05-12,1004,Suburban,693,23.600062,1
2022-10-30,1001,Suburban,790,9.191038,0
2023-02-17,1006,Rural,448,7.643013,0
2022-03-27,1006,Suburban,1451,5.015693,1
2023-11-06,1001,Suburban,683,14.556882,0
2022-04-19,1003,Suburban,2006,18.756582,1
2022-10-08,1001,Suburban,1567,12.325624,1
2022-05-24,1010,Suburban,1086,8.035151,0
2022-11-28,1010,Suburban,332,10.585677,0
2023-01-07,1010,Urban,2191,11.740075,1
2023-10-18,1006,Suburban,752,7.643107,0
2022-11-12,1006,Urban,2348,5.805999,1
2023-08-08,1008,Suburban,642,21.224919,0
2022-08-10,1003,Suburban,759,10.473537,0
2023-01-20,1004,Urban,600,18.666191,0
2022-09-29,1002,Rural,428,10.003039,0
2022-02-05,1004,Suburban,2189,22.046302,1
2023-05-19,1006,Suburban,1252,6.55367,1
2022-06-18,1002,Suburban,1661,8.261393,1
2023-09-23,1004,Urban,1992,17.174213,1
2022-11-25,1002,Rural,745,10.178587,0
2022-08-05,1008,Urban,984,11.078664,0
2022-11-18,1003,Suburban,1134,13.476465,0
2023-06-06,1007,Urban,1853,19.719982,0
2022-04-26,1006,Suburban,856,8.00469,1
2023-04-22,1007,Urban,1191,29.264153,0
2022-03-10,1001,Urban,638,8.97138,0
2022-01-19,1010,Suburban,1062,8.476613,1
2023-04-07,1007,Rural,864,18.116935,0
2023-11-13,1009,Suburban,1232,39.47961,0
2022-07-04,1008,Suburban,1459,10.278718,0
2023-08-03,1005,Suburban,1279,5.656848,0
2023-04-16,1009,Urban,2857,37.895605,1
2022-05-31,1003,Rural,373,16.091183,0
2022-12-27,1003,Rural,701,19.033284,1
2023-05-20,1010,Urban,1214,17.320071,0
2022-04-15,1002,Suburban,1385,7.582682,1
2022-02-16,1005,Urban,969,10.270804,0
2022-03-11,1009,Rural,1007,36.555011,1
2023-10-29,1002,Rural,786,9.828565,0
2022-07-31,1005,Urban,1310,7.008598,0
2022-02-13,1003,Rural,595,13.415014,0
2023-01-06,1006,Urban,2272,6.289625,1
2023-10-02,1003,Urban,582,15.758683,0
2022-07-15,1005,Suburban,1678,6.970398,1
2023-11-12,1007,Urban,1375,19.361747,0
2023-02-08,1006,Urban,745,7.793308,0
2023-06-28,1004,Rural,489,20.449648,0
2023-01-10,1009,Urban,926,39.493547,0
2022-04-06,1008,Urban,664,15.139012,0
2022-12-15,1005,Rural,399,9.166397,0
2023-09-06,1003,Urban,1062,17.053419,0
2023-06-05,1004,Urban,1550,24.798691,0
2023-08-02,1010,Suburban,947,11.926687,0
2023-11-11,1002,Suburban,1526,9.886627,1
2023-03-10,1004,Urban,917,17.759261,0
2022-07-29,1002,Suburban,779,11.915702,0
2022-12-26,1007,Urban,978,18.558712,0
2023-06-20,1007,Rural,1605,22.800545,1
2023-06-01,1008,Suburban,1620,13.2502,1
2022-02-13,1006,Urban,2211,7.436129,1
2023-10-08,1003,Suburban,1568,13.335209,1
2022-05-05,1009,Urban,1191,32.3354,0
2023-06-07,1002,Suburban,1080,10.917986,1
2023-01-13,1006,Rural,1484,9.680801,1
2022-04-04,1002,Urban,1493,6.473689,0
2022-01-12,1007,Suburban,1166,25.412383,0
2023-07-01,1009,Rural,305,42.914672,0
2023-05-07,1002,Urban,1274,11.804099,0
2022-12-26,1010,Urban,1822,12.680034,0
2022-11-23,1006,Rural,1146,4.901584,1
2022-09-14,1010,Urban,1148,12.953706,0
2023-01-28,1002,Urban,1016,6.077995,0
2022-04-06,1006,Rural,1045,6.65728,1
2022-02-25,1003,Suburban,1515,15.425889,1
2022-05-30,1003,Suburban,1279,13.091388,1
2022-06-21,1007,Rural,975,27.948428,0
2022-08-23,1009,Urban,910,39.613464,0
2022-08-22,1006,Suburban,1216,6.976871,0
2022-04-22,1005,Suburban,1855,11.675458,1
2022-10-30,1008,Rural,698,11.741961,0
2023-03-10,1004,Urban,1305,15.246143,1
2022-04-27,1008,Urban,815,12.660135,1
2022-07-31,1010,Urban,1467,8.875126,1
2022-10-31,1006,Urban,556,6.254273,1
2022-03-31,1007,Urban,2008,26.088028,1
2022-01-13,1005,Rural,576,7.43311,0
2022-08-25,1006,Suburban,1640,7.391023,1
2022-08-14,1006,Urban,1920,5.223271,1
2022-04-26,1003,Urban,1325,15.139553,0
2023-07-09,1003,Suburban,1381,17.826169,0
2022-05-31,1009,Urban,646,28.031584,0
2023-03-24,1002,Urban,1547,8.243077,1
2022-02-13,1008,Urban,1531,13.071875,1
2023-11-16,1009,Suburban,786,36.785747,0
2022-08-05,1002,Urban,1950,11.955247,0
2022-02-20,1001,Urban,1187,13.404791,0
2022-06-12,1003,Urban,1700,10.934194,0
2022-05-26,1001,Suburban,556,11.585837,0
2023-08-29,1003,Suburban,1007,15.319109,0
2022-02-28,1001,Urban,1073,13.410161,0
2022-12-15,1004,Rural,383,14.154993,0
2023-11-11,1009,Rural,587,44.495798,0
2022-10-12,1010,Rural,919,8.067525,1
2023-02-10,1010,Urban,978,14.924753,1
2022-03-21,1008,Suburban,1026,16.881741,0
2023-10-08,1008,Rural,770,15.831095,0
2023-04-26,1010,Suburban,615,13.227251,0
2022-03-04,1008,Rural,1187,13.403007,1
2022-01-27,1006,Rural,513,9.748129,0
2023-06-26,1004,Suburban,1063,15.172097,0
2022-09-30,1007,Urban,745,18.789649,0
2023-02-08,1001,Urban,874,9.93454,0
2023-08-08,1003,Urban,801,17.725106,0
2022-06-29,1005,Urban,1636,6.807498,1
2023-08-28,1004,Urban,1189,15.181794,0
2022-07-01,1005,Urban,1232,8.896837,0
2022-11-28,1007,Urban,1810,29.037836,0
2023-09-02,1007,Suburban,1444,26.749525,1
2023-02-02,1002,Urban,1291,8.2409,0
2023-07-20,1010,Suburban,768,16.444191,0
2023-06-17,1005,Suburban,1331,10.675774,0
2023-02-04,1005,Suburban,1569,7.263628,0
2022-01-29,1004,Urban,1347,21.802815,1
2022-07-02,1008,Suburban,1640,10.964073,1
2022-01-09,1002,Urban,1013,12.354521,0
2022-05-23,1004,Suburban,569,16.418124,0
2023-02-23,1003,Suburban,1553,18.506437,1
2023-06-06,1009,Urban,1106,34.589857,0
2023-04-16,1003,Urban,266,11.942348,0
2022-05-26,1007,Urban,1106,18.621214,1
2023-05-15,1005,Urban,1187,5.380904,1
2022-08-17,1002,Urban,1963,12.683339,1
2022-11-22,1008,Suburban,1435,21.726008,0
2022-05-25,1008,Urban,725,12.896247,0
2022-02-23,1008,Rural,356,11.078755,0
2022-07-14,1006,Urban,2300,9.099596,1
2022-06-21,1004,Suburban,1475,17.419801,1
2022-11-08,1007,Urban,708,24.175382,0
2022-12-21,1001,Urban,264,13.446704,0
2023-08-01,1007,Urban,1536,28.470924,1
2022-01-31,1006,Urban,1313,5.423228,1
2022-02-27,1002,Urban,1266,9.702028,0
2023-11-14,1007,Suburban,1310,23.341166,1
2023-05-12,1010,Urban,1536,14.75838,1
2022-11-02,1003,Suburban,1288,15.006635,0
2022-10-16,1006,Urban,1499,7.87218,1
2022-04-08,1003,Suburban,553,17.707572,1
2022-02-23,1001,Urban,1795,9.470831,1
2022-11-07,1006,Suburban,548,5.592026,0
2023-06-26,1004,Rural,639,24.465219,0
2022-05-18,1006,Urban,1345,9.190991,0
2022-07-20,1009,Suburban,1256,43.276281,0
2023-06-03,1008,Suburban,445,13.269475,0
2023-03-30,1010,Rural,901,9.204833,1
2022-09-19,1002,Rural,754,10.423816,1
2022-10-28,1004,Suburban,717,17.017282,0
2022-12-31,1006,Suburban,1329,9.5165,0
2023-08-13,1004,Urban,1087,22.029868,0
2022-01-30,1010,Urban,1054,11.11251,0
2023-03-04,1004,Rural,1431,12.542811,1
2023-04-26,1002,Urban,1354,10.007006,0
2023-05-16,1007,Rural,1257,15.249933,1
2022-06-10,1010,Rural,1167,17.687011,1
2022-03-04,1010,Rural,359,14.760709,0
2022-10-11,1002,Urban,1371,8.144218,0
2022-06-20,1010,Urban,1124,11.48387,0
2022-04-10,1006,Suburban,919,4.369887,1
2022-06-24,1007,Rural,790,25.084867,0
2023-08-15,1010,Urban,1257,11.507389,0
2023-02-26,1007,Suburban,1218,27.699104,0
2023-09-15,1010,Urban,1143,13.779186,0
2022-04-25,1006,Urban,1804,4.212768,1
2023-01-22,1001,Urban,1006,8.755065,0
2023-03-15,1007,Rural,1140,22.661036,1
2023-08-31,1007,Suburban,1177,29.05372,0
2022-06-26,1002,Rural,636,7.932514,0
2022-08-16,1006,Suburban,663,6.349298,1
2023-02-15,1006,Suburban,588,8.568754,0
2023-09-23,1001,Rural,1318,8.675523,1
2022-05-22,1004,Suburban,1235,19.905172,1
2023-01-27,1001,Urban,1028,10.988364,0
2023-09-23,1003,Suburban,889,15.289031,0
2023-06-05,1002,Urban,819,6.066762,0
2023-05-25,1001,Suburban,1286,14.49458,0
2022-09-01,1007,Rural,733,20.166183,0
2022-02-27,1004,Suburban,1022,23.23643,0
2022-11-22,1008,Urban,963,20.413416,0
2022-05-16,1008,Suburban,1099,13.134806,1
2022-03-23,1001,Urban,2155,11.365481,1
2022-08-23,1007,Rural,948,24.980992,1
2022-07-12,1009,Urban,1295,40.15457,0
2023-04-09,1003,Urban,1330,13.275927,1
2023-09-05,1002,Urban,875,8.125509,0
2022-04-02,1007,Urban,1600,20.211398,0
2023-04-10,1010,Rural,610,14.482678,0
2023-10-17,1004,Urban,2045,19.070395,1
2022-06-23,1003,Urban,1377,14.082171,0
2023-04-28,1009,Urban,1135,25.26683,0
2022-01-20,1003,Suburban,887,15.659242,1
2023-02-04,1004,Rural,910,19.912128,0
2023-01-11,1004,Urban,1239,19.582061,0
2022-06-15,1005,Urban,1158,6.358899,1
2022-10-23,1004,Urban,1196,23.180118,1
2022-08-10,1007,Urban,515,15.651398,0
2022-07-04,1003,Suburban,1326,11.557235,0
2023-04-24,1008,Suburban,1222,21.66352,1
2022-09-20,1003,Rural,698,16.362178,0
2022-04-13,1008,Urban,1507,11.195118,0
2023-11-28,1006,Suburban,638,6.189237,0
2022-09-19,1002,Urban,1149,12.894275,0
2022-01-15,1003,Urban,475,18.994368,0
2023-03-02,1005,Urban,1166,7.716222,1
2023-05-27,1006,Urban,1702,4.032778,0
2022-01-02,1001,Suburban,681,9.414007,1
2022-06-20,1009,Suburban,514,39.21824,1
2023-11-18,1002,Suburban,1651,7.95109,1
2023-04-25,1008,Suburban,570,15.189606,1
2022-02-03,1008,Suburban,968,15.094901,0
2023-08-28,1009,Urban,1277,39.355206,0
2022-04-15,1007,Suburban,1526,24.734843,0
2023-03-11,1003,Urban,802,13.549516,1
2023-05-03,1001,Suburban,1124,8.300651,0
2022-06-21,1006,Rural,721,5.984067,0
2023-08-12,1006,Suburban,760,6.334277,0
2022-03-01,1003,Suburban,1178,12.180923,0
2022-09-13,1004,Suburban,552,19.799262,0
2023-09-15,1005,Urban,899,8.179302,1
2023-01-24,1006,Suburban,838,4.990678,0
2022-10-18,1008,Urban,903,16.143603,0
2022-09-09,1009,Suburban,981,36.308074,0
2023-04-10,1008,Urban,1144,12.352294,0
2023-09-09,1010,Suburban,628,8.154345,0
2023-08-07,1010,Rural,882,15.100839,0
2023-09-17,1002,Urban,1423,6.368124,1
2023-05-26,1008,Urban,1266,17.971877,1
2023-05-18,1005,Urban,365,11.483134,0
2023-09-04,1008,Suburban,1299,18.233247,0
2022-02-22,1010,Urban,1140,15.99855,0
2022-02-17,1009,Suburban,1067,21.162803,0
2022-03-17,1005,Suburban,1488,9.087607,1
2022-03-15,1009,Rural,641,31.219421,0
2022-11-22,1010,Suburban,922,11.461206,0
2023-10-03,1001,Suburban,800,11.318622,0
2023-07-23,1010,Urban,1442,8.549508,0
2022-03-14,1004,Suburban,2178,12.394711,1
2022-08-28,1001,Urban,1025,8.497112,0
2023-03-30,1005,Urban,1746,11.752032,1
2022-01-16,1001,Urban,120,9.254809,1
2022-10-02,1010,Urban,1288,9.006607,0
2022-11-18,1010,Urban,1000,15.586463,0
2023-11-19,1009,Urban,1552,27.29701,1
2023-04-21,1010,Urban,1304,11.527054,0
2022-01-08,1009,Rural,751,42.06005,1
2023-05-31,1008,Urban,1330,11.449079,0
2023-06-15,1007,Urban,1023,24.416606,0
2023-03-04,1010,Urban,487,12.713028,0
2022-12-28,1005,Suburban,1320,7.075516,1
2022-06-08,1005,Rural,1461,9.295071,1
2022-11-04,1001,Suburban,1104,8.651994,0
2023-06-02,1004,Rural,1225,17.984788,1
2023-11-26,1009,Suburban,1067,40.617023,1
2023-06-24,1005,Suburban,1739,10.702573,0
2022-09-11,1005,Rural,940,6.599329,0
2022-03-29,1009,Rural,1539,37.683189,1
2022-06-12,1001,Rural,1132,12.737773,1
2023-01-15,1007,Urban,1383,23.997474,0
2022-06-20,1010,Urban,889,16.732939,0
2023-10-04,1008,Suburban,897,18.467195,0
2022-07-25,1005,Rural,863,7.031595,1
2023-05-12,1003,Urban,1155,18.922551,0
2023-04-15,1009,Urban,952,43.769982,0
2023-01-23,1002,Urban,312,11.226586,0
2023-07-11,1005,Urban,1143,11.784169,1
2022-09-15,1009,Urban,1496,40.141676,1
2022-05-16,1008,Rural,661,13.823778,0
2023-11-03,1004,Urban,1317,13.069623,0
2023-07-18,1002,Urban,1135,9.674767,1
2022-04-24,1010,Urban,814,14.361571,0
2022-09-17,1010,Rural,1732,10.890953,1
2022-05-03,1003,Rural,809,18.937642,1
2023-04-18,1002,Suburban,1506,12.64756,0
2022-06-17,1005,Urban,1319,9.188681,0
2023-02-23,1002,Urban,1052,10.968335,0
2023-08-13,1009,Urban,2481,35.283472,1
2022-11-10,1002,Rural,1046,9.324838,1
2023-07-21,1004,Suburban,715,14.709874,0
2023-06-17,1006,Urban,1752,4.310564,0
2022-04-19,1007,Suburban,825,17.388681,0
2022-07-10,1010,Rural,1620,8.348677,1
2022-07-23,1008,Suburban,939,14.632441,0
2023-06-26,1003,Urban,1184,13.491237,1
2023-05-16,1007,Rural,1818,19.485363,1
2022-07-07,1006,Rural,358,5.371082,0
2023-06-02,1007,Urban,2000,22.850816,1
2023-01-22,1010,Urban,431,8.515444,0
2022-04-13,1002,Urban,1411,6.885184,0
2023-10-03,1004,Suburban,918,19.343832,1
2022-05-27,1009,Urban,1597,42.270516,1
2023-10-13,1008,Urban,1422,17.912316,1
2022-11-25,1004,Suburban,1042,17.813437,0
2022-07-05,1009,Suburban,630,44.30505,0
2022-07-25,1008,Suburban,1184,17.180711,1
2023-01-03,1005,Urban,1125,6.034026,0
2022-07-28,1010,Suburban,1872,16.086914,1
2023-02-25,1007,Urban,1506,25.48153,1
2023-10-08,1002,Rural,737,11.425617,0
2023-08-07,1004,Urban,1002,18.487424,1
2023-10-29,1010,Rural,1070,14.039849,1
2022-04-13,1006,Suburban,1003,9.308751,0
2023-07-07,1007,Suburban,1095,25.521475,1
2022-12-03,1010,Urban,191,9.738134,0
2022-04-29,1009,Urban,1514,24.567267,0
2023-08-07,1009,Urban,2504,32.071567,1
2023-07-13,1004,Urban,1650,23.681913,0
2023-06-19,1002,Urban,2014,6.746634,1
2022-08-27,1004,Suburban,613,19.605237,0
2022-10-25,1008,Suburban,628,12.197253,0
2023-10-16,1009,Suburban,1415,22.44503,1
2022-03-20,1002,Urban,2863,7.688738,0
2022-09-20,1010,Suburban,387,10.874295,0
2022-01-28,1001,Rural,1496,8.720756,1
2022-04-03,1009,Urban,1870,41.765674,0
2022-12-10,1004,Urban,1880,23.039469,1
2022-11-21,1001,Urban,1051,11.391448,0
2023-11-05,1001,Rural,721,13.160728,0
2023-11-04,1001,Urban,3171,10.482224,1
2023-06-10,1002,Rural,851,12.850409,0
2022-07-22,1008,Suburban,1208,10.652464,0
2022-10-05,1003,Suburban,819,11.697421,0
2022-09-20,1004,Urban,1046,21.735283,0
2023-10-10,1002,Urban,1023,9.574257,0
2022-08-04,1003,Urban,1316,13.926674,0
2022-05-23,1009,Suburban,1023,34.523885,0
2023-10-02,1002,Urban,1534,10.044466,0
2023-08-09,1009,Suburban,967,22.547163,0
2022-08-10,1001,Suburban,1218,11.679464,0
2023-09-24,1008,Urban,2315,11.658763,1
2022-11-30,1007,Urban,1136,25.288608,0
2022-12-08,1008,Suburban,630,16.859028,0
2023-02-21,1004,Suburban,1235,16.886559,1
2023-04-12,1005,Suburban,425,6.087717,0
2022-02-19,1004,Rural,709,13.899919,0
2023-06-20,1003,Urban,570,17.339278,0
2022-06-18,1002,Urban,1233,10.577687,0
2022-04-22,1005,Urban,473,7.457781,0
2023-03-30,1004,Urban,1053,17.039303,0
2022-06-14,1007,Rural,1710,20.291719,1
2023-04-18,1009,Rural,1044,24.390819,1
2023-02-07,1001,Suburban,663,8.370293,0
2022-09-25,1005,Rural,1081,8.916591,0
2022-07-26,1002,Urban,831,10.076547,0
2022-10-26,1003,Urban,305,10.473818,0
2022-08-12,1006,Urban,1343,6.477004,0
2022-11-05,1009,Rural,785,29.658826,0
2022-01-19,1009,Suburban,957,41.324094,0
2023-02-21,1005,Rural,965,9.738873,1
2023-04-25,1002,Suburban,147,12.954438,0
2022-11-03,1008,Urban,798,11.327463,0
2022-01-24,1005,Suburban,1061,9.755977,1
2023-08-23,1007,Urban,2299,17.394647,1
2022-10-13,1001,Urban,874,12.581583,0
2022-04-04,1010,Rural,774,15.243914,1
2022-07-20,1003,Suburban,957,17.569238,0
2023-01-02,1005,Urban,1530,8.767316,1
2023-10-02,1010,Suburban,452,15.771066,0
2023-02-07,1001,Suburban,979,13.213401,0
2022-04-04,1002,Urban,628,9.282776,0
2023-08-27,1008,Urban,1593,12.629866,0
2023-08-24,1003,Rural,1491,12.054825,1
2022-12-25,1009,Rural,938,30.99959,0
2022-07-01,1010,Suburban,977,14.313787,0
2022-05-17,1001,Urban,932,9.745614,0
2023-08-08,1005,Urban,1086,9.214852,0
2022-02-16,1010,Suburban,1455,12.199775,1
2023-11-14,1009,Suburban,1086,41.709228,0
2023-11-10,1010,Suburban,1446,9.768697,0
2022-10-15,1006,Rural,802,4.489945,0
2022-11-22,1003,Suburban,936,10.56956,0
2022-07-25,1004,Suburban,838,13.703735,0
2023-11-04,1007,Suburban,843,19.984883,0
2022-12-31,1003,Rural,805,16.830862,0
2023-04-12,1003,Suburban,975,15.113276,0
2023-09-01,1005,Suburban,1297,9.904713,1
2023-11-29,1008,Rural,891,20.224218,0
2022-11-26,1002,Urban,1592,9.400284,0
2023-07-25,1006,Urban,871,9.335368,0
2022-03-30,1008,Rural,565,11.226411,0
2023-02-12,1009,Urban,1099,31.643327,0
2022-04-01,1009,Suburban,1084,42.193999,0
2022-12-19,1001,Suburban,1372,9.246489,0
2023-08-17,1003,Urban,1124,10.283394,0
2023-10-04,1010,Suburban,586,16.480844,0
2022-08-26,1009,Rural,789,39.438172,0
2022-11-06,1007,Rural,697,17.790569,0
2023-07-26,1004,Suburban,878,13.240916,0
2023-02-18,1008,Urban,2492,12.345834,1
2022-03-21,1009,Urban,637,22.114799,0
2023-01-19,1008,Suburban,1458,20.404331,0
2023-10-12,1002,Suburban,800,12.766949,1
2023-06-24,1004,Urban,2149,19.692201,1
2022-09-28,1005,Urban,1159,8.71912,1
2023-08-09,1010,Urban,1666,11.081433,0
2023-04-24,1010,Rural,1080,17.882988,0
2023-10-19,1007,Urban,633,15.553019,0
2022-04-06,1003,Urban,504,10.452569,0
2022-07-03,1001,Rural,1002,10.444082,1
2023-06-06,1009,Rural,966,32.766879,1
2023-07-02,1004,Urban,1336,12.496179,0
2023-09-02,1004,Rural,794,17.875697,0
2023-03-05,1005,Suburban,686,5.632067,0
2023-05-30,1007,Suburban,899,24.197248,1
2022-05-21,1008,Urban,797,21.463882,0
2023-08-03,1005,Urban,1297,9.801526,0
2023-01-10,1005,Suburban,1482,7.343798,1
2023-08-18,1009,Suburban,1312,44.116495,1
2022-05-20,1001,Urban,1876,10.777355,1
2022-12-21,1010,Suburban,1093,9.556961,0
2023-08-16,1008,Suburban,1103,14.276362,1
2022-06-21,1001,Urban,1029,11.416107,0
2023-02-01,1005,Urban,542,8.543291,0
2023-06-04,1009,Rural,1232,42.356326,1
2022-09-20,1003,Suburban,973,10.549496,1
2023-09-19,1005,Suburban,997,11.911165,0
2022-07-21,1001,Urban,1050,14.313005,0
2022-05-21,1001,Urban,1150,14.368041,0
2023-05-31,1003,Suburban,857,17.753195,0
2023-11-26,1010,Suburban,1203,16.95518,0
2022-09-25,1009,Suburban,1305,24.457732,1
2023-08-09,1004,Suburban,947,19.565416,0
2023-03-18,1007,Suburban,1099,19.14156,0
2022-02-05,1002,Rural,940,11.891516,0
2023-05-12,1001,Urban,2320,10.150475,1
2022-11-05,1005,Urban,1973,7.968171,1
2022-02-24,1002,Urban,856,12.622893,0
2023-04-27,1005,Suburban,1167,11.628238,0
2022-05-14,1005,Rural,1308,5.3476,0
2022-04-26,1009,Urban,964,24.944366,0
2023-06-09,1006,Rural,917,5.339239,1
2022-12-17,1003,Suburban,683,19.137614,0
2023-06-20,1001,Rural,379,14.401225,0
2022-07-20,1005,Urban,777,9.990548,0
2022-07-19,1008,Suburban,1876,13.352051,1
2023-03-18,1005,Urban,1516,8.381091,0
2023-06-07,1001,Suburban,328,13.29418,0
2022-06-08,1001,Urban,1793,9.682346,1
2023-07-29,1004,Urban,2594,18.60027,0
2023-06-23,1004,Suburban,852,20.186466,0
2023-09-22,1001,Urban,2065,9.169402,1
2023-05-23,1001,Suburban,946,8.153107,1
2022-05-13,1008,Rural,369,13.701718,0
2022-04-21,1003,Urban,896,19.396192,0
2023-02-15,1010,Suburban,831,8.553365,1
2022-01-16,1010,Urban,1811,10.745839,1
2023-06-24,1002,Rural,1469,6.968069,1
2022-09-26,1010,Urban,841,9.032958,0
2022-04-28,1010,Rural,571,17.112565,0
2022-10-28,1002,Suburban,879,6.663334,0
2022-08-11,1002,Urban,1622,9.149327,1
2023-07-14,1005,Urban,1031,6.996013,0
2022-09-08,1008,Suburban,848,13.934191,0
2022-11-22,1006,Rural,716,5.728957,0
2023-05-21,1004,Urban,1090,12.506036,0
2022-10-19,1004,Suburban,838,12.350329,0
2022-11-29,1008,Urban,1111,15.490284,0
2023-03-26,1010,Suburban,881,14.010105,0
2022-06-20,1003,Urban,1520,10.604178,1
2022-02-06,1009,Suburban,1217,36.436905,1
2022-02-01,1008,Suburban,1055,10.498059,0
2023-07-19,1005,Rural,538,10.545235,1
2022-12-14,1009,Rural,705,27.323718,1
2023-10-30,1010,Suburban,886,8.046122,0
2023-04-06,1001,Suburban,1353,14.180662,0
2023-09-24,1005,Suburban,1370,10.10014,0
2022-10-02,1005,Suburban,825,5.189203,0
2023-11-16,1006,Suburban,1135,5.395624,0
2022-01-30,1005,Rural,662,5.81273,0
2023-04-30,1003,Suburban,1013,14.717778,0
2023-03-06,1006,Suburban,1256,4.887926,1
2023-03-29,1006,Rural,1271,9.888091,1
2023-05-28,1001,Rural,978,9.151073,0
2022-02-19,1004,Suburban,1578,22.312673,1
2022-11-05,1008,Suburban,1024,10.430097,0
2022-08-28,1003,Urban,1230,18.687874,0
2022-11-16,1006,Urban,677,7.693505,1
2023-06-08,1005,Urban,747,5.219908,0
2023-11-29,1006,Rural,772,9.111504,1
2022-07-27,1001,Suburban,1533,10.80312,1
2023-01-01,1006,Suburban,958,5.129397,0
2023-10-18,1004,Suburban,1215,17.044388,1
2023-10-04,1004,Urban,874,19.67269,0
2023-09-07,1004,Suburban,1232,19.309078,0
2022-10-11,1002,Suburban,957,10.093574,0
2023-07-03,1009,Urban,2400,29.81397,1
2022-11-01,1008,Urban,942,11.856792,0
2022-08-27,1003,Urban,1406,17.910645,1
2023-02-27,1010,Suburban,777,10.725852,0
2023-08-07,1004,Urban,690,18.190772,0
2023-01-15,1004,Rural,911,24.425603,0
2022-12-23,1009,Suburban,1313,25.028365,0
2022-04-17,1009,Suburban,1430,42.593365,1
2022-09-14,1004,Suburban,640,16.393911,0
2023-08-17,1003,Rural,1238,17.981238,1
2023-10-08,1007,Suburban,785,28.493319,0
2022-08-20,1006,Rural,848,6.7225,1
2023-08-07,1005,Suburban,1287,9.349292,1
2022-10-11,1004,Rural,991,18.600033,0
2023-02-25,1002,Urban,1848,6.946251,1
2023-04-02,1007,Rural,270,27.316386,0
2023-11-13,1006,Urban,1429,7.859405,1
2023-10-28,1006,Suburban,831,7.381009,1
2022-07-14,1010,Urban,1188,17.710386,0
2022-12-11,1005,Urban,912,10.219675,0
2023-05-21,1007,Suburban,827,17.663918,0
2023-11-03,1009,Suburban,784,30.342435,0
2022-03-11,1001,Suburban,915,12.548401,0
2023-04-26,1006,Urban,1486,5.072898,0
2022-01-05,1010,Suburban,614,12.343487,0
2022-03-01,1006,Suburban,992,5.681934,0
2022-08-19,1003,Urban,1577,12.250317,1
2023-09-02,1004,Urban,2526,14.329536,1
2023-09-12,1006,Suburban,1365,9.076804,1
2022-06-05,1002,Urban,1166,10.975203,0
2022-07-15,1001,Urban,2291,12.026681,1
2022-07-09,1004,Rural,503,23.203717,0
2023-10-08,1007,Urban,832,15.981386,0
2022-03-26,1002,Suburban,1757,13.883322,1
2022-12-15,1009,Suburban,1016,42.750223,0
2022-07-19,1007,Urban,1582,28.567687,1
2022-12-15,1010,Suburban,1499,9.700359,1
2022-02-28,1010,Rural,722,9.202881,1
2022-02-10,1010,Rural,1070,17.21365,0
2023-07-13,1005,Urban,1421,6.919177,0
2022-03-15,1009,Rural,970,34.643833,0
2023-05-30,1006,Suburban,1078,7.515833,0
2023-03-06,1004,Urban,1677,23.198792,1
2023-02-22,1003,Urban,951,15.549091,0
2022-06-18,1003,Urban,1453,15.15754,0
2022-05-29,1001,Suburban,1191,8.340246,0
2022-02-12,1009,Urban,1680,21.083357,0
2023-05-04,1006,Urban,836,4.2435,0
2022-10-30,1003,Rural,1203,18.375505,1
2022-07-12,1001,Suburban,1595,9.136268,1
2023-01-01,1003,Rural,1033,12.236457,0
2022-09-10,1010,Rural,1029,15.861556,0
2022-09-21,1001,Suburban,1194,11.442916,1
2023-09-24,1007,Suburban,1551,16.145834,1
2023-06-30,1006,Urban,456,9.87117,0
2022-09-20,1003,Suburban,1208,16.998927,0
2023-03-04,1006,Rural,1210,4.094001,0
2023-11-04,1009,Suburban,810,29.01069,0
2022-12-10,1007,Suburban,875,18.040889,0
2023-03-03,1010,Urban,1694,8.364027,1
2023-07-17,1009,Suburban,1222,44.58075,0
2023-09-29,1005,Suburban,1204,9.357855,1
2022-04-06,1003,Urban,2006,11.657018,1
2022-10-12,1005,Suburban,1043,8.485743,0
2023-07-08,1004,Suburban,1878,18.495578,1
2023-10-31,1003,Rural,617,15.712886,0
2022-06-26,1008,Urban,1423,13.524375,0
2023-09-16,1002,Suburban,1303,9.77132,1
2023-09-11,1005,Urban,1350,9.41348,0
2023-10-15,1006,Rural,890,9.827442,0
2023-01-08,1006,Urban,1085,6.735237,0
2023-01-07,1007,Urban,1346,24.475597,0
2022-01-05,1009,Suburban,954,40.581521,0
2022-10-24,1008,Rural,1061,21.104647,1
2023-05-30,1010,Urban,1851,10.021241,1
2023-06-30,1003,Urban,1221,10.978624,1
2022-01-18,1007,Suburban,559,27.932422,0
2023-07-19,1002,Urban,1714,13.578171,1
2022-03-12,1009,Rural,1107,35.308676,0
2022-10-12,1001,Rural,955,9.388858,0
2023-11-05,1010,Urban,979,10.345433,0
2022-04-25,1005,Suburban,933,5.928393,0
2022-05-19,1005,Urban,1710,9.342702,1
2023-05-15,1001,Suburban,598,10.642974,1
2022-09-21,1002,Urban,927,6.893776,0
2023-01-29,1001,Urban,1464,8.679103,0
2023-10-13,1010,Urban,974,13.593826,1
2022-09-11,1002,Urban,1633,11.89615,1
2023-11-22,1003,Urban,1141,11.257229,0
2023-07-01,1005,Urban,475,11.035545,0
2022-08-23,1006,Suburban,584,8.362087,0
2022-12-25,1008,Urban,1610,15.225178,0
2022-07-29,1004,Suburban,935,12.738746,0
2023-08-19,1010,Urban,1542,10.86302,0
2023-07-03,1007,Rural,395,29.359633,1
2022-09-06,1010,Suburban,2267,9.5178,1
2023-03-14,1002,Suburban,1170,8.272971,1
2023-04-02,1003,Urban,2732,14.922883,1
2022-09-18,1010,Rural,1296,17.995426,1
2023-03-10,1004,Urban,305,19.172688,0
2023-02-20,1002,Suburban,809,10.464899,0
2023-02-13,1010,Rural,832,13.559661,0
2022-06-04,1009,Urban,860,27.496755,0
2022-04-27,1006,Urban,1208,5.576795,0
2022-07-05,1007,Rural,1291,15.400953,1
2022-07-15,1004,Urban,1203,20.637074,0
2023-02-12,1006,Urban,1122,5.941503,0
2023-11-17,1010,Urban,1456,9.580181,0
2022-10-03,1010,Suburban,896,17.03918,0
2023-02-23,1001,Suburban,173,10.107707,0
2022-08-26,1003,Urban,572,18.71568,0
2023-07-11,1010,Urban,1286,14.958416,0
2022-06-10,1001,Rural,603,9.44482,0
2022-01-09,1003,Urban,913,17.869714,0
2023-10-06,1008,Suburban,916,17.927424,1
2022-01-21,1008,Suburban,1181,15.724954,1
2022-05-28,1007,Suburban,1169,27.01742,1
2022-03-18,1003,Urban,1206,10.152152,0
2023-05-19,1006,Suburban,881,9.982273,0
2023-08-31,1003,Urban,1023,19.139976,0
2022-01-19,1008,Urban,881,13.736838,0
2022-04-06,1009,Suburban,854,27.638054,0
2022-11-26,1007,Urban,1577,15.057314,1
2023-11-24,1008,Urban,1140,11.767621,0
2022-09-20,1008,Suburban,594,17.742369,0
2022-12-08,1007,Suburban,709,22.579648,0
2022-05-02,1004,Rural,860,16.068529,0
2022-02-07,1004,Rural,760,12.001312,0
2022-09-21,1010,Urban,731,13.240858,1
2022-12-17,1001,Urban,2160,14.07824,1
2022-01-04,1004,Suburban,1465,23.68292,0
2023-07-10,1002,Suburban,730,6.260862,0
2022-12-17,1006,Urban,1543,8.535257,0
2022-02-27,1009,Suburban,1428,31.551644,1
2023-07-11,1006,Suburban,501,4.381753,0
2022-08-28,1010,Suburban,1515,14.107521,0
2022-03-02,1002,Rural,839,13.913541,0
2022-01-06,1004,Urban,1462,13.553399,0
2023-05-21,1010,Rural,1134,16.940125,1
2023-09-24,1001,Urban,794,12.55887,0
2022-04-22,1008,Rural,637,13.002686,0
2022-04-21,1002,Urban,1529,10.813201,0
2023-11-26,1004,Urban,918,17.05909,0
2022-02-19,1003,Urban,1500,17.611517,0
2022-03-21,1009,Rural,877,24.987132,0
2023-06-04,1001,Urban,767,8.723182,0
2023-05-07,1007,Urban,1706,20.584864,1
2022-03-01,1009,Suburban,855,26.003717,0
2023-11-01,1003,Rural,955,15.485283,0
2022-09-04,1004,Urban,939,16.718132,0
2023-07-27,1003,Urban,624,16.852546,0
2023-11-20,1009,Rural,979,43.39339,1
2022-05-06,1009,Urban,2693,33.918136,1
2023-02-16,1009,Suburban,1259,44.446935,0
2023-05-01,1005,Urban,949,8.48905,0
2022-12-02,1002,Urban,1865,10.706633,1
2022-12-28,1010,Urban,788,16.405509,0
2023-01-10,1004,Urban,1135,12.431678,0
2022-10-27,1007,Rural,1047,16.299976,0
2022-07-10,1009,Urban,1580,42.220248,0
2022-09-27,1008,Suburban,1379,13.837659,0
2022-05-03,1007,Rural,626,21.056643,0
2023-07-16,1008,Urban,1914,12.646115,1
2023-06-09,1007,Rural,1391,19.92943,1
2023-11-08,1008,Suburban,957,11.215746,0
2023-08-24,1008,Suburban,1109,10.077501,0
2023-02-17,1004,Urban,1466,12.840733,0
2022-01-10,1007,Suburban,1155,29.530531,0
2023-07-03,1008,Rural,765,19.785998,0
2022-08-24,1002,Urban,837,7.696135,0
2023-01-30,1004,Urban,1292,21.836879,0
2022-12-10,1002,Suburban,1445,12.650551,0
2022-11-14,1007,Suburban,918,22.541674,0
2023-05-19,1005,Urban,1805,5.698203,1
2022-07-16,1009,Suburban,1027,36.800937,1
2022-09-06,1007,Urban,1497,15.775386,1
2023-09-27,1007,Suburban,1161,18.935515,0
2023-09-29,1001,Suburban,1510,8.887594,0
2022-12-30,1006,Urban,1733,9.484507,0
2022-08-14,1009,Suburban,832,23.558074,1
2023-10-25,1007,Rural,367,15.944832,1
2022-07-12,1004,Rural,507,23.879328,0
2022-07-06,1007,Urban,1304,22.464001,0
2023-08-11,1006,Rural,805,8.487346,0
2022-12-29,1001,Rural,420,13.054348,0
2022-03-10,1010,Rural,207,8.334585,0
2022-06-16,1006,Urban,580,7.298896,0
2022-08-10,1008,Rural,1084,17.1836,1
2022-02-18,1007,Suburban,784,20.987424,0
2022-01-15,1003,Suburban,695,18.953862,0
2022-11-03,1006,Urban,1163,4.798672,0
2023-06-21,1005,Suburban,977,9.090423,0
2022-12-22,1010,Urban,1557,10.294089,1
2023-07-15,1002,Urban,1372,6.386403,0
2022-09-21,1002,Suburban,465,11.273631,0
2023-07-04,1006,Suburban,1154,8.926926,0
2023-02-20,1006,Urban,916,9.208033,0
2023-03-22,1008,Rural,593,21.332387,0
2022-01-26,1010,Urban,2009,14.068143,0
2023-11-13,1002,Urban,1219,7.780093,0
2022-08-03,1004,Rural,670,24.325323,0
2022-04-11,1010,Rural,362,13.08966,0
2022-05-07,1010,Urban,397,16.782046,0
2022-06-07,1010,Urban,1256,15.079641,0
2022-07-30,1007,Suburban,1146,18.186247,0
2022-09-11,1004,Suburban,1422,13.050696,0
2022-12-11,1006,Suburban,1454,7.206155,0
2022-10-30,1010,Suburban,1147,11.269928,0
2022-07-26,1004,Suburban,964,20.301658,0
2022-08-07,1004,Rural,983,22.285376,0
2023-11-12,1007,Suburban,1577,26.947792,1
2023-12-01,1010,Rural,1148,11.23131,1
2023-01-03,1009,Urban,1488,23.00946,0
2023-05-17,1010,Urban,1004,17.610189,0
2023-11-20,1003,Urban,1430,19.009275,0
2022-03-31,1003,Suburban,593,17.174793,0
2022-07-27,1006,Suburban,743,8.479908,0
2022-12-22,1009,Urban,827,29.675905,0
2023-10-17,1010,Suburban,1200,13.318438,0
2022-04-06,1002,Urban,1395,6.67174,0
2022-08-16,1009,Rural,767,29.305801,0
2022-12-04,1002,Rural,1149,13.587364,0
2023-09-06,1003,Suburban,1624,10.330835,1
2022-07-08,1007,Urban,1588,18.419491,0
2023-08-07,1002,Urban,1514,7.165624,0
2023-09-12,1004,Urban,890,24.29441,0
2022-03-05,1004,Suburban,1867,22.356946,1
2022-09-12,1004,Rural,824,21.132174,0
2022-11-10,1002,Suburban,1511,8.173099,0
2022-05-13,1005,Urban,984,10.537245,0
2022-10-16,1009,Urban,1938,28.776943,1
2022-05-26,1006,Urban,725,6.476734,0
2022-06-09,1010,Suburban,1486,11.080001,1
2022-01-14,1008,Urban,2043,20.862673,0
2022-02-20,1004,Urban,1215,19.192384,1
2023-06-22,1002,Urban,1652,7.5738,1
2023-03-08,1010,Urban,382,15.609458,0
2023-07-10,1004,Suburban,1998,19.08018,1
2022-03-07,1010,Suburban,472,12.672372,0
2022-01-05,1007,Urban,1495,18.386165,1
2023-02-08,1004,Urban,1550,20.344422,1
2022-04-01,1004,Suburban,634,24.801426,0
2022-02-16,1004,Urban,523,19.119161,0
2022-03-14,1002,Rural,828,11.176997,0
2022-08-10,1009,Urban,1444,21.938,0
2022-07-07,1001,Urban,919,13.206361,0
2023-11-26,1003,Suburban,1197,15.810842,0
2023-04-07,1006,Rural,633,4.994543,0
2023-11-09,1008,Urban,852,10.625727,0
2022-08-09,1002,Suburban,1454,6.921522,0
2023-02-25,1001,Rural,862,12.121855,0
2023-06-19,1007,Rural,753,28.036948,0
2023-10-19,1005,Urban,888,7.992854,0
2023-11-06,1002,Suburban,1184,9.558011,0
2023-11-10,1006,Rural,1038,4.99662,0
2022-04-14,1009,Urban,2276,20.468294,1
2022-02-28,1010,Suburban,916,8.559154,0
2023-03-21,1010,Suburban,1351,14.04812,0
2023-02-24,1010,Urban,1509,12.971267,1
2023-05-06,1001,Suburban,1065,13.824431,1
2023-09-08,1008,Urban,2757,16.154973,1
2023-09-14,1008,Suburban,1166,10.253074,0
2022-07-05,1009,Urban,547,23.459904,0
2023-04-18,1010,Urban,1520,17.170089,1
2022-02-15,1004,Rural,595,13.620014,1
2022-09-08,1001,Urban,942,14.51094,1
2022-10-04,1006,Suburban,940,5.027165,0
2022-10-07,1001,Rural,700,8.823172,0
2022-01-29,1005,Suburban,2321,9.195798,0
2023-04-06,1009,Urban,577,39.572856,0
2022-10-30,1008,Suburban,733,13.729262,1
2022-06-23,1010,Urban,719,16.388881,0
2023-05-08,1005,Suburban,839,7.286494,0
2022-12-14,1001,Suburban,853,12.382984,0
2022-10-14,1002,Urban,814,9.511543,0
2023-06-06,1007,Urban,1618,27.907781,0
2022-07-14,1005,Suburban,1915,6.299393,1
2023-03-17,1001,Suburban,1458,8.826478,1
2023-01-27,1003,Rural,552,19.237865,0
2022-10-30,1002,Suburban,1098,12.803809,1
2022-09-08,1010,Rural,482,8.0319,0
2023-01-27,1010,Urban,1058,10.150415,0
2022-05-12,1009,Rural,784,39.075909,0
2023-01-08,1008,Rural,1736,16.675585,1
2023-06-11,1006,Suburban,1082,7.063905,0
2022-02-16,1010,Urban,1764,8.196556,1
2022-12-30,1009,Urban,1579,28.167431,0
2022-10-14,1010,Suburban,1243,8.025147,0
2022-04-08,1006,Urban,1922,7.995548,1
2023-10-09,1004,Urban,1705,17.218111,1
2023-07-08,1009,Urban,1123,43.758957,0
2023-06-27,1010,Rural,297,8.989377,0
2023-09-23,1003,Suburban,1380,14.324146,0
2023-02-13,1006,Suburban,2367,7.215263,1
2022-08-29,1010,Suburban,1331,13.868236,0
2022-10-06,1005,Rural,788,5.761981,0
2023-07-30,1002,Urban,1297,8.336872,0
2022-05-31,1002,Suburban,1215,8.408359,1
2023-06-19,1006,Suburban,843,6.297694,0
2022-06-24,1001,Urban,620,13.579949,0
2022-10-13,1009,Rural,612,42.319025,1
2023-04-07,1008,Suburban,1244,14.341422,0
2022-07-02,1004,Urban,2060,16.411517,1
2023-05-19,1001,Rural,638,9.97615,0
2023-02-02,1007,Suburban,1819,23.514463,1
2023-07-21,1010,Suburban,1031,16.411868,0
2022-01-23,1005,Rural,880,10.206775,0
2022-11-22,1010,Rural,689,15.453814,0
2022-04-05,1001,Suburban,2005,8.642421,1
2023-07-31,1002,Urban,1882,11.303644,1
2022-12-31,1006,Suburban,1185,6.552132,0
2023-01-02,1003,Urban,740,12.911928,0
2023-11-30,1005,Rural,828,11.085622,0
2023-11-27,1001,Urban,2005,14.339046,1
2023-09-13,1009,Rural,1218,27.412497,1
2022-01-11,1001,Urban,1025,13.185222,0
2023-04-09,1002,Suburban,1366,12.607842,0
2022-12-06,1002,Urban,1074,11.332654,0
2022-06-29,1003,Urban,1240,16.022927,0
2022-09-27,1005,Urban,418,6.393685,0
2023-07-04,1007,Urban,1362,18.962492,0
2023-01-04,1002,Suburban,530,6.824899,0
2022-12-26,1003,Suburban,523,15.722913,0
2023-10-01,1004,Suburban,1240,23.159669,0
2022-06-30,1003,Urban,1036,15.864583,0
2022-03-04,1003,Urban,1180,12.597258,0
2023-04-16,1004,Suburban,691,20.248115,0
2023-06-25,1002,Urban,2038,10.011238,0
2023-10-24,1007,Suburban,857,21.408296,0
2022-10-06,1005,Rural,937,9.201773,1
2022-07-14,1001,Suburban,1027,11.849439,0
2023-04-20,1006,Suburban,1349,6.167435,1
2023-11-23,1004,Rural,1277,13.138985,1
2022-10-12,1006,Urban,1152,6.256531,0
2023-08-27,1002,Suburban,496,9.058396,0
2022-04-04,1010,Urban,1973,9.467119,1
2022-10-26,1006,Suburban,607,7.198649,0
2023-01-07,1002,Rural,1179,8.856649,1
2022-09-25,1010,Rural,420,11.701943,0
2022-02-23,1002,Suburban,687,12.389162,0
2023-08-02,1005,Urban,892,8.649347,0
2023-10-20,1010,Urban,609,17.804422,0
2022-10-03,1006,Rural,437,4.595792,0
2023-05-31,1003,Rural,384,10.334471,0
2022-12-12,1006,Suburban,633,7.609398,1
2023-10-09,1001,Suburban,347,13.116539,0
2023-04-05,1008,Urban,1277,18.143268,0
2022-11-22,1004,Urban,1833,19.065993,1
2022-03-28,1005,Urban,1131,9.177623,0
2022-09-29,1010,Suburban,1286,10.697578,1
2022-05-20,1010,Suburban,770,14.041233,0
2023-03-06,1010,Suburban,854,16.078991,0
2022-06-29,1001,Rural,1040,14.221401,1
2022-03-08,1001,Urban,1541,8.103637,1
2022-10-21,1005,Urban,1581,11.731209,1
2023-04-25,1004,Suburban,770,14.034385,1
2022-09-22,1008,Urban,1448,21.205186,0
2023-05-07,1005,Suburban,963,5.508095,0
2022-09-20,1009,Rural,614,31.029502,0
2023-01-03,1006,Urban,1110,4.104196,1
2022-04-13,1007,Suburban,717,20.304273,1
2023-09-07,1006,Suburban,1080,4.343404,0
2022-03-18,1008,Suburban,936,17.824421,0
2023-03-05,1004,Suburban,1390,15.229904,0
2022-02-14,1010,Rural,483,14.655499,0
2023-05-25,1002,Suburban,773,9.250713,0
2022-05-31,1003,Urban,824,19.058608,0
2022-03-09,1004,Suburban,598,23.413278,0
2022-09-23,1004,Urban,1177,22.738487,0
2022-09-17,1008,Suburban,422,11.166981,1
2022-01-18,1001,Urban,1570,9.873103,0
2023-06-16,1008,Suburban,520,20.515739,0
2023-02-14,1005,Urban,1073,7.49458,0
2023-04-11,1009,Rural,567,26.181693,0
2023-01-13,1005,Urban,1163,9.897833,0
2023-07-06,1006,Suburban,1121,7.425798,1
2023-03-30,1004,Urban,937,17.543478,0
2023-11-01,1005,Urban,2902,6.773018,1
2022-11-10,1004,Urban,1366,16.81719,0
2022-10-16,1003,Urban,1503,14.199416,0
2023-01-15,1004,Urban,925,24.024895,0
2023-10-06,1008,Urban,1496,21.358941,0
2022-08-05,1006,Suburban,894,4.94319,0
2023-11-29,1005,Urban,934,8.333043,0
2023-01-02,1008,Urban,342,11.04408,0
2023-03-09,1010,Rural,642,14.966236,0
2022-03-01,1007,Rural,1038,27.856197,0
2022-03-07,1009,Urban,1474,28.611151,0
2022-07-11,1008,Suburban,444,21.777437,0
2022-08-26,1010,Rural,681,13.844395,0
2023-08-23,1008,Rural,112,20.329692,0
2023-04-07,1003,Suburban,964,15.66167,0
2022-09-26,1004,Urban,1061,15.631516,0
2023-11-23,1007,Suburban,1448,16.629475,1
2022-11-05,1009,Urban,1044,21.669326,0
2023-09-12,1002,Urban,953,10.832305,0
2023-01-18,1007,Urban,1071,21.275676,1
2023-08-30,1005,Rural,512,7.749894,0
2023-03-22,1003,Rural,1077,16.880526,0
2023-04-24,1007,Urban,1018,22.138158,0
2022-04-12,1009,Urban,1336,43.295132,1
2023-04-05,1007,Suburban,727,19.786351,0
2022-10-23,1003,Rural,250,19.810987,1
2023-08-27,1001,Rural,974,12.16806,1
2022-09-14,1004,Urban,1291,24.127682,1
2022-03-06,1005,Urban,1217,7.258516,0
2022-11-28,1003,Urban,936,11.646592,0
2022-09-16,1002,Urban,1144,8.133425,1
2023-04-12,1002,Urban,1831,6.010784,1
2022-05-25,1003,Urban,509,10.296802,0
2023-09-02,1003,Urban,1609,10.139433,0
2023-07-10,1001,Suburban,821,12.492165,0
2023-03-08,1004,Suburban,1088,20.176017,1
2022-09-12,1003,Suburban,1635,13.228244,0
2023-09-02,1004,Urban,889,22.627796,0
2023-08-12,1001,Urban,226,11.047966,1
2022-04-18,1009,Urban,768,43.042962,0
2022-04-23,1001,Urban,1289,9.311341,0
2023-11-24,1006,Suburban,1614,5.731057,0
2022-11-05,1009,Urban,1512,43.376993,0
2023-06-29,1009,Suburban,1066,33.407491,0
2022-01-16,1005,Urban,2410,5.687089,1
2022-11-21,1005,Urban,1236,11.5249,1
2023-03-20,1008,Suburban,685,18.613813,0
2022-01-03,1008,Suburban,1609,18.254109,0
2022-12-19,1008,Urban,536,11.908269,1
2022-09-24,1001,Urban,1644,11.278392,1
2022-09-13,1002,Suburban,1123,13.928104,0
2023-10-10,1001,Suburban,848,12.429944,0
2023-06-01,1010,Urban,1704,16.381293,0
2023-02-06,1005,Urban,1013,6.372591,0
2022-02-21,1004,Suburban,1077,17.504425,0
2023-05-02,1007,Urban,1464,23.320419,0
2023-09-05,1007,Urban,1562,27.428667,0
2023-07-11,1007,Rural,50,25.739593,1
2023-11-13,1009,Urban,1169,36.554719,0
2023-02-24,1008,Suburban,685,11.355049,0
2023-08-04,1009,Urban,944,42.700525,0
2023-04-02,1007,Urban,1475,26.314785,0
2023-06-29,1004,Suburban,882,22.215893,1
2022-09-14,1002,Urban,1183,10.427526,0
2023-03-07,1001,Urban,1829,10.338224,1
2022-02-17,1007,Suburban,1364,21.917952,0
2023-02-05,1004,Urban,1451,20.963224,1
2022-01-13,1001,Urban,2131,9.750023,1
2022-12-24,1003,Urban,1317,12.153399,0
2022-01-11,1003,Urban,891,18.677678,0
2023-10-20,1003,Rural,604,10.789445,0
2022-02-13,1007,Suburban,1864,26.40078,1
2023-08-17,1010,Rural,625,10.626186,1
2022-03-14,1002,Urban,849,6.582337,0
2022-01-02,1001,Urban,1047,10.051749,0
2023-10-10,1009,Urban,938,40.018691,0
2023-03-17,1001,Suburban,1107,9.422098,1
2022-08-17,1006,Urban,1589,4.777755,0
2022-12-16,1005,Suburban,593,9.891718,0
2023-01-13,1007,Urban,628,23.556771,0
2023-08-15,1007,Rural,779,18.855514,0
2023-06-12,1004,Urban,1597,19.584981,1
2023-03-10,1001,Rural,1390,13.46738,1
2023-02-09,1007,Rural,239,25.658453,0
2022-09-06,1006,Rural,1134,6.869447,1
2023-03-14,1009,Urban,2062,35.779183,0
2022-05-26,1008,Rural,1139,12.364843,0
2023-01-13,1007,Urban,1070,17.173167,0
2023-05-30,1008,Urban,389,20.439633,0
2023-09-28,1006,Urban,818,6.90186,0
2022-06-09,1010,Suburban,603,10.249816,0
2023-06-05,1003,Urban,1379,16.426951,1
2023-04-01,1004,Urban,1386,19.301446,0
2022-06-04,1008,Urban,1048,12.52678,1
2022-04-17,1004,Urban,1193,13.491088,1
2022-04-16,1007,Suburban,1345,25.180955,0
2022-09-13,1004,Suburban,1232,15.982159,0
2023-04-23,1007,Suburban,1287,21.251133,0
2023-11-08,1001,Urban,1752,8.827047,1
2022-05-19,1010,Urban,889,12.047216,0
2023-08-06,1008,Urban,1699,13.298294,0
2023-03-19,1005,Suburban,1845,11.85032,0
2022-06-10,1008,Suburban,1069,11.876333,1
2023-12-01,1003,Suburban,1285,14.240396,1
2022-07-03,1002,Suburban,1356,10.341363,0
2023-06-23,1010,Urban,2285,17.280622,1
2023-02-08,1006,Suburban,529,4.10166,0
2023-06-30,1001,Suburban,919,14.079707,0
2023-06-11,1006,Urban,1507,8.900313,0
2023-01-31,1004,Suburban,560,20.425855,0
2022-11-29,1001,Suburban,1213,14.452899,0
2023-08-05,1008,Suburban,1179,21.878151,0
2023-11-12,1002,Rural,902,13.68266,0
2022-08-21,1010,Suburban,934,8.289971,0
2023-11-04,1001,Rural,369,14.834703,0
2023-10-14,1005,Suburban,1229,8.047783,1
2022-07-12,1003,Suburban,782,15.991474,1
2023-10-19,1010,Suburban,1505,12.052229,1
2022-05-22,1005,Urban,1424,11.221136,0
2022-06-10,1002,Rural,663,13.887673,0
2023-01-18,1002,Suburban,691,13.0891,0
2022-05-08,1004,Urban,1345,20.524613,0
2022-05-29,1002,Rural,1249,12.47138,0
2022-04-26,1004,Suburban,1431,23.003092,1
2022-08-30,1005,Urban,1342,9.882685,0
2022-11-17,1005,Urban,636,5.988326,0
2023-03-06,1006,Urban,2108,4.246067,0
2022-09-18,1002,Urban,1625,10.801085,0
2023-01-09,1006,Urban,2238,5.719039,1
2023-11-23,1003,Urban,1260,19.036964,0
2022-10-24,1001,Urban,1081,11.43693,1
2023-09-25,1001,Suburban,738,14.336486,0
2023-06-07,1008,Rural,900,17.799802,0
2023-07-15,1001,Urban,1718,11.648774,0
2023-09-06,1007,Suburban,540,29.253691,0
2023-10-29,1010,Suburban,710,13.550659,0
2022-08-19,1002,Suburban,1022,8.754113,0
2022-04-03,1010,Suburban,743,11.488051,0
2023-04-01,1010,Suburban,1719,9.38674,1
2022-09-21,1006,Rural,723,4.576125,0
2022-01-02,1003,Rural,708,12.90399,0
2022-08-02,1010,Urban,618,13.427112,0
2023-09-14,1003,Suburban,1098,17.509679,0
2022-06-14,1008,Rural,502,15.040309,0
2023-10-08,1005,Suburban,1133,10.221538,0
2023-03-08,1007,Urban,996,28.568719,0
2023-02-10,1009,Urban,782,43.643667,1
2022-02-05,1002,Suburban,1541,9.802205,0
2023-01-16,1006,Urban,1904,8.020606,1
2023-04-26,1006,Suburban,629,4.358889,0
2023-03-30,1006,Urban,1311,7.298058,1
2023-11-23,1002,Rural,308,11.466012,0
2022-10-02,1005,Urban,1116,6.758249,0
2022-07-03,1007,Urban,630,18.401541,0
2022-10-09,1002,Urban,1134,7.210285,0
2023-11-18,1004,Suburban,1318,13.364525,0
2022-12-13,1007,Suburban,1071,18.156647,0
2023-11-10,1007,Rural,612,16.212915,0
2022-06-19,1008,Rural,892,12.69722,1
2022-05-19,1001,Suburban,681,11.743786,0
2023-08-01,1008,Urban,1087,11.5613,1
2022-12-14,1008,Rural,1242,20.463096,1
2022-02-14,1007,Suburban,1039,15.244692,0
2023-11-06,1007,Urban,751,29.281028,0
2023-06-17,1004,Urban,934,18.376492,0
2022-11-23,1001,Urban,1653,13.590624,0
2022-06-11,1010,Urban,1591,10.736119,1
2022-04-18,1002,Rural,1091,8.475808,1
2023-04-18,1004,Urban,402,23.944923,0
2023-04-20,1007,Suburban,386,18.857542,0
2023-01-25,1002,Suburban,750,12.202453,0
2023-01-22,1010,Suburban,943,14.415246,0
2022-08-15,1003,Suburban,1037,15.519198,1
2022-04-10,1004,Rural,881,20.684896,0
2022-07-04,1008,Suburban,997,12.80439,1
2022-08-25,1001,Suburban,1418,11.842927,1
2023-09-16,1004,Urban,1707,17.119195,0
2023-03-12,1001,Suburban,1019,13.019522,0
2022-06-04,1009,Urban,1201,38.532465,0
2023-03-17,1001,Urban,1874,11.522793,1
2022-01-23,1006,Urban,1595,5.677452,0
2023-01-03,1004,Urban,723,13.332624,1
2023-02-18,1009,Rural,887,29.655754,0
2023-08-08,1006,Rural,50,8.956232,1
2022-08-01,1005,Urban,1817,7.460885,0
2023-09-15,1002,Suburban,505,11.018465,0
2023-03-08,1001,Urban,1228,10.162588,0
2023-07-20,1010,Urban,784,12.591085,0
2022-06-25,1010,Suburban,1592,16.390308,0
2022-06-06,1009,Urban,815,22.746004,0
2022-07-29,1004,Urban,1156,23.752748,1
2022-03-21,1005,Urban,668,8.889477,0
2022-12-06,1007,Suburban,843,25.527025,0
2022-10-19,1009,Suburban,643,23.029838,0
2023-03-13,1009,Rural,592,24.45926,0
2023-01-10,1008,Urban,740,16.908077,0
2023-04-25,1006,Urban,1179,7.789568,0
2022-10-27,1002,Suburban,705,11.467381,0
2023-08-05,1002,Rural,841,10.071419,0
2023-02-04,1010,Suburban,1080,14.301643,0
2023-08-23,1008,Suburban,1274,13.046266,1
2023-05-28,1004,Urban,869,22.445172,1
2022-07-24,1005,Urban,2497,11.398444,1
2022-03-12,1002,Suburban,713,7.491401,1
2023-04-01,1006,Suburban,1056,5.162457,0
2022-03-07,1010,Urban,817,14.339109,0
2023-05-10,1005,Urban,785,5.035473,1
2023-03-16,1003,Suburban,557,14.53418,0
2022-07-06,1003,Suburban,1460,10.630341,0
2022-09-19,1008,Urban,752,12.027804,0
2023-05-02,1004,Urban,1072,16.690672,0
2023-05-05,1001,Rural,1492,10.617192,1
2022-03-21,1010,Rural,518,10.902604,1
2022-02-21,1002,Urban,2088,6.40993,1
2022-04-25,1002,Urban,1830,9.326847,1
2023-10-23,1010,Rural,856,10.182211,1
2022-12-19,1005,Urban,1225,6.239765,0
2023-01-31,1009,Urban,1051,24.346603,1
2022-10-06,1008,Rural,691,21.403038,0
2022-10-18,1005,Urban,1512,8.308349,1
2023-04-27,1004,Urban,1641,17.493613,0
2022-01-07,1002,Urban,1097,12.531444,0
2022-09-04,1002,Rural,1509,6.897997,1
2022-03-21,1003,Rural,778,19.3705,0
2023-03-07,1006,Suburban,987,6.762443,0
2023-05-04,1010,Rural,432,16.177521,0
2022-10-18,1003,Suburban,1273,10.42887,1
2022-04-25,1001,Suburban,1359,9.97805,1
2022-09-10,1001,Urban,1364,12.428224,0
2022-01-14,1008,Urban,1860,15.259548,1
2023-01-01,1007,Urban,883,20.827318,1
2022-04-29,1009,Rural,691,22.870247,0
2023-01-12,1004,Urban,1252,14.791619,0
2022-11-11,1005,Urban,864,6.828258,0
2023-08-28,1002,Urban,1254,7.04535,1
2022-01-07,1001,Suburban,1077,10.587858,1
2023-04-24,1002,Urban,1554,8.112413,0
2022-01-30,1005,Rural,328,7.642352,0
2022-03-25,1003,Urban,332,14.345375,0
2023-07-26,1005,Suburban,1490,10.307485,1
2022-02-16,1009,Urban,710,33.614573,0
2022-12-14,1007,Suburban,1764,23.801949,1
2023-10-15,1005,Urban,1650,10.808956,0
2022-06-07,1004,Rural,810,24.073522,1
2022-09-05,1003,Urban,826,14.074886,0
2022-09-02,1004,Suburban,777,18.837301,0
2023-06-04,1006,Rural,1013,4.906762,0
2022-03-31,1001,Suburban,733,8.80181,0
2023-09-10,1009,Rural,754,27.113092,0
2023-06-13,1006,Rural,1139,4.105863,0
2023-06-27,1008,Suburban,798,21.254723,0
2023-06-10,1005,Suburban,1234,9.635907,0
2022-04-20,1007,Rural,1054,19.336115,0
2022-01-10,1001,Urban,1313,9.832842,0
2022-12-09,1002,Rural,868,9.28559,0
2023-09-30,1010,Suburban,820,10.005058,0
2022-02-10,1001,Urban,1388,8.4783,1
2022-03-01,1003,Suburban,1016,10.959354,0
2022-05-30,1002,Urban,738,6.397429,0
2023-07-09,1006,Urban,1387,8.669936,0
2023-09-13,1002,Urban,1896,11.472749,1
2023-02-17,1004,Suburban,965,24.866793,1
2022-03-14,1010,Urban,1201,13.031519,0
2023-05-12,1004,Urban,1694,13.032402,0
2022-01-31,1003,Suburban,1265,16.64681,0
2022-02-22,1009,Suburban,1070,40.71125,0
2022-01-30,1006,Suburban,884,5.730972,0
2022-03-11,1008,Urban,751,19.803453,0
2022-03-07,1004,Suburban,1180,20.349729,0
2022-03-11,1006,Suburban,547,5.544989,1
2023-03-01,1001,Suburban,1033,12.308649,0
2023-08-01,1007,Suburban,938,20.792112,0
2023-07-24,1001,Suburban,808,11.818,0
2022-01-22,1006,Urban,1214,8.519923,0
2022-08-29,1003,Suburban,482,11.902842,0
2023-06-06,1005,Urban,830,8.317136,1
2022-06-27,1007,Urban,1342,20.892555,1
2023-11-13,1003,Urban,1027,18.08266,1
2023-01-08,1008,Suburban,173,11.967875,0
2023-08-22,1008,Rural,649,11.798889,0
2022-12-14,1009,Rural,489,38.236447,0
2023-02-02,1010,Suburban,677,13.253216,0
2022-03-04,1002,Suburban,873,8.796538,0
2022-10-03,1001,Suburban,1407,10.199127,0
2023-08-26,1009,Rural,475,25.675081,1
2023-10-16,1007,Suburban,680,21.180675,0
2022-06-21,1010,Urban,1238,13.754777,0
2023-07-05,1007,Suburban,290,22.877431,0
2023-08-01,1005,Urban,1331,7.530262,1
2022-09-18,1010,Urban,2560,12.596805,1
2023-08-23,1004,Rural,581,20.956408,0
2023-12-01,1009,Rural,1487,25.301898,1
2023-11-30,1009,Urban,356,43.616763,0
2022-12-05,1005,Suburban,1270,7.087449,0
2022-02-09,1010,Urban,1554,9.342953,0
2022-07-06,1003,Urban,1233,19.89649,0
2022-03-03,1003,Suburban,1022,10.606288,1
2022-07-07,1005,Urban,1935,9.521325,1
2023-09-15,1006,Suburban,386,5.542729,0
2023-11-12,1004,Urban,1303,16.072292,0
2022-07-26,1005,Suburban,1364,10.698425,0
2022-05-08,1006,Urban,1532,4.265378,0
2022-07-14,1001,Rural,761,11.33367,1
2022-07-29,1002,Rural,1244,13.323508,1
2023-09-26,1004,Suburban,1028,13.443787,0
2022-08-08,1005,Urban,2570,10.351983,1
2022-03-10,1006,Urban,1702,5.773152,1
2022-06-12,1009,Suburban,1346,30.226324,1
2023-09-24,1009,Rural,1133,41.283968,0
2022-01-15,1007,Suburban,1405,22.966033,0
2023-07-01,1002,Urban,2496,7.781713,0
2022-08-31,1005,Suburban,1021,8.786145,1
2022-09-28,1002,Urban,1330,11.273636,1
2022-11-26,1009,Suburban,1140,34.523107,0
2022-12-28,1003,Suburban,1016,15.737361,0
2022-07-06,1001,Urban,1397,12.128172,0
2022-08-09,1005,Rural,1379,7.689189,1
2023-08-31,1008,Suburban,1015,14.430377,0
2022-09-07,1007,Urban,1893,29.122446,1
2023-03-02,1001,Suburban,1799,10.268351,1
2023-10-27,1009,Suburban,423,25.055868,0
2022-02-17,1008,Urban,1000,17.250537,0
2022-04-01,1003,Suburban,788,19.027464,0
2023-07-10,1007,Suburban,1632,17.736569,1
2022-05-29,1007,Urban,1536,28.403364,0
2022-10-06,1007,Urban,842,19.10544,1
2023-05-27,1005,Rural,726,9.470947,0
2023-04-11,1009,Urban,1947,24.530652,1
2023-06-04,1007,Urban,2139,15.275283,1
2023-07-25,1009,Urban,1012,36.448235,0
2023-02-17,1008,Urban,1799,20.072435,1
2022-10-01,1007,Urban,1352,15.901119,0
2022-11-19,1005,Urban,1070,5.973357,0
2023-03-25,1004,Suburban,2150,23.657546,1
2022-08-29,1005,Rural,1236,11.568499,0
2023-06-22,1007,Urban,1465,21.894327,0
2022-01-17,1003,Rural,1366,14.920814,1
2022-03-22,1010,Rural,1210,13.160307,1
2023-11-24,1007,Suburban,994,23.700117,0
2023-03-11,1010,Rural,541,13.946554,0
2022-07-22,1003,Urban,2015,12.930968,1
2022-12-19,1009,Urban,689,26.44088,0
2023-04-19,1003,Urban,1078,17.926433,0
2022-03-18,1002,Urban,1905,12.07831,1
2022-04-05,1009,Urban,1489,24.480381,1
2022-04-12,1001,Suburban,896,10.977998,0
2022-10-06,1003,Rural,1015,19.513735,0
2022-01-24,1001,Urban,680,11.54572,0
2023-06-18,1006,Suburban,1456,9.961858,0
2022-12-31,1005,Suburban,1424,7.449348,0
2023-10-17,1003,Rural,857,11.881347,1
2023-02-28,1009,Urban,1503,21.711333,1
2022-07-24,1003,Suburban,1094,19.296073,0
2022-04-16,1004,Urban,1464,20.646961,0
2023-01-25,1009,Rural,666,38.184351,0
2023-08-01,1003,Urban,534,15.154567,0
2023-01-03,1002,Suburban,745,6.903465,0
2023-05-25,1003,Suburban,1789,19.196342,1
2022-10-27,1005,Suburban,217,7.982264,0
2022-12-03,1010,Suburban,1286,14.418013,0
2022-07-22,1003,Rural,1333,12.658165,1
2023-10-25,1001,Rural,984,13.106276,0
2022-02-12,1008,Suburban,1745,10.543353,1
2022-01-09,1004,Suburban,620,16.090557,0
2022-12-24,1010,Rural,748,13.152319,0
2022-12-31,1009,Urban,1212,32.753186,0
2023-01-17,1009,Urban,879,44.718819,0
2022-11-01,1007,Rural,504,27.108132,0
2022-04-07,1003,Suburban,295,19.146854,0
2022-08-19,1004,Suburban,1621,18.400025,0
2022-07-31,1003,Urban,2400,15.629718,1
2023-02-22,1009,Urban,1906,37.527998,1
2022-12-23,1001,Suburban,1187,10.897243,0
2023-06-19,1003,Urban,859,17.400598,0
2022-01-06,1010,Urban,1200,15.791196,0
2023-01-22,1002,Urban,1724,7.522931,0
2022-09-06,1007,Suburban,992,17.715004,0
2023-03-05,1004,Suburban,1706,17.955403,1
2022-11-26,1009,Urban,1676,36.782687,0
2022-06-01,1001,Rural,538,11.752761,1
2022-11-22,1006,Suburban,1211,5.384499,0
2023-11-18,1001,Suburban,867,14.850194,1
2022-05-03,1010,Suburban,641,16.129904,0
2023-02-28,1008,Urban,1230,14.095278,0
2023-11-07,1008,Suburban,786,12.262219,0
2022-11-25,1001,Suburban,861,10.067364,1
2022-10-18,1006,Suburban,479,6.732091,1
2023-08-27,1010,Urban,1647,14.566819,1
2022-01-22,1005,Suburban,1528,11.582183,0
2022-04-11,1008,Urban,1449,11.811794,0
2023-04-26,1001,Suburban,839,11.57763,0
2022-11-17,1007,Urban,1103,15.857314,0
2022-03-29,1003,Suburban,714,17.679772,0
2022-09-02,1004,Suburban,753,16.929882,0
2022-11-16,1003,Urban,1020,15.801495,0
2023-01-29,1004,Suburban,991,13.094768,0
2023-10-16,1008,Suburban,999,17.229522,0
2022-06-21,1009,Urban,1234,22.092834,0
2023-09-17,1004,Rural,421,17.69903,0
2023-04-11,1007,Suburban,786,26.752138,0
2023-07-13,1004,Urban,1909,13.697647,0
2023-09-24,1007,Rural,914,17.682731,1
2023-02-15,1004,Rural,990,23.291415,0
2023-03-07,1001,Suburban,623,13.774183,0
2022-09-22,1006,Urban,1125,9.179922,0
2022-11-20,1001,Suburban,539,12.402767,1
2022-07-09,1010,Suburban,1111,15.46858,0
2022-11-15,1010,Urban,1653,13.450084,1
2022-07-12,1005,Rural,1008,7.200511,1
2023-03-21,1002,Urban,1417,11.942378,0
2023-05-13,1005,Rural,1124,5.268676,0
2022-05-05,1001,Suburban,873,9.644556,1
2023-10-18,1001,Suburban,2217,10.988199,1
2022-06-05,1005,Suburban,589,8.118505,0
2022-11-02,1007,Rural,860,16.250224,0
2022-11-25,1009,Urban,1229,22.720607,0
2023-01-13,1002,Suburban,656,13.207219,0
2023-01-08,1002,Urban,1257,7.1106,0
2023-01-14,1006,Suburban,993,4.041581,0
2022-08-17,1010,Urban,756,12.556386,0
2023-04-04,1009,Rural,788,21.625795,0
2023-10-09,1004,Urban,1003,15.762599,0
2022-07-04,1007,Rural,711,21.499666,0
2023-09-23,1005,Urban,1347,5.190102,0
2023-09-24,1006,Suburban,1408,8.526023,0
2023-01-27,1009,Rural,839,24.754164,1
2022-07-21,1002,Suburban,961,8.109179,0
2023-09-21,1004,Suburban,979,22.933101,0
2022-10-31,1005,Suburban,1079,11.855018,0
2022-04-13,1003,Urban,765,17.009187,0
2022-09-12,1002,Suburban,1288,11.017477,1
2023-02-09,1009,Suburban,957,31.561225,0
2023-09-06,1006,Suburban,573,9.769331,0
2022-03-10,1004,Rural,856,24.443241,0
2022-08-17,1008,Suburban,768,21.05323,0
2022-04-16,1002,Urban,2436,10.388538,1
2023-02-13,1001,Rural,690,12.12032,1
2023-09-17,1001,Urban,1026,13.945864,0
2022-07-14,1004,Suburban,714,20.995987,0
2022-08-01,1010,Urban,1185,10.237447,0
2022-05-20,1009,Suburban,624,24.597542,0
2023-11-20,1002,Suburban,1158,8.606375,0
2023-10-16,1006,Rural,301,5.093412,0
2022-02-26,1003,Suburban,666,14.005035,0
2023-01-01,1002,Rural,665,13.522914,0
2023-03-03,1006,Suburban,1107,4.611386,1
2023-03-09,1003,Urban,1440,19.126998,0
2022-12-14,1003,Suburban,872,13.252762,0
2023-03-30,1002,Rural,886,12.761551,1
2022-03-03,1006,Suburban,823,7.512573,0
2022-11-02,1008,Suburban,531,18.999299,0
2022-05-25,1001,Urban,1824,10.012838,1
2023-01-11,1008,Urban,1205,16.1646,0
2023-03-11,1005,Urban,1574,10.854934,0
2022-05-28,1009,Urban,50,35.79745,1
2022-07-16,1007,Rural,1298,29.842619,1
2023-11-30,1004,Urban,1611,18.422506,0
2023-01-14,1002,Urban,920,10.862748,1
2022-05-19,1010,Urban,981,15.401654,0
2022-02-04,1002,Urban,1264,10.844636,0
2023-09-02,1004,Rural,1631,21.150479,1
2022-06-28,1002,Urban,1098,10.902022,0
2023-11-19,1005,Urban,1626,8.107351,1
2022-04-15,1004,Urban,643,18.303794,0
2022-02-21,1009,Rural,558,32.796233,0
2022-11-09,1005,Suburban,1807,8.787851,1
2022-06-26,1002,Rural,733,8.238829,0
2022-08-11,1008,Suburban,539,12.936238,0
2022-05-09,1007,Rural,393,26.746264,0
2023-11-13,1008,Suburban,732,20.32755,0
2023-01-20,1005,Suburban,810,9.160397,0
2023-05-30,1006,Urban,1050,5.584115,0
2022-11-27,1004,Urban,1449,21.815595,1
2022-09-19,1003,Urban,893,14.500376,0
2022-04-24,1007,Suburban,1535,24.641264,0
2022-12-15,1001,Urban,2185,8.015734,1
2022-04-18,1001,Suburban,1423,11.559316,1
2023-08-03,1008,Urban,1043,11.23843,0
2022-11-15,1010,Suburban,1066,8.798304,0
2022-09-02,1001,Suburban,974,11.815933,0
2022-08-23,1006,Urban,1111,4.087728,0
2023-07-09,1006,Suburban,1280,7.827485,0
2022-04-19,1002,Urban,1669,11.984622,1
2022-07-07,1009,Urban,702,40.644165,1
2023-11-27,1002,Urban,585,7.328887,0
2022-04-06,1001,Suburban,514,8.203635,0
2023-07-03,1001,Suburban,635,8.56085,0
2023-11-13,1001,Urban,830,11.10918,0
2023-11-16,1010,Suburban,984,15.297964,0
2023-11-21,1005,Urban,749,11.768536,0
2023-11-09,1005,Suburban,726,11.678623,0
2023-05-16,1008,Urban,440,16.366559,0
2022-07-06,1001,Suburban,1129,9.773484,0
2022-08-19,1002,Urban,1233,7.513081,0
2023-01-08,1007,Urban,1137,22.04389,0
2022-03-03,1009,Rural,690,43.484108,1
2023-10-30,1005,Suburban,684,5.6782,0
2022-10-16,1007,Urban,976,19.617028,0
2023-06-25,1005,Rural,2137,5.88153,1
2022-01-22,1007,Rural,901,16.171651,0
2022-10-11,1009,Suburban,1316,40.90043,0
2022-06-24,1003,Urban,1687,13.716751,1
2023-07-27,1008,Urban,652,13.072721,0
2022-08-16,1010,Urban,1137,10.535633,0
2023-06-01,1003,Suburban,1023,16.600934,1
2022-10-21,1008,Rural,841,21.778582,1
2022-07-23,1006,Rural,443,4.536192,0
2022-03-22,1009,Urban,1256,30.712779,0
2022-03-11,1001,Urban,1604,9.201233,1
2022-11-29,1010,Rural,932,17.702956,0
2022-09-05,1010,Urban,933,12.911196,0
2022-01-23,1006,Urban,1719,9.197561,0
2023-10-18,1007,Urban,797,27.564621,0
2022-08-09,1002,Urban,738,12.965601,0
2023-06-07,1007,Suburban,1018,25.07568,1
2023-01-22,1001,Rural,1089,9.14752,0
2023-07-21,1008,Rural,361,11.631067,0
2022-06-05,1009,Suburban,1085,23.093188,1
2023-06-20,1007,Urban,1566,16.879686,0
2023-05-29,1008,Urban,924,12.314769,0
2023-08-26,1004,Urban,1619,23.436797,1
2022-07-16,1006,Urban,854,7.07466,0
2022-03-27,1007,Suburban,1241,23.595132,0
2022-09-18,1010,Rural,583,12.618623,0
2022-01-24,1001,Suburban,1607,8.248707,1
2023-08-16,1006,Suburban,1326,4.852881,1
2022-02-21,1006,Urban,470,5.716247,0
2022-07-24,1004,Urban,1832,24.72142,0
2023-05-10,1003,Rural,416,15.936526,0
2023-08-29,1010,Suburban,1319,12.441267,1
2022-04-07,1009,Urban,926,23.636479,0
2022-01-04,1007,Suburban,1345,26.902713,0
2023-03-22,1008,Rural,934,20.573431,0
2022-07-16,1002,Suburban,1505,11.206914,0
2022-08-21,1003,Suburban,1434,19.252535,1
2023-05-24,1006,Urban,724,8.630247,0
2022-08-21,1003,Suburban,1038,11.608683,0
2023-10-28,1006,Suburban,852,4.809855,0
2022-06-26,1006,Suburban,253,5.668529,0
2022-01-19,1004,Rural,604,15.25221,0
2022-03-24,1001,Suburban,920,10.776253,0
2022-12-17,1001,Suburban,1104,12.960151,0
2022-07-14,1001,Urban,1772,9.473578,1
2023-09-10,1010,Suburban,1338,11.400894,0
2022-03-12,1005,Urban,1724,9.627319,0
2022-01-23,1009,Urban,2300,37.338533,1
2022-10-13,1001,Urban,673,11.260648,0
2023-09-07,1006,Urban,1344,8.801641,0
2022-11-06,1007,Suburban,455,16.591114,0
2023-05-23,1007,Suburban,941,28.315856,0
2022-01-13,1008,Urban,536,15.482357,0
2023-07-03,1005,Rural,613,7.686879,1
2023-01-25,1002,Suburban,625,6.543141,0
2022-05-20,1008,Urban,1034,15.286225,0
2023-10-30,1003,Rural,390,12.645602,0
2023-08-20,1001,Urban,1147,10.992744,0
2023-07-15,1005,Urban,396,9.967631,1
2022-10-21,1010,Rural,742,14.08837,0
2022-09-19,1002,Urban,2664,10.055704,1
2022-02-13,1009,Urban,936,30.779982,1
2023-10-02,1007,Urban,1589,18.744946,1
2022-12-08,1010,Rural,1007,8.29993,0
2022-08-01,1003,Suburban,1151,12.353721,1
2022-01-10,1001,Rural,768,12.030806,1
2023-02-27,1007,Urban,1243,24.634813,0
2023-03-06,1008,Suburban,1372,20.189017,1
2023-11-30,1008,Suburban,962,21.920423,0
2023-03-30,1009,Suburban,1333,40.504693,1
2022-04-04,1001,Suburban,1120,13.109643,0
2022-06-26,1004,Rural,1009,14.406933,1
2022-10-27,1009,Suburban,1057,33.531672,1
2022-05-20,1008,Urban,1516,20.804232,0
2022-11-03,1010,Urban,1922,14.201509,1
2023-09-20,1001,Urban,1192,8.036953,1
2022-10-09,1007,Rural,1216,28.86152,0
2022-06-21,1006,Urban,1392,4.47331,1
2022-05-25,1008,Rural,753,14.093052,1
2023-02-13,1003,Rural,753,16.173508,0
2023-10-28,1007,Rural,699,21.160729,0
2023-09-04,1009,Urban,1872,29.799717,1
2023-07-05,1008,Rural,584,10.749014,0
2023-03-03,1002,Suburban,195,11.053817,0
2022-08-26,1008,Urban,1105,21.773198,0
2022-06-20,1004,Suburban,1174,17.770019,0
2023-09-13,1010,Urban,94,15.896808,0
2023-05-06,1007,Rural,1250,18.301625,0
2022-06-23,1009,Rural,659,22.764857,0
2022-02-24,1009,Urban,444,22.294285,0
2023-01-30,1001,Urban,1181,12.961921,0
2023-04-24,1008,Urban,1208,12.280531,0
2022-09-04,1004,Suburban,1833,20.942436,1
2023-11-01,1010,Suburban,780,12.162807,0
2022-05-29,1009,Suburban,1389,33.31496,0
2022-06-18,1008,Urban,1701,21.771323,0
2023-08-23,1005,Urban,993,7.420786,0
2023-08-15,1004,Urban,1149,12.031992,0
2023-09-29,1008,Suburban,1335,18.714194,0
2023-07-15,1004,Urban,2468,20.355578,1
2023-09-19,1010,Suburban,1360,15.826212,1
2022-05-17,1005,Rural,1224,9.789535,1
2022-07-31,1010,Suburban,803,11.194577,0
2023-01-24,1009,Suburban,1128,38.897728,1
2023-01-21,1006,Suburban,961,8.173098,0
2022-09-27,1009,Suburban,1988,40.947829,1
2022-11-25,1004,Suburban,945,12.024244,0
2022-04-14,1005,Rural,1160,10.718706,0
2022-08-18,1008,Rural,448,21.440808,0
2022-03-27,1009,Urban,1316,37.27235,0
2022-11-13,1010,Urban,502,10.505014,0
2023-08-09,1004,Rural,810,14.927721,0
2022-08-14,1003,Rural,829,18.803201,0
2022-07-24,1001,Urban,1013,12.569068,0
2022-07-20,1006,Suburban,1120,5.144003,0
2023-07-17,1005,Urban,1094,9.761861,0
2022-11-08,1008,Rural,1009,19.609459,0
2023-06-18,1009,Urban,2347,33.843572,1
2022-10-12,1001,Urban,991,8.024343,0
2022-04-01,1003,Urban,589,18.584036,0
2023-02-19,1004,Rural,618,18.485661,0
2023-03-09,1007,Urban,1537,29.384466,1
2022-10-08,1008,Urban,1404,17.479394,0
2023-06-04,1007,Urban,992,16.244277,0
2023-05-26,1006,Rural,838,9.911473,0
2022-05-31,1007,Urban,981,15.087137,0
2023-02-14,1010,Rural,701,14.025073,1
2022-10-15,1001,Suburban,1885,9.725055,1
2023-03-13,1002,Suburban,1276,8.171923,0
2023-02-13,1010,Suburban,1101,17.811037,1
2022-03-02,1010,Rural,1231,17.309804,1
2022-09-24,1007,Urban,1307,18.51191,0
2023-10-21,1002,Urban,784,9.164051,0
2023-05-25,1009,Rural,550,37.414044,0
2023-08-12,1008,Urban,1898,10.990938,1
2023-08-29,1007,Suburban,739,15.15966,0
2022-07-27,1002,Urban,899,9.465934,0
2022-12-04,1004,Urban,2092,14.126595,1
2022-10-10,1007,Urban,1075,23.088484,0
2022-07-16,1008,Rural,832,14.738299,0
2022-12-20,1005,Suburban,2032,5.196097,1
2022-10-25,1006,Rural,534,8.390934,0
2022-11-02,1007,Suburban,1331,24.972425,0
2022-08-18,1001,Urban,1219,8.199771,0
2022-01-03,1007,Suburban,1122,29.509594,0
2023-09-23,1007,Rural,1315,27.532842,0
2022-08-23,1009,Suburban,1609,42.722066,0
2022-06-11,1010,Urban,1221,12.321566,1
2023-03-06,1008,Suburban,814,20.112643,0
2023-01-17,1007,Urban,1824,24.053101,1
2022-09-17,1007,Suburban,831,24.87668,0
2022-01-23,1001,Suburban,1137,14.158239,0
2023-02-21,1003,Suburban,724,12.897454,0
2022-08-11,1010,Urban,1111,17.024006,1
2023-07-19,1003,Suburban,1078,15.958612,0
2023-04-09,1010,Urban,1695,9.450014,0
2022-12-27,1003,Rural,1262,18.049869,1
2022-01-30,1001,Suburban,756,13.244231,0
2023-11-02,1007,Suburban,1565,24.548322,1
2023-02-12,1001,Suburban,620,12.378441,0
2022-06-13,1006,Urban,1253,6.458323,0
2023-03-05,1001,Urban,2403,12.387872,0
2022-08-03,1010,Suburban,1262,17.150203,1
2022-03-19,1003,Rural,435,11.918352,1
2022-03-31,1007,Suburban,876,17.629235,0
2022-02-22,1001,Urban,810,12.002773,0
2023-11-04,1003,Urban,695,18.454665,0
2022-01-20,1009,Urban,763,44.025941,0
2023-05-20,1006,Suburban,1499,6.328104,1
2023-02-17,1003,Urban,1215,13.426611,0
2023-02-27,1008,Suburban,925,20.576113,0
2023-01-30,1006,Urban,1403,7.78223,0
2022-04-25,1003,Urban,759,13.578193,0
2022-07-04,1008,Urban,1279,17.269214,0
2023-01-11,1003,Suburban,698,12.41022,0
2023-05-17,1006,Suburban,662,9.560292,0
2023-09-27,1007,Rural,757,16.845802,0
2022-05-14,1007,Urban,811,15.218079,0
2022-02-16,1006,Urban,1238,5.254979,0
2023-08-13,1008,Urban,1300,17.83792,0
2023-05-17,1008,Suburban,1272,14.428268,1
2022-12-03,1009,Suburban,1225,24.614448,0
2022-05-05,1005,Urban,1063,8.473536,1
2022-06-28,1008,Suburban,713,14.711023,1
2022-07-15,1007,Urban,1902,26.488851,1
2023-04-06,1008,Urban,1024,17.459838,0
2022-05-08,1007,Urban,2141,29.626909,1
2023-04-10,1001,Rural,1061,13.058442,0
2022-02-21,1003,Urban,1456,11.950176,1
2023-01-16,1001,Suburban,773,9.053511,0
2023-07-18,1003,Urban,1440,13.742926,1
2022-06-24,1002,Urban,1445,6.567526,1
2022-09-03,1004,Suburban,1306,20.601363,0
2022-09-02,1009,Urban,1341,24.973873,0
2023-11-30,1001,Suburban,500,9.011763,0
2022-06-16,1010,Rural,522,16.47421,0
2023-05-28,1007,Urban,1097,18.193836,0
2022-06-15,1002,Rural,317,8.204146,0
2023-01-14,1002,Suburban,1168,6.82546,1
2022-06-08,1005,Urban,1721,6.000618,0
2022-05-25,1009,Rural,433,42.387751,0
2022-06-10,1008,Suburban,858,12.992623,0
2023-09-30,1007,Urban,735,15.326346,0
2022-09-30,1010,Suburban,550,8.611039,0
2022-01-14,1007,Suburban,1344,16.353898,0
2023-01-18,1005,Urban,1067,9.482091,0
2022-11-08,1009,Urban,1344,40.388347,0
2022-03-20,1006,Urban,1137,8.871818,0
2022-07-08,1005,Suburban,1235,11.213324,0
2022-02-08,1007,Suburban,1475,22.286426,1
2022-02-06,1010,Suburban,1340,8.589082,0
2023-03-30,1006,Urban,1081,8.975874,0
2023-09-30,1005,Suburban,1358,5.039387,0
2023-10-10,1001,Urban,1806,11.722961,0
2022-02-08,1006,Suburban,643,5.026953,0
2022-06-02,1001,Suburban,655,11.458699,1
2022-10-20,1005,Urban,678,5.278611,0
2022-01-31,1006,Urban,1868,5.050257,1
2022-03-17,1003,Suburban,1088,13.872432,0
2023-03-29,1001,Urban,885,11.396112,1
2023-10-05,1008,Rural,786,14.755626,0
2022-03-21,1004,Urban,314,18.309241,0
2022-02-28,1001,Urban,2209,11.705725,1
2023-08-29,1001,Suburban,1203,9.822159,0
2023-07-27,1004,Urban,537,23.657694,0
2023-01-08,1005,Urban,853,9.256316,0
2023-06-18,1006,Urban,1697,8.121049,1
2022-11-28,1003,Rural,576,14.38314,1
2022-12-25,1002,Rural,1235,12.786934,0
2022-07-28,1006,Urban,918,5.06901,0
2022-04-09,1004,Rural,778,19.434,0
2022-12-04,1003,Urban,2435,14.772438,1
2023-01-31,1009,Suburban,994,31.89828,0
2022-12-02,1006,Urban,1357,6.821889,0
2023-07-10,1010,Suburban,1051,14.867983,0
2022-03-23,1001,Urban,1382,8.993373,0
2023-10-24,1004,Urban,1862,15.302646,1
2023-09-04,1008,Rural,548,21.452736,0
2023-05-07,1010,Suburban,989,11.952906,0
2022-06-24,1001,Urban,1017,11.31082,1
2022-11-04,1006,Urban,1091,5.356417,0
2023-09-09,1007,Suburban,1082,26.83451,0
2022-04-28,1002,Urban,1412,13.812542,0
2023-11-07,1001,Urban,485,8.505375,1
2023-09-29,1006,Rural,619,8.784431,0
2023-10-07,1007,Urban,834,19.750273,0
2023-07-21,1007,Urban,1178,22.383985,0
2022-01-14,1007,Suburban,738,23.982445,1
2022-03-26,1002,Rural,937,8.733924,0
2023-08-11,1007,Rural,625,28.978911,0
2023-08-20,1004,Suburban,1137,17.644201,0
2022-02-15,1009,Rural,725,32.21927,0
2023-01-06,1008,Urban,909,18.137303,0
2023-04-05,1003,Urban,1377,10.385856,0
2023-11-24,1007,Urban,1165,26.913848,0
2023-08-18,1008,Suburban,867,15.470438,0
2022-01-17,1007,Urban,1269,17.036053,0
2023-04-10,1010,Rural,1324,14.174801,1
2022-02-19,1004,Rural,1022,18.457467,0
2022-08-16,1003,Suburban,1447,16.256611,1
2023-04-10,1003,Urban,1276,15.8084,1
2022-05-12,1008,Urban,1608,21.061675,0
2023-06-20,1007,Suburban,1207,15.150412,0
2022-07-25,1005,Urban,801,10.802828,0
2023-10-09,1008,Urban,1840,14.944915,1
2023-01-30,1008,Urban,1251,17.70624,0
2022-01-03,1009,Suburban,858,44.062549,1
2022-08-12,1004,Rural,337,15.646356,1
2022-03-14,1008,Urban,1544,21.869932,1
2022-06-08,1004,Urban,1609,13.790128,0
2023-06-16,1006,Urban,1044,8.865108,0
2023-11-17,1007,Rural,933,29.268509,0
2022-11-25,1004,Urban,602,16.637538,1
2022-06-17,1010,Suburban,607,11.380524,1
2023-10-03,1004,Rural,631,18.035689,0
2023-05-18,1010,Suburban,1306,10.671192,0
2022-08-01,1004,Rural,702,18.409466,0
2022-04-27,1009,Urban,1028,42.893811,0
2023-07-23,1008,Urban,1569,13.468545,0
2022-09-24,1005,Suburban,1161,10.051351,0
2022-01-23,1002,Rural,1251,10.572355,0
2022-02-06,1009,Urban,1736,42.261713,0
2022-06-09,1009,Suburban,918,31.275567,0
2023-08-26,1005,Urban,1125,10.413248,0
2023-02-02,1010,Urban,1934,13.06098,0
2022-07-15,1008,Suburban,1520,21.983032,0
2022-06-27,1007,Urban,1012,29.535229,1
2023-08-23,1007,Suburban,1166,15.268949,0
2022-01-04,1006,Urban,2157,8.467901,1
2022-05-19,1007,Rural,805,23.320898,0
2022-10-11,1005,Urban,790,8.112331,0
2023-02-19,1007,Urban,1772,27.765516,0
2022-12-12,1001,Urban,988,10.870208,0
2023-04-16,1010,Urban,2326,17.792031,1
2023-07-09,1006,Urban,2516,5.943618,1
2023-09-20,1010,Rural,345,8.38766,0
2022-12-25,1003,Urban,2135,16.313455,1
2023-11-05,1002,Urban,1037,10.002691,0
2022-08-29,1001,Rural,901,12.927219,1
2023-10-14,1010,Urban,1439,13.08505,0
2022-04-19,1005,Rural,883,7.128372,1
2023-09-11,1004,Urban,396,20.644516,0
2022-11-29,1007,Suburban,1557,18.308635,1
2023-08-23,1008,Suburban,1798,12.61508,1
2023-08-19,1009,Rural,1810,40.242303,1
2022-01-26,1001,Urban,547,9.412258,0
2023-08-01,1005,Urban,551,9.312401,0
2022-08-20,1002,Urban,1156,9.933938,0
2023-08-17,1006,Rural,693,7.112393,0
2023-01-14,1001,Rural,776,12.655323,0
2022-10-14,1010,Rural,837,15.108074,0
2023-10-14,1001,Suburban,775,9.301676,0
2022-05-09,1007,Urban,1611,21.971639,1
2022-02-26,1009,Rural,813,32.742951,0
2022-11-27,1002,Suburban,2146,10.851049,1
2023-04-12,1003,Urban,1453,10.573911,0
2022-01-20,1001,Suburban,1550,14.176326,1
2022-02-24,1007,Rural,803,23.572135,0
2023-01-12,1007,Urban,1577,18.300875,1
2022-12-25,1002,Suburban,1022,7.436487,1
2023-01-26,1009,Suburban,1017,43.761113,0
2023-10-08,1005,Suburban,1359,5.042961,0
2022-05-14,1010,Rural,483,13.078517,1
2023-08-20,1003,Suburban,1876,17.549758,1
2023-05-13,1001,Suburban,670,11.745782,0
2022-05-13,1005,Suburban,383,8.01807,0
2022-05-17,1001,Urban,318,9.486704,0
2023-04-02,1001,Urban,1504,9.702145,0
2022-05-12,1008,Suburban,1384,15.429416,0
2023-03-06,1003,Rural,987,17.831495,1
2022-02-02,1006,Suburban,976,5.504729,0
2022-08-09,1002,Urban,1033,7.648253,1
2022-06-26,1007,Urban,565,27.422586,0
2022-04-06,1004,Urban,1582,24.077045,0
2022-04-09,1009,Rural,871,31.116702,0
2022-09-28,1006,Urban,1423,5.095611,0
2023-06-22,1008,Suburban,1462,19.014316,0
2022-01-10,1008,Urban,1211,20.738941,0
2022-04-03,1006,Urban,1207,8.287319,1
2022-08-07,1008,Rural,848,16.57648,0
2022-07-27,1004,Suburban,944,21.431523,1
2022-08-09,1006,Urban,743,7.76482,0
2022-05-03,1002,Rural,596,6.72901,0
2023-04-23,1001,Suburban,1121,13.124228,0
2022-04-18,1008,Suburban,1511,21.230687,0
2023-05-30,1001,Urban,426,10.468912,0
2022-07-17,1005,Urban,2281,7.200717,1
2023-08-15,1010,Suburban,598,12.303265,0
2023-06-02,1007,Suburban,1709,23.599335,1
2023-02-09,1003,Urban,1019,18.379717,0
2022-08-04,1001,Rural,556,11.931314,0
2022-03-08,1010,Urban,1164,11.758831,0
2023-02-06,1005,Rural,795,5.295941,0
2022-01-04,1010,Rural,638,14.924242,0
2022-02-02,1003,Urban,1304,14.340172,0
2023-10-11,1010,Urban,715,13.018366,0
2023-09-26,1002,Urban,1115,13.510698,0
2022-11-25,1003,Suburban,694,15.111658,0
2023-05-28,1007,Suburban,1051,15.272887,0
2023-09-12,1006,Urban,1369,4.009193,0
2022-04-08,1010,Suburban,1589,9.64974,1
2022-07-09,1010,Rural,875,13.834471,0
2022-01-03,1009,Urban,1244,42.164968,1
2022-01-11,1006,Suburban,960,6.496173,0
2022-12-12,1001,Suburban,615,9.929106,0
2023-02-27,1010,Urban,1045,10.488714,0
2023-07-12,1006,Suburban,1760,5.34956,0
2023-08-10,1005,Urban,1121,8.056196,0
2023-08-13,1009,Rural,495,21.986593,0
2022-07-12,1002,Urban,792,7.866333,0
2022-03-20,1010,Rural,674,13.585897,0
2022-11-19,1004,Urban,1505,15.170351,0
2023-01-19,1007,Rural,391,20.90361,1
2023-06-22,1005,Urban,1283,8.112397,1
2023-01-08,1001,Urban,1353,12.011052,0
2023-06-26,1009,Suburban,707,22.225704,0
2023-04-07,1004,Suburban,630,23.509704,0
2022-09-24,1009,Urban,579,20.579842,1
2023-02-22,1003,Suburban,383,15.021986,0
2023-01-22,1008,Rural,1092,15.223033,0
2023-01-09,1004,Suburban,1395,22.299484,1
2023-05-29,1004,Rural,877,18.820173,1
2022-05-11,1010,Rural,912,10.252017,1
2023-06-30,1006,Urban,898,4.346249,0
2022-02-04,1009,Rural,979,37.440883,0
2022-10-05,1007,Rural,775,22.905838,0
2022-11-19,1005,Suburban,815,6.967483,0
2022-06-14,1007,Urban,1228,16.939618,0
2023-07-14,1005,Rural,455,5.989298,0
2023-09-19,1005,Rural,1225,9.079874,1
2023-04-11,1007,Rural,909,29.106214,0
2022-02-24,1008,Suburban,844,19.632415,0
2022-03-07,1004,Urban,2455,19.955459,1
2022-07-29,1003,Rural,735,17.748254,1
2023-02-02,1001,Rural,1007,10.117479,0
2023-03-22,1002,Urban,1315,7.591416,0
2022-05-04,1001,Suburban,1356,10.124659,0
2023-02-08,1005,Urban,1505,7.861683,0
2023-07-16,1004,Rural,788,13.044666,0
2023-05-31,1007,Suburban,278,21.538326,0
2023-09-09,1010,Suburban,802,12.698582,0
2022-10-09,1006,Suburban,1443,8.039518,0
2023-11-04,1005,Suburban,543,8.780737,1
2023-03-23,1003,Suburban,914,12.632927,1
2022-01-27,1007,Suburban,1087,26.96309,0
2022-02-18,1004,Urban,1662,18.336569,1
2023-08-11,1001,Suburban,1262,12.772351,0
2023-09-22,1010,Rural,958,15.170126,1
2022-08-17,1002,Urban,702,12.715982,1
2022-01-07,1002,Urban,2247,7.936662,1
2023-06-06,1006,Urban,790,8.47243,0
2022-06-03,1002,Suburban,849,12.567698,0
2022-08-02,1003,Suburban,1543,10.529589,1
2022-09-08,1006,Rural,847,4.960624,0
2022-05-11,1003,Urban,566,10.976445,0
2022-06-12,1004,Suburban,1612,14.273816,1
2023-02-14,1002,Suburban,769,12.427179,0
2022-11-18,1007,Suburban,676,28.240594,0
2023-07-19,1002,Urban,1231,9.85212,0
2023-10-30,1004,Urban,1607,16.512739,1
2023-08-03,1003,Suburban,2019,15.68228,1
2022-03-09,1006,Suburban,592,8.957549,0
2023-04-12,1004,Suburban,675,14.722659,0
2022-03-02,1005,Urban,1393,11.818539,0
2023-07-05,1001,Rural,965,10.992292,0
2023-05-07,1010,Urban,553,15.635419,1
2023-10-20,1009,Urban,1316,39.207507,0
2022-06-11,1009,Rural,525,25.994885,0
2023-11-30,1007,Rural,959,21.246905,0
2022-12-16,1005,Urban,504,11.325577,0
2023-04-19,1002,Suburban,918,13.578812,0
2023-02-14,1007,Urban,1021,27.167852,0
2023-08-15,1006,Rural,1082,7.613064,1
2023-03-04,1010,Suburban,658,12.195561,1
2023-07-10,1005,Urban,1007,7.439701,0
2023-09-11,1009,Urban,2143,25.332175,1
2022-10-03,1007,Suburban,994,25.702854,0
2022-09-01,1004,Urban,1482,24.996857,0
2023-06-17,1005,Rural,1003,10.616324,0
2023-06-22,1001,Urban,681,11.909529,0
2023-05-01,1001,Suburban,1086,14.110287,0
2023-03-09,1010,Urban,1151,11.191529,0
2022-05-19,1003,Suburban,607,18.579662,0
2022-08-22,1009,Urban,1166,39.478017,0
2022-03-06,1004,Suburban,2491,16.153391,1
2022-12-23,1003,Urban,684,16.02121,0
2022-06-11,1001,Rural,718,8.166898,0
2022-02-06,1004,Rural,753,14.441801,0
2023-09-07,1007,Suburban,975,15.566891,0
2022-04-25,1006,Suburban,1114,4.492823,1
2023-08-27,1004,Urban,2637,22.800181,1
2022-10-13,1007,Urban,1065,17.265794,0
2022-09-21,1003,Suburban,213,10.414112,0
2022-06-16,1005,Urban,991,8.963578,0
2022-11-14,1002,Suburban,704,12.993214,0
2022-12-09,1009,Urban,1688,44.9559,1
2023-03-17,1008,Suburban,1201,10.002747,1
2022-01-04,1008,Suburban,857,10.919763,1
2023-06-25,1010,Urban,2107,16.104923,1
2022-01-27,1003,Rural,588,10.301561,0
2022-05-25,1006,Suburban,725,9.955981,0
2022-05-15,1001,Rural,731,13.864561,0
2023-03-01,1008,Rural,523,20.298149,0
2022-07-09,1007,Urban,960,29.176733,0
2023-03-05,1005,Urban,1199,8.483362,1
2022-01-11,1009,Rural,959,38.459449,0
2023-08-21,1009,Suburban,649,28.608785,0
2023-06-10,1002,Rural,655,13.344183,0
2022-03-26,1010,Rural,1238,13.617032,0
2022-03-15,1001,Urban,933,10.178092,0
2023-08-11,1008,Suburban,1732,18.807394,1
2022-03-28,1002,Suburban,936,6.668217,0
2022-10-22,1003,Urban,1527,10.701206,0
2022-01-16,1009,Suburban,1124,37.019651,0
2022-03-28,1001,Rural,610,8.527912,1
2022-04-16,1008,Urban,2000,13.521006,0
2023-04-24,1006,Urban,1116,9.0991,0
2023-07-02,1006,Urban,1228,4.176821,0
2022-04-14,1004,Suburban,874,16.69314,0
2023-07-24,1009,Suburban,302,26.834859,0
2022-10-14,1002,Urban,1180,8.394072,1
2022-06-11,1010,Urban,1396,8.97284,0
2023-03-04,1006,Rural,621,9.644603,0
2022-12-16,1006,Rural,308,8.294912,0
2023-06-21,1008,Urban,1083,12.710054,0
2023-03-29,1002,Rural,977,9.506606,1
2022-03-04,1001,Urban,1762,12.045854,1
2022-08-02,1001,Urban,1243,11.450873,0
2023-06-09,1007,Urban,511,20.10318,1
2023-10-19,1005,Suburban,1127,9.190544,1
2023-04-21,1010,Urban,1212,12.74817,0
2023-02-26,1010,Suburban,2020,15.490475,1
2023-11-21,1007,Urban,1933,17.281468,0
2022-12-29,1005,Urban,504,6.054242,0
2023-10-29,1004,Urban,936,19.098753,0
2023-02-14,1007,Rural,580,25.336163,0
2022-09-20,1005,Rural,1298,7.177696,1
2023-11-05,1007,Urban,2162,21.242318,1
2023-06-09,1003,Urban,1090,18.044923,0
2022-04-30,1010,Suburban,1665,10.451803,0
2022-02-23,1003,Suburban,803,11.043874,0
2022-02-05,1008,Suburban,1485,16.853727,1
2022-03-18,1005,Suburban,222,8.375814,0
2023-07-22,1004,Urban,1021,18.246166,0
2022-02-24,1010,Rural,643,9.883845,0
2022-06-09,1010,Urban,1001,16.559761,0
2022-06-28,1001,Suburban,1179,14.789321,0
2022-10-21,1006,Suburban,466,9.915502,0
2022-11-06,1001,Suburban,716,11.112364,0
2023-10-29,1010,Urban,298,10.537921,0
2022-09-18,1008,Rural,810,12.801265,0
2022-09-18,1005,Rural,442,6.084713,0
2023-04-05,1003,Urban,1248,11.031287,1
2023-11-16,1008,Urban,828,19.894476,0
2022-12-04,1003,Rural,1165,19.06872,0
2022-11-17,1008,Suburban,1121,12.177734,0
2023-08-09,1010,Rural,596,14.473132,0
2023-02-11,1007,Rural,803,18.509154,0
2023-04-23,1001,Urban,1535,8.762208,0
2023-06-20,1003,Suburban,495,16.329323,1
2022-09-17,1002,Rural,536,6.404447,1
2022-10-16,1007,Suburban,1414,17.109562,0
2022-11-01,1007,Suburban,787,24.96923,0
2023-08-19,1001,Urban,830,13.995721,0
2022-11-04,1003,Rural,1010,13.67903,0
2022-08-20,1009,Urban,357,24.061838,0
2023-10-27,1007,Urban,1137,28.314593,0
2023-08-19,1006,Urban,325,4.195962,0
2022-06-23,1004,Rural,981,18.990166,0
2022-03-16,1009,Suburban,1227,39.115123,0
2023-01-04,1009,Suburban,607,27.524082,0
2023-02-15,1001,Urban,1617,13.785306,0
2022-12-04,1001,Rural,921,9.363187,0
2022-01-09,1001,Urban,1625,11.616802,0
2022-07-15,1010,Urban,1323,14.444133,0
2023-11-14,1005,Suburban,1329,8.326904,0
2023-01-05,1006,Suburban,1169,9.634902,0
2023-03-09,1001,Urban,727,9.633187,1
2023-01-21,1009,Rural,1508,21.884641,1
2022-07-17,1006,Urban,1919,6.946533,1
2023-12-01,1009,Urban,765,43.09905,0
2022-07-06,1005,Suburban,1199,10.11738,0
2023-08-29,1005,Urban,1139,6.639094,0
2022-08-02,1007,Urban,1106,25.707888,0
2023-10-16,1004,Suburban,1373,14.297909,0
2023-11-02,1003,Suburban,1489,12.164573,0
2022-11-30,1001,Suburban,566,11.557248,0
2022-10-20,1002,Rural,543,8.818525,0
2023-02-16,1010,Urban,456,10.377857,0
2022-05-14,1004,Urban,2065,20.890157,1
2023-02-22,1004,Urban,539,19.761552,0
2023-07-31,1002,Urban,2621,6.80579,1
2022-02-26,1006,Rural,1005,8.193762,1
2022-02-26,1009,Suburban,930,31.029515,1
2023-10-25,1006,Urban,1480,8.774515,0
2022-12-02,1009,Urban,1563,20.426577,0
2023-05-20,1003,Rural,542,11.899792,0
2023-03-21,1005,Urban,1232,10.585414,1
2023-04-23,1006,Suburban,938,5.777573,0
2022-12-11,1003,Suburban,1118,11.69218,0
2022-10-10,1002,Urban,830,10.940935,0
2022-07-03,1009,Urban,1036,30.394556,0
2022-12-22,1010,Urban,1575,10.423027,0
2022-09-14,1004,Suburban,1254,15.701811,0
2023-03-08,1005,Urban,621,7.929716,0
2023-05-11,1003,Urban,981,16.273232,0
2022-01-06,1009,Suburban,1540,42.55008,1
2022-06-21,1003,Urban,1533,19.949312,0
2023-06-05,1002,Suburban,1355,8.126764,0
2023-06-22,1004,Suburban,1077,18.25165,0
2023-01-25,1007,Suburban,680,16.679004,0
2023-05-10,1006,Suburban,936,4.927169,0
2023-07-18,1006,Urban,1632,7.447363,1
2023-05-30,1007,Urban,974,23.932216,0
2022-07-04,1005,Urban,654,10.156771,0
2022-12-05,1001,Urban,1543,14.013829,0
2022-01-28,1005,Suburban,799,8.418178,0
2022-03-13,1006,Urban,1800,4.627448,0
2023-09-22,1006,Rural,706,8.568886,0
2023-06-22,1005,Urban,434,6.422928,0
2022-08-10,1001,Suburban,1674,12.999594,1
2023-05-04,1001,Urban,889,14.069674,0
2023-09-05,1002,Urban,857,10.908105,1
2022-04-04,1008,Suburban,1165,19.847465,0
2022-08-04,1009,Suburban,1129,32.044964,0
2022-05-03,1005,Urban,833,8.782747,0
2022-05-17,1004,Urban,858,17.028879,0
2023-07-02,1001,Suburban,675,10.689492,0
2022-08-22,1002,Suburban,958,13.294788,0
2022-04-19,1005,Urban,1065,9.914456,0
2022-08-30,1007,Suburban,1250,20.01801,0
2022-01-07,1008,Suburban,1762,18.000289,1
2023-04-01,1005,Suburban,1372,6.612657,0
2023-09-20,1010,Suburban,873,15.1653,0
2023-07-06,1004,Suburban,1290,20.031687,1
2023-07-21,1005,Rural,992,5.609455,0
2023-06-03,1003,Rural,1119,10.002225,0
2023-04-01,1007,Rural,755,18.194356,0
2022-05-14,1001,Urban,1024,10.923144,0
2022-05-02,1010,Suburban,1160,15.646487,0
2022-06-01,1002,Urban,592,11.85166,0
2023-06-17,1006,Rural,314,8.898019,0
2023-05-09,1005,Suburban,1439,8.396345,1
2022-11-30,1007,Rural,721,23.72498,1
2023-09-19,1005,Suburban,1575,5.64561,1
2022-10-24,1010,Urban,1421,14.63856,0
2022-05-11,1009,Urban,1568,35.399317,1
2022-04-19,1010,Urban,590,11.157186,0
2023-05-24,1004,Suburban,1434,21.340478,1
2023-10-26,1001,Urban,834,9.52866,0
2022-06-20,1005,Suburban,477,8.315382,0
2023-03-10,1001,Suburban,404,12.58201,0
2022-04-18,1009,Rural,444,35.115161,1
2023-03-22,1003,Urban,1254,16.459691,0
2023-04-15,1001,Urban,1911,11.484508,1
2022-08-01,1009,Suburban,1137,43.670905,0
2023-02-07,1001,Rural,1261,12.248822,1
2022-10-31,1004,Suburban,619,16.235562,1
2023-03-25,1005,Rural,425,11.155864,0
2022-04-28,1003,Urban,1162,19.014413,1
2023-05-18,1005,Suburban,1030,11.546991,0
2023-07-09,1009,Urban,1519,41.458304,1
2022-08-13,1004,Rural,1013,22.049726,0
2023-08-08,1003,Urban,1411,17.688105,0
2022-01-24,1005,Suburban,972,8.659902,0
2023-03-13,1007,Suburban,1089,15.758123,1
2022-01-08,1001,Rural,686,12.483597,0
2023-02-21,1008,Urban,824,13.643795,1
2022-05-22,1004,Urban,732,23.298643,0
2023-05-16,1003,Urban,562,16.270977,0
2022-02-09,1001,Rural,851,13.339193,1
2022-11-28,1004,Rural,687,21.535028,0
2022-09-07,1010,Rural,340,10.796487,0
2022-01-21,1006,Urban,1622,7.574154,1
2023-07-29,1005,Suburban,598,7.716569,0
2022-01-24,1005,Rural,848,11.470192,1
2022-08-05,1007,Rural,578,19.765791,0
2023-08-29,1007,Urban,1259,21.71045,1
2022-08-06,1009,Suburban,1252,21.651359,0
2023-08-15,1009,Urban,1137,43.191146,1
2023-02-26,1006,Suburban,1246,6.666323,0
2023-07-02,1005,Urban,1255,5.744205,0
2022-10-19,1005,Suburban,1404,8.99629,1
2022-04-21,1009,Suburban,1201,25.294552,1
2022-08-03,1001,Urban,1029,11.827606,1
2022-07-22,1001,Suburban,1021,12.469554,0
2022-07-22,1006,Urban,778,5.501828,0
2022-02-23,1001,Urban,2370,13.050912,1
2022-01-06,1001,Suburban,1092,10.235154,0
2023-06-06,1006,Urban,1288,4.480049,0
2022-05-15,1008,Suburban,1206,15.143666,0
2023-08-25,1002,Rural,1060,8.797147,0
2022-02-22,1009,Rural,1115,36.407944,1
2023-11-17,1001,Rural,503,8.71691,0
2023-11-19,1010,Suburban,1267,17.311266,0
2023-11-30,1010,Suburban,1114,8.658651,0
2023-09-30,1005,Urban,1304,9.72032,1
2022-11-20,1003,Suburban,2050,15.034387,1
2023-03-22,1002,Suburban,1374,7.607267,0
2023-09-25,1008,Urban,1852,16.365857,0
2023-05-27,1001,Suburban,2473,13.688531,1
2023-02-24,1009,Suburban,1249,22.049671,1
2022-01-22,1005,Suburban,1300,7.941862,0
2022-10-17,1007,Urban,2195,22.822831,1
2023-10-22,1009,Suburban,1681,38.394039,1
2023-07-12,1007,Rural,589,26.627991,0
2023-09-30,1004,Suburban,536,23.590052,0
2022-05-05,1001,Urban,1558,11.973956,0
2023-01-24,1007,Rural,50,27.436908,1
2023-08-20,1001,Urban,1854,9.570598,0
2022-02-25,1009,Urban,684,36.120871,0
2023-05-11,1001,Urban,1558,10.62398,1
2022-05-05,1007,Urban,520,19.472789,0
2022-07-07,1003,Urban,1552,17.952307,0
2022-08-16,1008,Urban,329,17.258346,1
2022-12-01,1003,Suburban,483,15.498828,1
2023-09-30,1002,Suburban,1490,11.840496,1
2023-10-22,1008,Suburban,2307,14.850633,1
2022-02-03,1005,Urban,1059,6.04773,1
2022-05-21,1001,Urban,1181,13.001302,0
2023-10-21,1009,Urban,949,32.068888,0
2022-08-06,1006,Urban,1448,9.446846,0
2023-05-27,1009,Suburban,1347,39.992811,1
2022-05-08,1005,Suburban,1066,8.193983,0
2023-05-31,1004,Urban,1100,23.468277,0
2022-07-09,1005,Urban,964,7.295055,0
2022-05-31,1001,Suburban,444,8.189155,0
2023-07-28,1008,Suburban,816,17.685008,0
2022-03-24,1008,Suburban,1412,14.20583,1
2022-06-08,1001,Urban,1935,13.399731,1
2023-02-23,1009,Rural,674,26.712682,0
2023-09-10,1004,Urban,1542,12.786275,0
2022-01-28,1002,Urban,698,9.907384,0
2023-02-22,1001,Suburban,1775,14.389799,1
2023-01-12,1005,Urban,1797,9.719065,0
2022-07-27,1006,Suburban,1225,9.904241,0
2023-02-23,1009,Urban,1312,30.671686,0
2022-05-22,1006,Suburban,638,9.050684,0
2023-02-01,1007,Urban,1613,21.346614,0
2022-09-07,1003,Urban,1949,13.384916,0
2023-07-03,1004,Suburban,1054,12.204827,0
2022-10-01,1005,Urban,1445,8.942346,0
2023-05-06,1002,Urban,1708,11.347161,0
2023-08-16,1001,Suburban,1409,11.285551,1
2023-11-09,1008,Urban,826,16.800176,1
2023-04-24,1010,Rural,1282,10.089147,0
2022-09-03,1008,Suburban,1671,21.243751,1
2023-01-10,1004,Urban,1098,17.912106,0
2023-01-22,1007,Urban,1422,26.464241,0
2023-05-19,1010,Suburban,383,16.801131,0
2023-01-06,1010,Urban,1627,13.540856,1
2022-08-24,1005,Suburban,905,8.031159,1
2022-06-21,1009,Urban,972,41.600001,0
2022-03-22,1003,Suburban,691,15.343247,0
2022-10-10,1003,Suburban,663,14.753597,1
2023-01-02,1008,Suburban,1220,17.160677,0
2023-03-17,1007,Urban,2074,29.245312,1
2022-03-05,1009,Rural,582,43.876959,0
2023-06-06,1010,Rural,735,13.467777,0
2023-08-02,1003,Urban,721,19.838983,0
2023-05-14,1007,Suburban,1315,19.178912,1
2023-11-04,1009,Suburban,1277,25.18742,0
2023-10-20,1003,Urban,518,12.959049,0
2023-10-20,1002,Urban,1294,11.358571,1
2023-10-25,1003,Rural,909,15.97564,0
2022-09-30,1010,Urban,855,16.193108,1
2022-09-13,1010,Rural,813,17.975875,0
2023-06-06,1002,Suburban,1057,6.724127,0
2022-11-20,1007,Suburban,1046,19.866317,0
2022-05-03,1010,Rural,1342,12.198025,1
2023-03-28,1004,Urban,1439,13.543115,0
2022-04-18,1006,Rural,632,4.225029,0
2022-06-11,1008,Suburban,764,11.216705,0
2022-02-12,1002,Suburban,1105,9.519285,0
2023-01-08,1003,Suburban,1190,15.697819,0
2023-09-14,1004,Urban,1024,15.735554,0
2023-06-04,1007,Rural,655,20.711472,0
2022-01-20,1010,Rural,435,16.980733,0
2023-02-17,1001,Rural,503,9.313308,0
2022-07-13,1010,Suburban,1202,10.074443,0
2022-06-17,1001,Suburban,1533,8.964838,1
2022-12-09,1010,Rural,967,16.574657,0
2022-04-20,1008,Suburban,1952,16.435186,1
2022-09-02,1002,Urban,1358,8.704772,1
2022-08-31,1002,Suburban,1631,11.892823,1
2023-04-17,1005,Rural,429,5.385631,0
2022-06-15,1005,Urban,1327,7.02766,0
2023-01-28,1002,Suburban,1500,7.332857,1
2023-05-28,1009,Suburban,1070,40.94081,0
2023-06-24,1001,Urban,1145,13.552012,0
2023-11-17,1003,Urban,1272,15.428214,0
2023-07-11,1001,Rural,826,12.186299,0
2022-10-18,1007,Rural,946,16.226418,1
2023-08-30,1007,Rural,515,25.947604,0
2023-11-20,1003,Rural,386,17.559024,0
2022-06-14,1001,Suburban,1536,11.506608,1
2022-01-31,1002,Rural,143,11.896785,0
2023-02-10,1002,Urban,1539,13.693687,1
2022-09-14,1002,Suburban,289,10.335377,0
2023-06-01,1007,Urban,657,21.532893,0
2022-07-19,1008,Suburban,1031,15.206406,0
2023-01-31,1002,Urban,605,12.290015,1
2022-03-14,1007,Suburban,995,25.629928,0
2022-01-26,1010,Urban,1499,8.212651,0
2022-09-22,1006,Urban,716,5.290176,0
2022-10-21,1005,Suburban,1266,11.773128,1
2022-05-12,1002,Urban,1291,12.713888,1
2023-08-26,1005,Rural,1203,8.506856,1
2023-10-23,1004,Urban,1695,16.6486,0
2023-01-23,1001,Urban,1413,10.580974,0
2022-02-23,1003,Suburban,919,13.167035,0
2022-12-23,1010,Suburban,1366,10.927023,0
2023-11-30,1003,Urban,1448,15.198951,0
2022-01-14,1003,Suburban,1094,13.288719,1
2023-07-14,1001,Urban,1799,11.261924,1
2022-11-04,1003,Suburban,503,10.386803,0
2022-12-14,1005,Urban,634,9.199112,0
2023-01-20,1005,Suburban,776,11.902187,0
2023-02-14,1002,Urban,1340,12.111523,0
2022-04-30,1009,Suburban,1531,40.525442,0
2022-07-29,1009,Suburban,812,31.368813,0
2022-08-21,1004,Urban,952,12.603889,0
2022-03-23,1004,Urban,1639,19.740679,1
2023-02-18,1003,Urban,1033,13.949483,0
2022-09-15,1004,Suburban,1073,23.647958,0
2023-02-18,1001,Urban,2020,13.319095,1
2022-02-19,1010,Suburban,1269,14.938716,0
2023-06-07,1003,Suburban,1475,16.010847,1
2022-07-28,1002,Urban,1187,7.284093,0
2023-01-25,1009,Urban,2181,22.903144,1
2022-08-29,1005,Suburban,833,7.856236,0
2023-06-16,1002,Rural,721,11.770006,0
2022-08-16,1004,Suburban,1118,20.295787,0
2022-09-12,1009,Urban,1040,29.566565,0
2023-10-31,1005,Suburban,895,9.764441,0
2023-06-22,1010,Rural,1355,8.712523,1
2022-09-02,1006,Suburban,975,7.347768,0
2023-06-24,1003,Urban,1377,16.254247,0
2022-06-06,1005,Suburban,652,7.880485,0
2022-09-21,1002,Urban,481,7.847409,1
2022-05-23,1003,Urban,1242,18.175049,0
2022-10-26,1009,Urban,898,20.958626,0
2023-11-22,1002,Urban,2147,8.191637,1
2023-07-20,1010,Urban,933,16.828842,0
2023-07-26,1010,Urban,1825,15.802396,1
2022-01-05,1004,Urban,1739,22.036034,1
2023-05-11,1003,Suburban,396,17.736286,0
2022-03-07,1010,Suburban,914,8.851959,0
2022-09-23,1001,Rural,429,9.981949,0
2023-10-14,1001,Rural,659,13.079683,0
2022-01-13,1003,Urban,826,15.993305,0
2022-01-17,1009,Urban,1192,33.122434,0
2022-02-01,1009,Urban,1285,20.17093,0
2023-08-03,1008,Rural,1047,12.330488,1
2022-03-10,1009,Suburban,991,39.496881,0
2023-10-26,1007,Suburban,1306,20.626641,0
2023-05-07,1003,Suburban,2137,14.605869,1
2022-01-19,1002,Suburban,1083,9.42645,1
2022-09-30,1010,Urban,1598,10.913191,0
2022-02-27,1002,Urban,1509,10.493063,0
2022-11-05,1008,Rural,990,20.824261,1
2022-03-02,1002,Urban,1555,11.952683,0
2023-05-15,1006,Urban,524,5.801856,0
2023-06-20,1006,Urban,1418,7.875599,1
2023-03-19,1005,Urban,1945,8.715384,1
2022-11-30,1003,Urban,1694,11.405521,1
2022-01-17,1006,Urban,883,7.402089,1
2022-02-02,1008,Suburban,1402,11.153324,1
2022-05-06,1002,Urban,1128,6.581088,0
2022-10-19,1006,Urban,3039,4.4849,1
2023-08-29,1009,Urban,918,25.860834,0
2022-10-08,1007,Urban,1280,28.338059,0
2023-06-02,1003,Urban,1091,16.603734,0
2022-12-02,1004,Urban,1346,24.34851,0
2023-04-25,1001,Urban,1414,13.209044,0
2023-08-24,1002,Suburban,1045,9.038856,0
2023-09-02,1010,Urban,2535,13.574867,1
2023-03-12,1008,Urban,1017,17.731724,0
2023-04-23,1004,Suburban,821,23.750148,0
2022-01-11,1002,Rural,1400,9.465597,1
2022-01-13,1002,Urban,901,11.120364,0
2023-02-05,1003,Urban,1812,13.220226,1
2022-12-30,1007,Urban,1529,25.810534,0
2023-11-26,1001,Rural,1082,11.652114,0
2022-04-28,1007,Urban,1467,25.554238,0
2023-04-27,1005,Suburban,1083,10.501305,0
2023-03-17,1009,Urban,1142,41.408834,0
2023-08-14,1003,Urban,780,18.950283,0
2023-11-07,1008,Urban,1198,15.904711,0
2022-03-29,1007,Urban,1515,15.549728,1
2022-08-13,1007,Suburban,1222,29.896122,0
2022-11-19,1006,Urban,1122,9.772918,1
2022-09-28,1010,Urban,1447,11.977752,1
2023-08-01,1001,Rural,1239,12.974428,0
2022-06-10,1006,Urban,1126,9.242345,0
2022-09-25,1010,Suburban,1212,11.817401,0
2022-03-30,1005,Rural,892,8.195694,0
2023-02-19,1006,Urban,1393,9.154876,1
2023-06-14,1005,Urban,553,5.874905,0
2023-04-28,1008,Urban,1041,21.224868,0
2022-08-21,1004,Urban,1477,17.749239,1
2023-05-23,1003,Rural,643,12.172576,0
2022-01-05,1001,Urban,2071,8.886981,1
2023-01-20,1007,Urban,596,28.866443,0
2022-01-08,1002,Suburban,1732,7.25839,1
2023-03-01,1002,Urban,1173,6.96835,0
2022-06-03,1003,Urban,1675,16.480476,1
2022-10-25,1005,Urban,807,11.434055,0
2023-08-27,1004,Suburban,1467,20.244708,0
2023-08-14,1010,Suburban,962,10.82247,0
2022-10-10,1010,Rural,1042,10.518599,1
2022-11-12,1005,Urban,1153,5.734007,0
2022-12-18,1010,Suburban,1439,14.855745,0
2022-12-23,1006,Urban,1220,4.778827,0
2023-02-20,1009,Rural,1271,40.614361,1
2022-05-09,1006,Rural,1295,4.246527,1
2023-05-14,1008,Urban,887,14.32216,1
2023-02-20,1003,Urban,1866,12.071537,1
2022-02-12,1002,Rural,1231,8.597985,0
2023-08-02,1002,Rural,121,7.67362,0
2023-03-04,1005,Rural,825,7.468199,0
2023-06-06,1001,Urban,684,12.674838,1
2022-03-26,1007,Urban,1430,22.201312,0
2022-07-10,1007,Rural,922,18.155657,0
2022-09-03,1006,Rural,878,7.566012,1
2023-08-19,1008,Urban,1634,15.25052,0
2023-03-12,1003,Urban,2153,16.8786,1
2022-09-14,1001,Urban,751,8.31277,0
2023-10-31,1007,Suburban,1404,18.088078,0
2023-03-19,1007,Urban,1608,26.496066,0
2022-10-19,1010,Rural,1238,10.851828,1
2023-11-11,1001,Urban,369,12.60939,0
2022-07-10,1002,Urban,776,6.424874,0
2022-02-21,1010,Rural,289,12.953204,0
2022-05-10,1002,Suburban,766,10.083932,1
2023-02-28,1006,Urban,998,8.678456,0
2022-09-23,1004,Suburban,614,24.701124,0
2022-03-08,1006,Suburban,1017,8.970404,0
2023-11-30,1006,Urban,1713,6.176063,1
2023-05-02,1008,Urban,1463,20.685265,0
2023-02-28,1009,Urban,1998,29.040469,1
2022-01-21,1009,Rural,678,25.851976,1
2023-06-20,1008,Urban,974,16.304434,0
2023-02-15,1008,Urban,1158,14.640447,0
2022-03-31,1004,Urban,1055,17.817555,1
2022-08-15,1002,Rural,571,12.864409,0
2023-06-10,1006,Urban,1342,8.636041,0
2022-09-05,1007,Suburban,762,22.964492,0
2022-10-16,1003,Rural,1139,19.348239,1
2022-04-12,1001,Suburban,1232,9.26009,0
2022-08-17,1007,Rural,1122,21.689215,1
2023-02-08,1005,Urban,950,11.847153,0
2023-11-10,1001,Rural,732,12.435048,0
2022-07-04,1008,Urban,1215,17.490249,1
2022-02-16,1001,Suburban,1428,13.002606,1
2023-09-17,1007,Urban,1333,24.649093,1
2022-09-07,1004,Suburban,1381,17.890479,1
2022-10-25,1010,Urban,1532,11.147551,0
2023-03-31,1007,Urban,829,25.028522,0
2023-01-12,1008,Suburban,1076,15.400787,0
2023-11-07,1010,Suburban,518,16.147174,0
2023-09-23,1005,Rural,779,8.569271,1
2023-04-11,1007,Urban,1058,16.137752,0
2023-09-25,1004,Rural,422,12.123106,0
2023-06-19,1005,Suburban,945,10.887851,0
2022-08-19,1001,Urban,1322,8.20191,1
2022-01-17,1002,Urban,1549,9.253187,0
2023-08-02,1010,Suburban,886,17.49317,0
2023-05-03,1002,Suburban,985,7.83405,0
2023-04-30,1002,Urban,1760,6.41179,0
2023-09-15,1008,Suburban,1737,11.113795,1
2022-01-27,1010,Urban,599,12.793348,0
2023-01-14,1005,Rural,528,7.615045,0
2022-03-15,1005,Suburban,373,8.076178,0
2022-10-04,1006,Rural,785,8.063988,0
2022-06-09,1005,Urban,1348,10.202607,0
2022-10-07,1001,Suburban,399,9.432421,0
2023-11-13,1002,Urban,1749,11.730881,1
2023-08-21,1007,Suburban,735,18.747367,0
2023-08-06,1001,Rural,841,14.829839,0
2023-02-01,1008,Urban,709,16.399938,0
2023-01-20,1002,Suburban,921,11.912957,0
2022-09-04,1009,Urban,1802,22.863148,0
2023-06-26,1002,Rural,480,6.912213,0
2022-10-24,1006,Urban,2754,8.113902,1
2022-11-11,1002,Urban,1563,9.444271,1
2022-10-28,1010,Rural,773,9.384771,0
2022-02-22,1006,Rural,515,9.780041,0
2022-11-23,1010,Suburban,571,12.759772,0
2022-01-22,1001,Urban,668,14.611521,0
2022-10-12,1001,Rural,866,9.385007,0
2022-04-12,1007,Suburban,1289,22.161136,0
2023-06-09,1010,Suburban,1169,9.290403,0
2022-01-28,1004,Urban,1828,18.745735,1
2023-03-28,1001,Suburban,973,11.037831,0
2022-03-21,1002,Rural,288,10.850521,0
2023-07-14,1005,Suburban,1364,9.485158,0
2023-05-28,1008,Rural,474,19.202185,0
2022-01-15,1009,Rural,1178,36.952609,0
2022-01-05,1006,Urban,1241,5.463429,0
2022-04-26,1004,Suburban,842,20.941876,0
2023-11-20,1003,Suburban,1379,19.28238,1
2023-01-22,1010,Rural,928,17.974957,1
2022-05-21,1003,Suburban,1123,18.517382,0
2022-12-15,1002,Rural,770,12.584498,0
2022-07-25,1004,Urban,1760,15.12989,0
2023-05-03,1002,Urban,1520,11.29352,0
2022-08-17,1005,Suburban,1119,7.635976,1
2022-09-15,1002,Suburban,1517,9.460118,1
2023-10-26,1007,Suburban,703,21.711951,0
2022-10-07,1005,Suburban,1566,10.089911,0
2022-01-05,1002,Urban,2185,12.416998,1
2022-11-14,1005,Suburban,1051,9.312813,0
2023-01-14,1009,Rural,572,30.862808,1
2023-02-03,1001,Rural,985,9.671553,0
2022-10-06,1008,Urban,1698,13.729532,1
2023-10-14,1004,Urban,1176,14.967027,0
2023-01-28,1001,Rural,769,14.61576,1
2022-01-04,1006,Urban,1010,5.715129,0
2023-09-30,1010,Urban,820,14.408136,0
2022-03-28,1002,Suburban,1163,10.95153,1
2022-06-28,1005,Urban,1643,9.925239,0
2022-03-16,1005,Suburban,708,7.49536,0
2022-01-23,1006,Urban,1226,6.91353,0
2022-02-01,1010,Suburban,809,9.254549,0
2022-10-15,1005,Urban,1977,9.073195,0
2022-09-24,1009,Urban,1314,27.62099,0
2022-07-11,1010,Urban,1335,8.832447,0
2023-11-23,1009,Urban,775,36.517558,0
2023-05-28,1009,Suburban,911,21.594348,0
2022-04-28,1008,Suburban,1323,10.784369,1
2023-04-10,1010,Suburban,1131,13.324006,0
2023-02-04,1003,Urban,1856,10.212668,0
2022-04-22,1007,Suburban,829,21.83624,0
2022-07-25,1006,Urban,995,5.92694,0
2022-11-19,1001,Suburban,530,10.217795,1
2022-04-10,1005,Urban,1901,6.887942,0
2023-09-21,1010,Suburban,1315,14.37953,1
2023-09-28,1001,Urban,1490,9.97669,0
2022-12-20,1006,Urban,1369,4.146395,0
2023-01-25,1001,Suburban,933,10.79818,1
2022-05-06,1009,Urban,1164,37.820437,0
2022-06-15,1008,Rural,908,12.97614,0
2022-07-27,1009,Suburban,830,40.41106,0
2023-05-24,1009,Urban,622,32.815056,1
2023-08-25,1009,Urban,596,32.004775,0
2023-03-16,1001,Rural,604,12.14752,1
2022-01-11,1003,Urban,475,19.284958,0
2022-08-10,1004,Suburban,639,17.165354,0
2022-02-06,1010,Urban,1506,16.475549,1
2022-09-02,1002,Urban,1628,12.927751,0
2022-03-31,1004,Urban,1230,18.541009,0
2022-01-27,1010,Urban,924,14.981856,0
2023-11-24,1009,Suburban,722,23.235111,1
2023-01-17,1001,Urban,1832,14.011919,0
2023-08-12,1009,Urban,950,20.47334,0
2023-07-09,1001,Rural,1011,10.232865,1
2022-02-02,1001,Urban,1006,14.830598,0
2022-12-01,1010,Urban,635,11.289412,0
2022-02-23,1007,Rural,929,22.742891,0
2023-08-23,1007,Rural,1454,23.411136,1
2023-11-09,1008,Urban,1531,19.786638,0
2022-03-01,1010,Urban,1394,13.085351,1
2023-11-30,1004,Rural,712,19.488529,0
2023-11-25,1006,Urban,863,4.038395,0
2023-02-23,1009,Suburban,854,28.834998,0
2023-09-05,1008,Urban,945,11.213099,1
2023-08-18,1005,Rural,936,6.15501,0
2022-04-17,1001,Urban,347,10.226133,0
2023-06-12,1006,Suburban,1636,5.81679,1
2023-04-16,1006,Suburban,1260,8.200927,1
2023-05-25,1008,Suburban,329,19.258223,0
2022-01-09,1007,Urban,1286,29.204245,0
2022-08-28,1006,Urban,1795,4.142711,0
2023-11-08,1001,Suburban,1716,10.243506,1
2022-04-23,1009,Suburban,1234,22.997936,0
2022-02-24,1004,Rural,1238,21.541434,1
2022-05-08,1007,Urban,1748,20.68856,1
2022-06-23,1009,Urban,1241,22.82496,0
2022-10-05,1001,Rural,1304,12.179994,1
2022-05-26,1006,Urban,1294,6.033276,0
2023-05-08,1006,Suburban,1336,4.01174,0
2023-06-28,1004,Suburban,1320,14.317365,0
2022-06-24,1010,Suburban,797,16.050497,1
2022-03-08,1004,Rural,822,16.038661,0
2023-01-08,1002,Urban,1434,6.745988,0
2023-07-06,1002,Suburban,1143,6.423869,0
2023-06-30,1009,Urban,1115,23.553601,0
2023-09-30,1004,Urban,1964,17.683318,1
2023-09-11,1007,Rural,483,29.102377,0
2022-06-18,1007,Suburban,963,26.479093,0
2023-05-31,1002,Urban,929,10.465905,0
2023-05-27,1002,Suburban,1238,12.660163,0
2022-10-30,1007,Suburban,1366,28.656414,0
2023-05-04,1002,Suburban,720,7.350981,0
2023-11-06,1001,Suburban,1302,14.890265,0
2022-03-23,1009,Suburban,2023,28.186703,1
2022-03-31,1004,Rural,823,24.570438,0
2023-05-04,1010,Urban,1045,11.643958,1
2022-01-09,1008,Rural,862,15.991794,0
2022-12-01,1007,Rural,824,23.101655,0
2023-06-10,1004,Urban,1988,12.973433,0
2022-09-10,1006,Urban,2140,9.829898,1
2023-09-29,1004,Suburban,1098,24.528373,0
2022-09-29,1010,Rural,734,9.225277,0
2022-04-30,1007,Suburban,1012,15.007439,0
2023-01-25,1010,Urban,849,8.164563,0
2022-10-02,1010,Rural,870,12.695751,0
2023-06-11,1009,Suburban,1325,27.942578,1
2022-05-09,1005,Rural,424,10.80672,0
2022-06-23,1003,Urban,1006,14.47096,0
2022-05-15,1007,Rural,1231,15.41855,1
2022-10-12,1006,Urban,1369,6.346733,1
2023-01-10,1006,Urban,1515,5.025,0
2022-07-19,1008,Urban,1548,15.885398,1
2023-01-06,1008,Suburban,592,21.371837,0
2022-09-14,1010,Suburban,1312,9.032717,1
2023-09-21,1007,Urban,1541,22.305725,0
2022-03-16,1004,Urban,2262,17.024143,1
2022-12-21,1008,Urban,1655,10.221461,0
2023-04-16,1007,Urban,1201,23.8606,0
2023-06-12,1006,Suburban,970,7.097,0
2022-12-20,1004,Suburban,2009,20.523351,1
2023-06-20,1010,Urban,1209,13.054834,0
2023-06-17,1009,Urban,1052,43.688546,0
2023-04-15,1004,Rural,1000,13.941018,0
2023-01-12,1007,Urban,1980,22.857623,1
2022-01-11,1008,Urban,1035,10.487428,0
2023-07-30,1003,Suburban,579,15.143985,0
2023-10-12,1006,Urban,1578,8.212719,0
2023-04-15,1001,Urban,1580,11.598974,0
2022-06-26,1010,Rural,418,13.18298,0
2022-02-04,1007,Urban,1219,24.506595,0
2022-09-09,1005,Suburban,1889,6.294704,1
2022-08-13,1006,Suburban,1859,6.740771,1
2022-07-16,1001,Suburban,997,10.780215,0
2022-10-17,1002,Urban,1653,10.174196,0
2022-08-30,1008,Urban,2066,16.403713,1
2023-06-21,1010,Suburban,1023,17.083162,0
2023-07-18,1002,Suburban,1517,6.262725,0
2023-04-02,1007,Urban,995,19.319462,0
2023-03-05,1003,Urban,1223,10.701926,1
2023-01-30,1003,Rural,774,17.421657,0
2022-04-25,1001,Urban,847,11.725929,0
2023-02-04,1001,Rural,671,14.710732,0
